[0.087s] [34mcolcon[0m [1;30mDEBUG[0m [32mCommand line arguments: ['/home/kkkk/miniconda3/envs/ikpy/bin/colcon', 'build', '--cmake-args', '-DCMAKE_BUILD_TYPE=Release', '-DCMAKE_EXPORT_COMPILE_COMMANDS=ON'][0m
[0.087s] [34mcolcon[0m [1;30mDEBUG[0m [32mParsed command line arguments: Namespace(log_base=None, log_level=None, verb_name='build', build_base='build', install_base='install', merge_install=False, symlink_install=False, test_result_base=None, continue_on_error=False, executor='parallel', parallel_workers=16, event_handlers=None, ignore_user_meta=False, metas=['./colcon.meta'], base_paths=['.'], packages_ignore=None, packages_ignore_regex=None, paths=None, packages_up_to=None, packages_up_to_regex=None, packages_above=None, packages_above_and_dependencies=None, packages_above_depth=None, packages_select_by_dep=None, packages_skip_by_dep=None, packages_skip_up_to=None, packages_select_build_failed=False, packages_skip_build_finished=False, packages_select_test_failures=False, packages_skip_test_passed=False, packages_select=None, packages_skip=None, packages_select_regex=None, packages_skip_regex=None, packages_start=None, packages_end=None, cmake_args=['-DCMAKE_BUILD_TYPE=Release', '-DCMAKE_EXPORT_COMPILE_COMMANDS=ON'], cmake_target=None, cmake_target_skip_unavailable=False, cmake_clean_cache=False, cmake_clean_first=False, cmake_force_configure=False, ament_cmake_args=None, catkin_cmake_args=None, catkin_skip_building_tests=False, verb_parser=<colcon_defaults.argument_parser.defaults.DefaultArgumentsDecorator object at 0x7fa5061ef6d0>, verb_extension=<colcon_core.verb.build.BuildVerb object at 0x7fa5061ef130>, main=<bound method BuildVerb.main of <colcon_core.verb.build.BuildVerb object at 0x7fa5061ef130>>)[0m
[0.108s] [34mcolcon.colcon_core.package_discovery[0m [1;30mLevel 1[0m discover_packages(colcon_meta) check parameters
[0.108s] [34mcolcon.colcon_core.package_discovery[0m [1;30mLevel 1[0m discover_packages(recursive) check parameters
[0.108s] [34mcolcon.colcon_core.package_discovery[0m [1;30mLevel 1[0m discover_packages(ignore) check parameters
[0.108s] [34mcolcon.colcon_core.package_discovery[0m [1;30mLevel 1[0m discover_packages(path) check parameters
[0.108s] [34mcolcon.colcon_core.package_discovery[0m [1;30mLevel 1[0m discover_packages(colcon_meta) discover
[0.108s] [34mcolcon.colcon_core.package_discovery[0m [1;30mLevel 1[0m discover_packages(recursive) discover
[0.108s] [34mcolcon.colcon_core.package_discovery[0m [1;30mINFO[0m Crawling recursively for packages in '/home/kkkk/bxi_arm_v2'
[0.108s] [34mcolcon.colcon_core.package_identification[0m [1;30mLevel 1[0m _identify(.) by extensions ['ignore', 'ignore_ament_install']
[0.108s] [34mcolcon.colcon_core.package_identification[0m [1;30mLevel 1[0m _identify(.) by extension 'ignore'
[0.108s] [34mcolcon.colcon_core.package_identification[0m [1;30mLevel 1[0m _identify(.) by extension 'ignore_ament_install'
[0.108s] [34mcolcon.colcon_core.package_identification[0m [1;30mLevel 1[0m _identify(.) by extensions ['colcon_pkg']
[0.108s] [34mcolcon.colcon_core.package_identification[0m [1;30mLevel 1[0m _identify(.) by extension 'colcon_pkg'
[0.108s] [34mcolcon.colcon_core.package_identification[0m [1;30mLevel 1[0m _identify(.) by extensions ['colcon_meta']
[0.108s] [34mcolcon.colcon_core.package_identification[0m [1;30mLevel 1[0m _identify(.) by extension 'colcon_meta'
[0.108s] [34mcolcon.colcon_core.package_identification[0m [1;30mLevel 1[0m _identify(.) by extensions ['ros']
[0.108s] [34mcolcon.colcon_core.package_identification[0m [1;30mLevel 1[0m _identify(.) by extension 'ros'
[0.125s] [34mcolcon.colcon_core.package_identification[0m [1;30mLevel 1[0m _identify(.) by extensions ['cmake', 'python']
[0.125s] [34mcolcon.colcon_core.package_identification[0m [1;30mLevel 1[0m _identify(.) by extension 'cmake'
[0.125s] [34mcolcon.colcon_core.package_identification[0m [1;30mLevel 1[0m _identify(.) by extension 'python'
[0.125s] [34mcolcon.colcon_core.package_identification[0m [1;30mLevel 1[0m _identify(.) by extensions ['python_setup_py']
[0.125s] [34mcolcon.colcon_core.package_identification[0m [1;30mLevel 1[0m _identify(.) by extension 'python_setup_py'
[0.125s] [34mcolcon.colcon_core.package_identification[0m [1;30mLevel 1[0m _identify(bin) by extensions ['ignore', 'ignore_ament_install']
[0.125s] [34mcolcon.colcon_core.package_identification[0m [1;30mLevel 1[0m _identify(bin) by extension 'ignore'
[0.125s] [34mcolcon.colcon_core.package_identification[0m [1;30mLevel 1[0m _identify(bin) by extension 'ignore_ament_install'
[0.125s] [34mcolcon.colcon_core.package_identification[0m [1;30mLevel 1[0m _identify(bin) by extensions ['colcon_pkg']
[0.125s] [34mcolcon.colcon_core.package_identification[0m [1;30mLevel 1[0m _identify(bin) by extension 'colcon_pkg'
[0.125s] [34mcolcon.colcon_core.package_identification[0m [1;30mLevel 1[0m _identify(bin) by extensions ['colcon_meta']
[0.125s] [34mcolcon.colcon_core.package_identification[0m [1;30mLevel 1[0m _identify(bin) by extension 'colcon_meta'
[0.125s] [34mcolcon.colcon_core.package_identification[0m [1;30mLevel 1[0m _identify(bin) by extensions ['ros']
[0.125s] [34mcolcon.colcon_core.package_identification[0m [1;30mLevel 1[0m _identify(bin) by extension 'ros'
[0.125s] [34mcolcon.colcon_core.package_identification[0m [1;30mLevel 1[0m _identify(bin) by extensions ['cmake', 'python']
[0.125s] [34mcolcon.colcon_core.package_identification[0m [1;30mLevel 1[0m _identify(bin) by extension 'cmake'
[0.125s] [34mcolcon.colcon_core.package_identification[0m [1;30mLevel 1[0m _identify(bin) by extension 'python'
[0.125s] [34mcolcon.colcon_core.package_identification[0m [1;30mLevel 1[0m _identify(bin) by extensions ['python_setup_py']
[0.125s] [34mcolcon.colcon_core.package_identification[0m [1;30mLevel 1[0m _identify(bin) by extension 'python_setup_py'
[0.125s] [34mcolcon.colcon_core.package_identification[0m [1;30mLevel 1[0m _identify(build) by extensions ['ignore', 'ignore_ament_install']
[0.125s] [34mcolcon.colcon_core.package_identification[0m [1;30mLevel 1[0m _identify(build) by extension 'ignore'
[0.125s] [34mcolcon.colcon_core.package_identification[0m [1;30mLevel 1[0m _identify(build) ignored
[0.125s] [34mcolcon.colcon_core.package_identification[0m [1;30mLevel 1[0m _identify(data) by extensions ['ignore', 'ignore_ament_install']
[0.125s] [34mcolcon.colcon_core.package_identification[0m [1;30mLevel 1[0m _identify(data) by extension 'ignore'
[0.126s] [34mcolcon.colcon_core.package_identification[0m [1;30mLevel 1[0m _identify(data) by extension 'ignore_ament_install'
[0.126s] [34mcolcon.colcon_core.package_identification[0m [1;30mLevel 1[0m _identify(data) by extensions ['colcon_pkg']
[0.126s] [34mcolcon.colcon_core.package_identification[0m [1;30mLevel 1[0m _identify(data) by extension 'colcon_pkg'
[0.126s] [34mcolcon.colcon_core.package_identification[0m [1;30mLevel 1[0m _identify(data) by extensions ['colcon_meta']
[0.126s] [34mcolcon.colcon_core.package_identification[0m [1;30mLevel 1[0m _identify(data) by extension 'colcon_meta'
[0.126s] [34mcolcon.colcon_core.package_identification[0m [1;30mLevel 1[0m _identify(data) by extensions ['ros']
[0.126s] [34mcolcon.colcon_core.package_identification[0m [1;30mLevel 1[0m _identify(data) by extension 'ros'
[0.126s] [34mcolcon.colcon_core.package_identification[0m [1;30mLevel 1[0m _identify(data) by extensions ['cmake', 'python']
[0.126s] [34mcolcon.colcon_core.package_identification[0m [1;30mLevel 1[0m _identify(data) by extension 'cmake'
[0.126s] [34mcolcon.colcon_core.package_identification[0m [1;30mLevel 1[0m _identify(data) by extension 'python'
[0.126s] [34mcolcon.colcon_core.package_identification[0m [1;30mLevel 1[0m _identify(data) by extensions ['python_setup_py']
[0.126s] [34mcolcon.colcon_core.package_identification[0m [1;30mLevel 1[0m _identify(data) by extension 'python_setup_py'
[0.126s] [34mcolcon.colcon_core.package_identification[0m [1;30mLevel 1[0m _identify(data/meshes) by extensions ['ignore', 'ignore_ament_install']
[0.126s] [34mcolcon.colcon_core.package_identification[0m [1;30mLevel 1[0m _identify(data/meshes) by extension 'ignore'
[0.126s] [34mcolcon.colcon_core.package_identification[0m [1;30mLevel 1[0m _identify(data/meshes) by extension 'ignore_ament_install'
[0.126s] [34mcolcon.colcon_core.package_identification[0m [1;30mLevel 1[0m _identify(data/meshes) by extensions ['colcon_pkg']
[0.126s] [34mcolcon.colcon_core.package_identification[0m [1;30mLevel 1[0m _identify(data/meshes) by extension 'colcon_pkg'
[0.126s] [34mcolcon.colcon_core.package_identification[0m [1;30mLevel 1[0m _identify(data/meshes) by extensions ['colcon_meta']
[0.126s] [34mcolcon.colcon_core.package_identification[0m [1;30mLevel 1[0m _identify(data/meshes) by extension 'colcon_meta'
[0.126s] [34mcolcon.colcon_core.package_identification[0m [1;30mLevel 1[0m _identify(data/meshes) by extensions ['ros']
[0.126s] [34mcolcon.colcon_core.package_identification[0m [1;30mLevel 1[0m _identify(data/meshes) by extension 'ros'
[0.126s] [34mcolcon.colcon_core.package_identification[0m [1;30mLevel 1[0m _identify(data/meshes) by extensions ['cmake', 'python']
[0.126s] [34mcolcon.colcon_core.package_identification[0m [1;30mLevel 1[0m _identify(data/meshes) by extension 'cmake'
[0.126s] [34mcolcon.colcon_core.package_identification[0m [1;30mLevel 1[0m _identify(data/meshes) by extension 'python'
[0.126s] [34mcolcon.colcon_core.package_identification[0m [1;30mLevel 1[0m _identify(data/meshes) by extensions ['python_setup_py']
[0.126s] [34mcolcon.colcon_core.package_identification[0m [1;30mLevel 1[0m _identify(data/meshes) by extension 'python_setup_py'
[0.126s] [34mcolcon.colcon_core.package_identification[0m [1;30mLevel 1[0m _identify(install) by extensions ['ignore', 'ignore_ament_install']
[0.126s] [34mcolcon.colcon_core.package_identification[0m [1;30mLevel 1[0m _identify(install) by extension 'ignore'
[0.126s] [34mcolcon.colcon_core.package_identification[0m [1;30mLevel 1[0m _identify(install) ignored
[0.126s] [34mcolcon.colcon_core.package_identification[0m [1;30mLevel 1[0m _identify(log) by extensions ['ignore', 'ignore_ament_install']
[0.126s] [34mcolcon.colcon_core.package_identification[0m [1;30mLevel 1[0m _identify(log) by extension 'ignore'
[0.126s] [34mcolcon.colcon_core.package_identification[0m [1;30mLevel 1[0m _identify(log) ignored
[0.126s] [34mcolcon.colcon_core.package_identification[0m [1;30mLevel 1[0m _identify(src) by extensions ['ignore', 'ignore_ament_install']
[0.126s] [34mcolcon.colcon_core.package_identification[0m [1;30mLevel 1[0m _identify(src) by extension 'ignore'
[0.126s] [34mcolcon.colcon_core.package_identification[0m [1;30mLevel 1[0m _identify(src) by extension 'ignore_ament_install'
[0.126s] [34mcolcon.colcon_core.package_identification[0m [1;30mLevel 1[0m _identify(src) by extensions ['colcon_pkg']
[0.126s] [34mcolcon.colcon_core.package_identification[0m [1;30mLevel 1[0m _identify(src) by extension 'colcon_pkg'
[0.126s] [34mcolcon.colcon_core.package_identification[0m [1;30mLevel 1[0m _identify(src) by extensions ['colcon_meta']
[0.126s] [34mcolcon.colcon_core.package_identification[0m [1;30mLevel 1[0m _identify(src) by extension 'colcon_meta'
[0.126s] [34mcolcon.colcon_core.package_identification[0m [1;30mLevel 1[0m _identify(src) by extensions ['ros']
[0.126s] [34mcolcon.colcon_core.package_identification[0m [1;30mLevel 1[0m _identify(src) by extension 'ros'
[0.126s] [34mcolcon.colcon_core.package_identification[0m [1;30mLevel 1[0m _identify(src) by extensions ['cmake', 'python']
[0.126s] [34mcolcon.colcon_core.package_identification[0m [1;30mLevel 1[0m _identify(src) by extension 'cmake'
[0.127s] [34mcolcon.colcon_core.package_identification[0m [1;30mLevel 1[0m _identify(src) by extension 'python'
[0.127s] [34mcolcon.colcon_core.package_identification[0m [1;30mLevel 1[0m _identify(src) by extensions ['python_setup_py']
[0.127s] [34mcolcon.colcon_core.package_identification[0m [1;30mLevel 1[0m _identify(src) by extension 'python_setup_py'
[0.127s] [34mcolcon.colcon_core.package_identification[0m [1;30mLevel 1[0m _identify(src/aero-hand-open) by extensions ['ignore', 'ignore_ament_install']
[0.127s] [34mcolcon.colcon_core.package_identification[0m [1;30mLevel 1[0m _identify(src/aero-hand-open) by extension 'ignore'
[0.127s] [34mcolcon.colcon_core.package_identification[0m [1;30mLevel 1[0m _identify(src/aero-hand-open) by extension 'ignore_ament_install'
[0.127s] [34mcolcon.colcon_core.package_identification[0m [1;30mLevel 1[0m _identify(src/aero-hand-open) by extensions ['colcon_pkg']
[0.127s] [34mcolcon.colcon_core.package_identification[0m [1;30mLevel 1[0m _identify(src/aero-hand-open) by extension 'colcon_pkg'
[0.127s] [34mcolcon.colcon_core.package_identification[0m [1;30mLevel 1[0m _identify(src/aero-hand-open) by extensions ['colcon_meta']
[0.127s] [34mcolcon.colcon_core.package_identification[0m [1;30mLevel 1[0m _identify(src/aero-hand-open) by extension 'colcon_meta'
[0.127s] [34mcolcon.colcon_core.package_identification[0m [1;30mLevel 1[0m _identify(src/aero-hand-open) by extensions ['ros']
[0.127s] [34mcolcon.colcon_core.package_identification[0m [1;30mLevel 1[0m _identify(src/aero-hand-open) by extension 'ros'
[0.127s] [34mcolcon.colcon_core.package_identification[0m [1;30mLevel 1[0m _identify(src/aero-hand-open) by extensions ['cmake', 'python']
[0.127s] [34mcolcon.colcon_core.package_identification[0m [1;30mLevel 1[0m _identify(src/aero-hand-open) by extension 'cmake'
[0.127s] [34mcolcon.colcon_core.package_identification[0m [1;30mLevel 1[0m _identify(src/aero-hand-open) by extension 'python'
[0.127s] [34mcolcon.colcon_core.package_identification[0m [1;30mLevel 1[0m _identify(src/aero-hand-open) by extensions ['python_setup_py']
[0.127s] [34mcolcon.colcon_core.package_identification[0m [1;30mLevel 1[0m _identify(src/aero-hand-open) by extension 'python_setup_py'
[0.127s] [34mcolcon.colcon_core.package_identification[0m [1;30mLevel 1[0m _identify(src/aero-hand-open/src) by extensions ['ignore', 'ignore_ament_install']
[0.127s] [34mcolcon.colcon_core.package_identification[0m [1;30mLevel 1[0m _identify(src/aero-hand-open/src) by extension 'ignore'
[0.127s] [34mcolcon.colcon_core.package_identification[0m [1;30mLevel 1[0m _identify(src/aero-hand-open/src) by extension 'ignore_ament_install'
[0.127s] [34mcolcon.colcon_core.package_identification[0m [1;30mLevel 1[0m _identify(src/aero-hand-open/src) by extensions ['colcon_pkg']
[0.127s] [34mcolcon.colcon_core.package_identification[0m [1;30mLevel 1[0m _identify(src/aero-hand-open/src) by extension 'colcon_pkg'
[0.127s] [34mcolcon.colcon_core.package_identification[0m [1;30mLevel 1[0m _identify(src/aero-hand-open/src) by extensions ['colcon_meta']
[0.127s] [34mcolcon.colcon_core.package_identification[0m [1;30mLevel 1[0m _identify(src/aero-hand-open/src) by extension 'colcon_meta'
[0.127s] [34mcolcon.colcon_core.package_identification[0m [1;30mLevel 1[0m _identify(src/aero-hand-open/src) by extensions ['ros']
[0.127s] [34mcolcon.colcon_core.package_identification[0m [1;30mLevel 1[0m _identify(src/aero-hand-open/src) by extension 'ros'
[0.127s] [34mcolcon.colcon_core.package_identification[0m [1;30mLevel 1[0m _identify(src/aero-hand-open/src) by extensions ['cmake', 'python']
[0.127s] [34mcolcon.colcon_core.package_identification[0m [1;30mLevel 1[0m _identify(src/aero-hand-open/src) by extension 'cmake'
[0.127s] [34mcolcon.colcon_core.package_identification[0m [1;30mLevel 1[0m _identify(src/aero-hand-open/src) by extension 'python'
[0.127s] [34mcolcon.colcon_core.package_identification[0m [1;30mLevel 1[0m _identify(src/aero-hand-open/src) by extensions ['python_setup_py']
[0.127s] [34mcolcon.colcon_core.package_identification[0m [1;30mLevel 1[0m _identify(src/aero-hand-open/src) by extension 'python_setup_py'
[0.127s] [34mcolcon.colcon_core.package_identification[0m [1;30mLevel 1[0m _identify(src/aero-hand-open/src/aero_hand_open) by extensions ['ignore', 'ignore_ament_install']
[0.127s] [34mcolcon.colcon_core.package_identification[0m [1;30mLevel 1[0m _identify(src/aero-hand-open/src/aero_hand_open) by extension 'ignore'
[0.127s] [34mcolcon.colcon_core.package_identification[0m [1;30mLevel 1[0m _identify(src/aero-hand-open/src/aero_hand_open) by extension 'ignore_ament_install'
[0.127s] [34mcolcon.colcon_core.package_identification[0m [1;30mLevel 1[0m _identify(src/aero-hand-open/src/aero_hand_open) by extensions ['colcon_pkg']
[0.127s] [34mcolcon.colcon_core.package_identification[0m [1;30mLevel 1[0m _identify(src/aero-hand-open/src/aero_hand_open) by extension 'colcon_pkg'
[0.127s] [34mcolcon.colcon_core.package_identification[0m [1;30mLevel 1[0m _identify(src/aero-hand-open/src/aero_hand_open) by extensions ['colcon_meta']
[0.127s] [34mcolcon.colcon_core.package_identification[0m [1;30mLevel 1[0m _identify(src/aero-hand-open/src/aero_hand_open) by extension 'colcon_meta'
[0.127s] [34mcolcon.colcon_core.package_identification[0m [1;30mLevel 1[0m _identify(src/aero-hand-open/src/aero_hand_open) by extensions ['ros']
[0.127s] [34mcolcon.colcon_core.package_identification[0m [1;30mLevel 1[0m _identify(src/aero-hand-open/src/aero_hand_open) by extension 'ros'
[0.129s] [34mcolcon.colcon_core.package_identification[0m [1;30mDEBUG[0m [32mPackage 'src/aero-hand-open/src/aero_hand_open' with type 'ros.ament_python' and name 'aero_hand_open'[0m
[0.129s] [34mcolcon.colcon_core.package_identification[0m [1;30mLevel 1[0m _identify(src/aero-hand-open/src/aero_hand_open_description) by extensions ['ignore', 'ignore_ament_install']
[0.129s] [34mcolcon.colcon_core.package_identification[0m [1;30mLevel 1[0m _identify(src/aero-hand-open/src/aero_hand_open_description) by extension 'ignore'
[0.129s] [34mcolcon.colcon_core.package_identification[0m [1;30mLevel 1[0m _identify(src/aero-hand-open/src/aero_hand_open_description) by extension 'ignore_ament_install'
[0.129s] [34mcolcon.colcon_core.package_identification[0m [1;30mLevel 1[0m _identify(src/aero-hand-open/src/aero_hand_open_description) by extensions ['colcon_pkg']
[0.129s] [34mcolcon.colcon_core.package_identification[0m [1;30mLevel 1[0m _identify(src/aero-hand-open/src/aero_hand_open_description) by extension 'colcon_pkg'
[0.129s] [34mcolcon.colcon_core.package_identification[0m [1;30mLevel 1[0m _identify(src/aero-hand-open/src/aero_hand_open_description) by extensions ['colcon_meta']
[0.129s] [34mcolcon.colcon_core.package_identification[0m [1;30mLevel 1[0m _identify(src/aero-hand-open/src/aero_hand_open_description) by extension 'colcon_meta'
[0.129s] [34mcolcon.colcon_core.package_identification[0m [1;30mLevel 1[0m _identify(src/aero-hand-open/src/aero_hand_open_description) by extensions ['ros']
[0.129s] [34mcolcon.colcon_core.package_identification[0m [1;30mLevel 1[0m _identify(src/aero-hand-open/src/aero_hand_open_description) by extension 'ros'
[0.129s] [34mcolcon.colcon_core.package_identification[0m [1;30mDEBUG[0m [32mPackage 'src/aero-hand-open/src/aero_hand_open_description' with type 'ros.ament_python' and name 'aero_hand_open_description'[0m
[0.129s] [34mcolcon.colcon_core.package_identification[0m [1;30mLevel 1[0m _identify(src/aero-hand-open/src/aero_hand_open_msgs) by extensions ['ignore', 'ignore_ament_install']
[0.130s] [34mcolcon.colcon_core.package_identification[0m [1;30mLevel 1[0m _identify(src/aero-hand-open/src/aero_hand_open_msgs) by extension 'ignore'
[0.130s] [34mcolcon.colcon_core.package_identification[0m [1;30mLevel 1[0m _identify(src/aero-hand-open/src/aero_hand_open_msgs) by extension 'ignore_ament_install'
[0.130s] [34mcolcon.colcon_core.package_identification[0m [1;30mLevel 1[0m _identify(src/aero-hand-open/src/aero_hand_open_msgs) by extensions ['colcon_pkg']
[0.130s] [34mcolcon.colcon_core.package_identification[0m [1;30mLevel 1[0m _identify(src/aero-hand-open/src/aero_hand_open_msgs) by extension 'colcon_pkg'
[0.130s] [34mcolcon.colcon_core.package_identification[0m [1;30mLevel 1[0m _identify(src/aero-hand-open/src/aero_hand_open_msgs) by extensions ['colcon_meta']
[0.130s] [34mcolcon.colcon_core.package_identification[0m [1;30mLevel 1[0m _identify(src/aero-hand-open/src/aero_hand_open_msgs) by extension 'colcon_meta'
[0.130s] [34mcolcon.colcon_core.package_identification[0m [1;30mLevel 1[0m _identify(src/aero-hand-open/src/aero_hand_open_msgs) by extensions ['ros']
[0.130s] [34mcolcon.colcon_core.package_identification[0m [1;30mLevel 1[0m _identify(src/aero-hand-open/src/aero_hand_open_msgs) by extension 'ros'
[0.130s] [34mcolcon.colcon_core.package_identification[0m [1;30mDEBUG[0m [32mPackage 'src/aero-hand-open/src/aero_hand_open_msgs' with type 'ros.ament_cmake' and name 'aero_hand_open_msgs'[0m
[0.130s] [34mcolcon.colcon_core.package_identification[0m [1;30mLevel 1[0m _identify(src/aero-hand-open/src/aero_hand_open_rl) by extensions ['ignore', 'ignore_ament_install']
[0.130s] [34mcolcon.colcon_core.package_identification[0m [1;30mLevel 1[0m _identify(src/aero-hand-open/src/aero_hand_open_rl) by extension 'ignore'
[0.130s] [34mcolcon.colcon_core.package_identification[0m [1;30mLevel 1[0m _identify(src/aero-hand-open/src/aero_hand_open_rl) by extension 'ignore_ament_install'
[0.130s] [34mcolcon.colcon_core.package_identification[0m [1;30mLevel 1[0m _identify(src/aero-hand-open/src/aero_hand_open_rl) by extensions ['colcon_pkg']
[0.130s] [34mcolcon.colcon_core.package_identification[0m [1;30mLevel 1[0m _identify(src/aero-hand-open/src/aero_hand_open_rl) by extension 'colcon_pkg'
[0.130s] [34mcolcon.colcon_core.package_identification[0m [1;30mLevel 1[0m _identify(src/aero-hand-open/src/aero_hand_open_rl) by extensions ['colcon_meta']
[0.130s] [34mcolcon.colcon_core.package_identification[0m [1;30mLevel 1[0m _identify(src/aero-hand-open/src/aero_hand_open_rl) by extension 'colcon_meta'
[0.130s] [34mcolcon.colcon_core.package_identification[0m [1;30mLevel 1[0m _identify(src/aero-hand-open/src/aero_hand_open_rl) by extensions ['ros']
[0.130s] [34mcolcon.colcon_core.package_identification[0m [1;30mLevel 1[0m _identify(src/aero-hand-open/src/aero_hand_open_rl) by extension 'ros'
[0.131s] [34mcolcon.colcon_core.package_identification[0m [1;30mDEBUG[0m [32mPackage 'src/aero-hand-open/src/aero_hand_open_rl' with type 'ros.ament_python' and name 'aero_hand_open_rl'[0m
[0.131s] [34mcolcon.colcon_core.package_identification[0m [1;30mLevel 1[0m _identify(src/aero-hand-open/src/aero_hand_open_teleop) by extensions ['ignore', 'ignore_ament_install']
[0.131s] [34mcolcon.colcon_core.package_identification[0m [1;30mLevel 1[0m _identify(src/aero-hand-open/src/aero_hand_open_teleop) by extension 'ignore'
[0.131s] [34mcolcon.colcon_core.package_identification[0m [1;30mLevel 1[0m _identify(src/aero-hand-open/src/aero_hand_open_teleop) by extension 'ignore_ament_install'
[0.131s] [34mcolcon.colcon_core.package_identification[0m [1;30mLevel 1[0m _identify(src/aero-hand-open/src/aero_hand_open_teleop) by extensions ['colcon_pkg']
[0.131s] [34mcolcon.colcon_core.package_identification[0m [1;30mLevel 1[0m _identify(src/aero-hand-open/src/aero_hand_open_teleop) by extension 'colcon_pkg'
[0.131s] [34mcolcon.colcon_core.package_identification[0m [1;30mLevel 1[0m _identify(src/aero-hand-open/src/aero_hand_open_teleop) by extensions ['colcon_meta']
[0.131s] [34mcolcon.colcon_core.package_identification[0m [1;30mLevel 1[0m _identify(src/aero-hand-open/src/aero_hand_open_teleop) by extension 'colcon_meta'
[0.131s] [34mcolcon.colcon_core.package_identification[0m [1;30mLevel 1[0m _identify(src/aero-hand-open/src/aero_hand_open_teleop) by extensions ['ros']
[0.131s] [34mcolcon.colcon_core.package_identification[0m [1;30mLevel 1[0m _identify(src/aero-hand-open/src/aero_hand_open_teleop) by extension 'ros'
[0.131s] [34mcolcon.colcon_core.package_identification[0m [1;30mDEBUG[0m [32mPackage 'src/aero-hand-open/src/aero_hand_open_teleop' with type 'ros.ament_python' and name 'aero_hand_open_teleop'[0m
[0.132s] [34mcolcon.colcon_core.package_identification[0m [1;30mLevel 1[0m _identify(src/aero-hand-open/src/aero_open_sdk) by extensions ['ignore', 'ignore_ament_install']
[0.132s] [34mcolcon.colcon_core.package_identification[0m [1;30mLevel 1[0m _identify(src/aero-hand-open/src/aero_open_sdk) by extension 'ignore'
[0.132s] [34mcolcon.colcon_core.package_identification[0m [1;30mLevel 1[0m _identify(src/aero-hand-open/src/aero_open_sdk) by extension 'ignore_ament_install'
[0.132s] [34mcolcon.colcon_core.package_identification[0m [1;30mLevel 1[0m _identify(src/aero-hand-open/src/aero_open_sdk) by extensions ['colcon_pkg']
[0.132s] [34mcolcon.colcon_core.package_identification[0m [1;30mLevel 1[0m _identify(src/aero-hand-open/src/aero_open_sdk) by extension 'colcon_pkg'
[0.132s] [34mcolcon.colcon_core.package_identification[0m [1;30mLevel 1[0m _identify(src/aero-hand-open/src/aero_open_sdk) by extensions ['colcon_meta']
[0.132s] [34mcolcon.colcon_core.package_identification[0m [1;30mLevel 1[0m _identify(src/aero-hand-open/src/aero_open_sdk) by extension 'colcon_meta'
[0.132s] [34mcolcon.colcon_core.package_identification[0m [1;30mLevel 1[0m _identify(src/aero-hand-open/src/aero_open_sdk) by extensions ['ros']
[0.132s] [34mcolcon.colcon_core.package_identification[0m [1;30mLevel 1[0m _identify(src/aero-hand-open/src/aero_open_sdk) by extension 'ros'
[0.132s] [34mcolcon.colcon_core.package_identification[0m [1;30mLevel 1[0m _identify(src/aero-hand-open/src/aero_open_sdk) by extensions ['cmake', 'python']
[0.132s] [34mcolcon.colcon_core.package_identification[0m [1;30mLevel 1[0m _identify(src/aero-hand-open/src/aero_open_sdk) by extension 'cmake'
[0.132s] [34mcolcon.colcon_core.package_identification[0m [1;30mLevel 1[0m _identify(src/aero-hand-open/src/aero_open_sdk) by extension 'python'
[0.132s] [34mcolcon.colcon_core.package_identification[0m [1;30mLevel 1[0m _identify(src/aero-hand-open/src/aero_open_sdk) by extensions ['python_setup_py']
[0.132s] [34mcolcon.colcon_core.package_identification[0m [1;30mLevel 1[0m _identify(src/aero-hand-open/src/aero_open_sdk) by extension 'python_setup_py'
[0.132s] [34mcolcon.colcon_core.package_identification[0m [1;30mLevel 1[0m _identify(src/aero-hand-open/src/aero_open_sdk/__pycache__) by extensions ['ignore', 'ignore_ament_install']
[0.132s] [34mcolcon.colcon_core.package_identification[0m [1;30mLevel 1[0m _identify(src/aero-hand-open/src/aero_open_sdk/__pycache__) by extension 'ignore'
[0.132s] [34mcolcon.colcon_core.package_identification[0m [1;30mLevel 1[0m _identify(src/aero-hand-open/src/aero_open_sdk/__pycache__) by extension 'ignore_ament_install'
[0.132s] [34mcolcon.colcon_core.package_identification[0m [1;30mLevel 1[0m _identify(src/aero-hand-open/src/aero_open_sdk/__pycache__) by extensions ['colcon_pkg']
[0.132s] [34mcolcon.colcon_core.package_identification[0m [1;30mLevel 1[0m _identify(src/aero-hand-open/src/aero_open_sdk/__pycache__) by extension 'colcon_pkg'
[0.132s] [34mcolcon.colcon_core.package_identification[0m [1;30mLevel 1[0m _identify(src/aero-hand-open/src/aero_open_sdk/__pycache__) by extensions ['colcon_meta']
[0.132s] [34mcolcon.colcon_core.package_identification[0m [1;30mLevel 1[0m _identify(src/aero-hand-open/src/aero_open_sdk/__pycache__) by extension 'colcon_meta'
[0.132s] [34mcolcon.colcon_core.package_identification[0m [1;30mLevel 1[0m _identify(src/aero-hand-open/src/aero_open_sdk/__pycache__) by extensions ['ros']
[0.132s] [34mcolcon.colcon_core.package_identification[0m [1;30mLevel 1[0m _identify(src/aero-hand-open/src/aero_open_sdk/__pycache__) by extension 'ros'
[0.132s] [34mcolcon.colcon_core.package_identification[0m [1;30mLevel 1[0m _identify(src/aero-hand-open/src/aero_open_sdk/__pycache__) by extensions ['cmake', 'python']
[0.132s] [34mcolcon.colcon_core.package_identification[0m [1;30mLevel 1[0m _identify(src/aero-hand-open/src/aero_open_sdk/__pycache__) by extension 'cmake'
[0.132s] [34mcolcon.colcon_core.package_identification[0m [1;30mLevel 1[0m _identify(src/aero-hand-open/src/aero_open_sdk/__pycache__) by extension 'python'
[0.132s] [34mcolcon.colcon_core.package_identification[0m [1;30mLevel 1[0m _identify(src/aero-hand-open/src/aero_open_sdk/__pycache__) by extensions ['python_setup_py']
[0.132s] [34mcolcon.colcon_core.package_identification[0m [1;30mLevel 1[0m _identify(src/aero-hand-open/src/aero_open_sdk/__pycache__) by extension 'python_setup_py'
[0.132s] [34mcolcon.colcon_core.package_identification[0m [1;30mLevel 1[0m _identify(src/bxi_rl_controller_ros2_example) by extensions ['ignore', 'ignore_ament_install']
[0.132s] [34mcolcon.colcon_core.package_identification[0m [1;30mLevel 1[0m _identify(src/bxi_rl_controller_ros2_example) by extension 'ignore'
[0.132s] [34mcolcon.colcon_core.package_identification[0m [1;30mLevel 1[0m _identify(src/bxi_rl_controller_ros2_example) by extension 'ignore_ament_install'
[0.132s] [34mcolcon.colcon_core.package_identification[0m [1;30mLevel 1[0m _identify(src/bxi_rl_controller_ros2_example) by extensions ['colcon_pkg']
[0.132s] [34mcolcon.colcon_core.package_identification[0m [1;30mLevel 1[0m _identify(src/bxi_rl_controller_ros2_example) by extension 'colcon_pkg'
[0.132s] [34mcolcon.colcon_core.package_identification[0m [1;30mLevel 1[0m _identify(src/bxi_rl_controller_ros2_example) by extensions ['colcon_meta']
[0.132s] [34mcolcon.colcon_core.package_identification[0m [1;30mLevel 1[0m _identify(src/bxi_rl_controller_ros2_example) by extension 'colcon_meta'
[0.132s] [34mcolcon.colcon_core.package_identification[0m [1;30mLevel 1[0m _identify(src/bxi_rl_controller_ros2_example) by extensions ['ros']
[0.132s] [34mcolcon.colcon_core.package_identification[0m [1;30mLevel 1[0m _identify(src/bxi_rl_controller_ros2_example) by extension 'ros'
[0.132s] [34mcolcon.colcon_core.package_identification[0m [1;30mLevel 1[0m _identify(src/bxi_rl_controller_ros2_example) by extensions ['cmake', 'python']
[0.132s] [34mcolcon.colcon_core.package_identification[0m [1;30mLevel 1[0m _identify(src/bxi_rl_controller_ros2_example) by extension 'cmake'
[0.132s] [34mcolcon.colcon_core.package_identification[0m [1;30mLevel 1[0m _identify(src/bxi_rl_controller_ros2_example) by extension 'python'
[0.132s] [34mcolcon.colcon_core.package_identification[0m [1;30mLevel 1[0m _identify(src/bxi_rl_controller_ros2_example) by extensions ['python_setup_py']
[0.132s] [34mcolcon.colcon_core.package_identification[0m [1;30mLevel 1[0m _identify(src/bxi_rl_controller_ros2_example) by extension 'python_setup_py'
[0.132s] [34mcolcon.colcon_core.package_identification[0m [1;30mLevel 1[0m _identify(src/bxi_rl_controller_ros2_example/resources) by extensions ['ignore', 'ignore_ament_install']
[0.133s] [34mcolcon.colcon_core.package_identification[0m [1;30mLevel 1[0m _identify(src/bxi_rl_controller_ros2_example/resources) by extension 'ignore'
[0.133s] [34mcolcon.colcon_core.package_identification[0m [1;30mLevel 1[0m _identify(src/bxi_rl_controller_ros2_example/resources) by extension 'ignore_ament_install'
[0.133s] [34mcolcon.colcon_core.package_identification[0m [1;30mLevel 1[0m _identify(src/bxi_rl_controller_ros2_example/resources) by extensions ['colcon_pkg']
[0.133s] [34mcolcon.colcon_core.package_identification[0m [1;30mLevel 1[0m _identify(src/bxi_rl_controller_ros2_example/resources) by extension 'colcon_pkg'
[0.133s] [34mcolcon.colcon_core.package_identification[0m [1;30mLevel 1[0m _identify(src/bxi_rl_controller_ros2_example/resources) by extensions ['colcon_meta']
[0.133s] [34mcolcon.colcon_core.package_identification[0m [1;30mLevel 1[0m _identify(src/bxi_rl_controller_ros2_example/resources) by extension 'colcon_meta'
[0.133s] [34mcolcon.colcon_core.package_identification[0m [1;30mLevel 1[0m _identify(src/bxi_rl_controller_ros2_example/resources) by extensions ['ros']
[0.133s] [34mcolcon.colcon_core.package_identification[0m [1;30mLevel 1[0m _identify(src/bxi_rl_controller_ros2_example/resources) by extension 'ros'
[0.133s] [34mcolcon.colcon_core.package_identification[0m [1;30mLevel 1[0m _identify(src/bxi_rl_controller_ros2_example/resources) by extensions ['cmake', 'python']
[0.133s] [34mcolcon.colcon_core.package_identification[0m [1;30mLevel 1[0m _identify(src/bxi_rl_controller_ros2_example/resources) by extension 'cmake'
[0.133s] [34mcolcon.colcon_core.package_identification[0m [1;30mLevel 1[0m _identify(src/bxi_rl_controller_ros2_example/resources) by extension 'python'
[0.133s] [34mcolcon.colcon_core.package_identification[0m [1;30mLevel 1[0m _identify(src/bxi_rl_controller_ros2_example/resources) by extensions ['python_setup_py']
[0.133s] [34mcolcon.colcon_core.package_identification[0m [1;30mLevel 1[0m _identify(src/bxi_rl_controller_ros2_example/resources) by extension 'python_setup_py'
[0.133s] [34mcolcon.colcon_core.package_identification[0m [1;30mLevel 1[0m _identify(src/bxi_rl_controller_ros2_example/resources/elf2-ankle) by extensions ['ignore', 'ignore_ament_install']
[0.133s] [34mcolcon.colcon_core.package_identification[0m [1;30mLevel 1[0m _identify(src/bxi_rl_controller_ros2_example/resources/elf2-ankle) by extension 'ignore'
[0.133s] [34mcolcon.colcon_core.package_identification[0m [1;30mLevel 1[0m _identify(src/bxi_rl_controller_ros2_example/resources/elf2-ankle) by extension 'ignore_ament_install'
[0.133s] [34mcolcon.colcon_core.package_identification[0m [1;30mLevel 1[0m _identify(src/bxi_rl_controller_ros2_example/resources/elf2-ankle) by extensions ['colcon_pkg']
[0.133s] [34mcolcon.colcon_core.package_identification[0m [1;30mLevel 1[0m _identify(src/bxi_rl_controller_ros2_example/resources/elf2-ankle) by extension 'colcon_pkg'
[0.133s] [34mcolcon.colcon_core.package_identification[0m [1;30mLevel 1[0m _identify(src/bxi_rl_controller_ros2_example/resources/elf2-ankle) by extensions ['colcon_meta']
[0.133s] [34mcolcon.colcon_core.package_identification[0m [1;30mLevel 1[0m _identify(src/bxi_rl_controller_ros2_example/resources/elf2-ankle) by extension 'colcon_meta'
[0.133s] [34mcolcon.colcon_core.package_identification[0m [1;30mLevel 1[0m _identify(src/bxi_rl_controller_ros2_example/resources/elf2-ankle) by extensions ['ros']
[0.133s] [34mcolcon.colcon_core.package_identification[0m [1;30mLevel 1[0m _identify(src/bxi_rl_controller_ros2_example/resources/elf2-ankle) by extension 'ros'
[0.133s] [34mcolcon.colcon_core.package_identification[0m [1;30mLevel 1[0m _identify(src/bxi_rl_controller_ros2_example/resources/elf2-ankle) by extensions ['cmake', 'python']
[0.133s] [34mcolcon.colcon_core.package_identification[0m [1;30mLevel 1[0m _identify(src/bxi_rl_controller_ros2_example/resources/elf2-ankle) by extension 'cmake'
[0.133s] [34mcolcon.colcon_core.package_identification[0m [1;30mLevel 1[0m _identify(src/bxi_rl_controller_ros2_example/resources/elf2-ankle) by extension 'python'
[0.133s] [34mcolcon.colcon_core.package_identification[0m [1;30mLevel 1[0m _identify(src/bxi_rl_controller_ros2_example/resources/elf2-ankle) by extensions ['python_setup_py']
[0.133s] [34mcolcon.colcon_core.package_identification[0m [1;30mLevel 1[0m _identify(src/bxi_rl_controller_ros2_example/resources/elf2-ankle) by extension 'python_setup_py'
[0.133s] [34mcolcon.colcon_core.package_identification[0m [1;30mLevel 1[0m _identify(src/bxi_rl_controller_ros2_example/resources/elf2-ankle/meshes) by extensions ['ignore', 'ignore_ament_install']
[0.133s] [34mcolcon.colcon_core.package_identification[0m [1;30mLevel 1[0m _identify(src/bxi_rl_controller_ros2_example/resources/elf2-ankle/meshes) by extension 'ignore'
[0.133s] [34mcolcon.colcon_core.package_identification[0m [1;30mLevel 1[0m _identify(src/bxi_rl_controller_ros2_example/resources/elf2-ankle/meshes) by extension 'ignore_ament_install'
[0.133s] [34mcolcon.colcon_core.package_identification[0m [1;30mLevel 1[0m _identify(src/bxi_rl_controller_ros2_example/resources/elf2-ankle/meshes) by extensions ['colcon_pkg']
[0.133s] [34mcolcon.colcon_core.package_identification[0m [1;30mLevel 1[0m _identify(src/bxi_rl_controller_ros2_example/resources/elf2-ankle/meshes) by extension 'colcon_pkg'
[0.133s] [34mcolcon.colcon_core.package_identification[0m [1;30mLevel 1[0m _identify(src/bxi_rl_controller_ros2_example/resources/elf2-ankle/meshes) by extensions ['colcon_meta']
[0.133s] [34mcolcon.colcon_core.package_identification[0m [1;30mLevel 1[0m _identify(src/bxi_rl_controller_ros2_example/resources/elf2-ankle/meshes) by extension 'colcon_meta'
[0.133s] [34mcolcon.colcon_core.package_identification[0m [1;30mLevel 1[0m _identify(src/bxi_rl_controller_ros2_example/resources/elf2-ankle/meshes) by extensions ['ros']
[0.133s] [34mcolcon.colcon_core.package_identification[0m [1;30mLevel 1[0m _identify(src/bxi_rl_controller_ros2_example/resources/elf2-ankle/meshes) by extension 'ros'
[0.133s] [34mcolcon.colcon_core.package_identification[0m [1;30mLevel 1[0m _identify(src/bxi_rl_controller_ros2_example/resources/elf2-ankle/meshes) by extensions ['cmake', 'python']
[0.133s] [34mcolcon.colcon_core.package_identification[0m [1;30mLevel 1[0m _identify(src/bxi_rl_controller_ros2_example/resources/elf2-ankle/meshes) by extension 'cmake'
[0.133s] [34mcolcon.colcon_core.package_identification[0m [1;30mLevel 1[0m _identify(src/bxi_rl_controller_ros2_example/resources/elf2-ankle/meshes) by extension 'python'
[0.133s] [34mcolcon.colcon_core.package_identification[0m [1;30mLevel 1[0m _identify(src/bxi_rl_controller_ros2_example/resources/elf2-ankle/meshes) by extensions ['python_setup_py']
[0.133s] [34mcolcon.colcon_core.package_identification[0m [1;30mLevel 1[0m _identify(src/bxi_rl_controller_ros2_example/resources/elf2-ankle/meshes) by extension 'python_setup_py'
[0.133s] [34mcolcon.colcon_core.package_identification[0m [1;30mLevel 1[0m _identify(src/bxi_rl_controller_ros2_example/resources/elf2-ankle/urdf) by extensions ['ignore', 'ignore_ament_install']
[0.133s] [34mcolcon.colcon_core.package_identification[0m [1;30mLevel 1[0m _identify(src/bxi_rl_controller_ros2_example/resources/elf2-ankle/urdf) by extension 'ignore'
[0.134s] [34mcolcon.colcon_core.package_identification[0m [1;30mLevel 1[0m _identify(src/bxi_rl_controller_ros2_example/resources/elf2-ankle/urdf) by extension 'ignore_ament_install'
[0.134s] [34mcolcon.colcon_core.package_identification[0m [1;30mLevel 1[0m _identify(src/bxi_rl_controller_ros2_example/resources/elf2-ankle/urdf) by extensions ['colcon_pkg']
[0.134s] [34mcolcon.colcon_core.package_identification[0m [1;30mLevel 1[0m _identify(src/bxi_rl_controller_ros2_example/resources/elf2-ankle/urdf) by extension 'colcon_pkg'
[0.134s] [34mcolcon.colcon_core.package_identification[0m [1;30mLevel 1[0m _identify(src/bxi_rl_controller_ros2_example/resources/elf2-ankle/urdf) by extensions ['colcon_meta']
[0.134s] [34mcolcon.colcon_core.package_identification[0m [1;30mLevel 1[0m _identify(src/bxi_rl_controller_ros2_example/resources/elf2-ankle/urdf) by extension 'colcon_meta'
[0.134s] [34mcolcon.colcon_core.package_identification[0m [1;30mLevel 1[0m _identify(src/bxi_rl_controller_ros2_example/resources/elf2-ankle/urdf) by extensions ['ros']
[0.134s] [34mcolcon.colcon_core.package_identification[0m [1;30mLevel 1[0m _identify(src/bxi_rl_controller_ros2_example/resources/elf2-ankle/urdf) by extension 'ros'
[0.134s] [34mcolcon.colcon_core.package_identification[0m [1;30mLevel 1[0m _identify(src/bxi_rl_controller_ros2_example/resources/elf2-ankle/urdf) by extensions ['cmake', 'python']
[0.134s] [34mcolcon.colcon_core.package_identification[0m [1;30mLevel 1[0m _identify(src/bxi_rl_controller_ros2_example/resources/elf2-ankle/urdf) by extension 'cmake'
[0.134s] [34mcolcon.colcon_core.package_identification[0m [1;30mLevel 1[0m _identify(src/bxi_rl_controller_ros2_example/resources/elf2-ankle/urdf) by extension 'python'
[0.134s] [34mcolcon.colcon_core.package_identification[0m [1;30mLevel 1[0m _identify(src/bxi_rl_controller_ros2_example/resources/elf2-ankle/urdf) by extensions ['python_setup_py']
[0.134s] [34mcolcon.colcon_core.package_identification[0m [1;30mLevel 1[0m _identify(src/bxi_rl_controller_ros2_example/resources/elf2-ankle/urdf) by extension 'python_setup_py'
[0.134s] [34mcolcon.colcon_core.package_identification[0m [1;30mLevel 1[0m _identify(src/bxi_rl_controller_ros2_example/resources/elf2-arm) by extensions ['ignore', 'ignore_ament_install']
[0.134s] [34mcolcon.colcon_core.package_identification[0m [1;30mLevel 1[0m _identify(src/bxi_rl_controller_ros2_example/resources/elf2-arm) by extension 'ignore'
[0.134s] [34mcolcon.colcon_core.package_identification[0m [1;30mLevel 1[0m _identify(src/bxi_rl_controller_ros2_example/resources/elf2-arm) by extension 'ignore_ament_install'
[0.134s] [34mcolcon.colcon_core.package_identification[0m [1;30mLevel 1[0m _identify(src/bxi_rl_controller_ros2_example/resources/elf2-arm) by extensions ['colcon_pkg']
[0.134s] [34mcolcon.colcon_core.package_identification[0m [1;30mLevel 1[0m _identify(src/bxi_rl_controller_ros2_example/resources/elf2-arm) by extension 'colcon_pkg'
[0.134s] [34mcolcon.colcon_core.package_identification[0m [1;30mLevel 1[0m _identify(src/bxi_rl_controller_ros2_example/resources/elf2-arm) by extensions ['colcon_meta']
[0.134s] [34mcolcon.colcon_core.package_identification[0m [1;30mLevel 1[0m _identify(src/bxi_rl_controller_ros2_example/resources/elf2-arm) by extension 'colcon_meta'
[0.134s] [34mcolcon.colcon_core.package_identification[0m [1;30mLevel 1[0m _identify(src/bxi_rl_controller_ros2_example/resources/elf2-arm) by extensions ['ros']
[0.134s] [34mcolcon.colcon_core.package_identification[0m [1;30mLevel 1[0m _identify(src/bxi_rl_controller_ros2_example/resources/elf2-arm) by extension 'ros'
[0.134s] [34mcolcon.colcon_core.package_identification[0m [1;30mLevel 1[0m _identify(src/bxi_rl_controller_ros2_example/resources/elf2-arm) by extensions ['cmake', 'python']
[0.134s] [34mcolcon.colcon_core.package_identification[0m [1;30mLevel 1[0m _identify(src/bxi_rl_controller_ros2_example/resources/elf2-arm) by extension 'cmake'
[0.134s] [34mcolcon.colcon_core.package_identification[0m [1;30mLevel 1[0m _identify(src/bxi_rl_controller_ros2_example/resources/elf2-arm) by extension 'python'
[0.134s] [34mcolcon.colcon_core.package_identification[0m [1;30mLevel 1[0m _identify(src/bxi_rl_controller_ros2_example/resources/elf2-arm) by extensions ['python_setup_py']
[0.134s] [34mcolcon.colcon_core.package_identification[0m [1;30mLevel 1[0m _identify(src/bxi_rl_controller_ros2_example/resources/elf2-arm) by extension 'python_setup_py'
[0.134s] [34mcolcon.colcon_core.package_identification[0m [1;30mLevel 1[0m _identify(src/bxi_rl_controller_ros2_example/resources/elf2-arm/meshes) by extensions ['ignore', 'ignore_ament_install']
[0.134s] [34mcolcon.colcon_core.package_identification[0m [1;30mLevel 1[0m _identify(src/bxi_rl_controller_ros2_example/resources/elf2-arm/meshes) by extension 'ignore'
[0.134s] [34mcolcon.colcon_core.package_identification[0m [1;30mLevel 1[0m _identify(src/bxi_rl_controller_ros2_example/resources/elf2-arm/meshes) by extension 'ignore_ament_install'
[0.134s] [34mcolcon.colcon_core.package_identification[0m [1;30mLevel 1[0m _identify(src/bxi_rl_controller_ros2_example/resources/elf2-arm/meshes) by extensions ['colcon_pkg']
[0.134s] [34mcolcon.colcon_core.package_identification[0m [1;30mLevel 1[0m _identify(src/bxi_rl_controller_ros2_example/resources/elf2-arm/meshes) by extension 'colcon_pkg'
[0.134s] [34mcolcon.colcon_core.package_identification[0m [1;30mLevel 1[0m _identify(src/bxi_rl_controller_ros2_example/resources/elf2-arm/meshes) by extensions ['colcon_meta']
[0.134s] [34mcolcon.colcon_core.package_identification[0m [1;30mLevel 1[0m _identify(src/bxi_rl_controller_ros2_example/resources/elf2-arm/meshes) by extension 'colcon_meta'
[0.134s] [34mcolcon.colcon_core.package_identification[0m [1;30mLevel 1[0m _identify(src/bxi_rl_controller_ros2_example/resources/elf2-arm/meshes) by extensions ['ros']
[0.134s] [34mcolcon.colcon_core.package_identification[0m [1;30mLevel 1[0m _identify(src/bxi_rl_controller_ros2_example/resources/elf2-arm/meshes) by extension 'ros'
[0.134s] [34mcolcon.colcon_core.package_identification[0m [1;30mLevel 1[0m _identify(src/bxi_rl_controller_ros2_example/resources/elf2-arm/meshes) by extensions ['cmake', 'python']
[0.134s] [34mcolcon.colcon_core.package_identification[0m [1;30mLevel 1[0m _identify(src/bxi_rl_controller_ros2_example/resources/elf2-arm/meshes) by extension 'cmake'
[0.134s] [34mcolcon.colcon_core.package_identification[0m [1;30mLevel 1[0m _identify(src/bxi_rl_controller_ros2_example/resources/elf2-arm/meshes) by extension 'python'
[0.134s] [34mcolcon.colcon_core.package_identification[0m [1;30mLevel 1[0m _identify(src/bxi_rl_controller_ros2_example/resources/elf2-arm/meshes) by extensions ['python_setup_py']
[0.134s] [34mcolcon.colcon_core.package_identification[0m [1;30mLevel 1[0m _identify(src/bxi_rl_controller_ros2_example/resources/elf2-arm/meshes) by extension 'python_setup_py'
[0.134s] [34mcolcon.colcon_core.package_identification[0m [1;30mLevel 1[0m _identify(src/bxi_rl_controller_ros2_example/resources/elf2-arm/urdf) by extensions ['ignore', 'ignore_ament_install']
[0.134s] [34mcolcon.colcon_core.package_identification[0m [1;30mLevel 1[0m _identify(src/bxi_rl_controller_ros2_example/resources/elf2-arm/urdf) by extension 'ignore'
[0.134s] [34mcolcon.colcon_core.package_identification[0m [1;30mLevel 1[0m _identify(src/bxi_rl_controller_ros2_example/resources/elf2-arm/urdf) by extension 'ignore_ament_install'
[0.134s] [34mcolcon.colcon_core.package_identification[0m [1;30mLevel 1[0m _identify(src/bxi_rl_controller_ros2_example/resources/elf2-arm/urdf) by extensions ['colcon_pkg']
[0.134s] [34mcolcon.colcon_core.package_identification[0m [1;30mLevel 1[0m _identify(src/bxi_rl_controller_ros2_example/resources/elf2-arm/urdf) by extension 'colcon_pkg'
[0.134s] [34mcolcon.colcon_core.package_identification[0m [1;30mLevel 1[0m _identify(src/bxi_rl_controller_ros2_example/resources/elf2-arm/urdf) by extensions ['colcon_meta']
[0.134s] [34mcolcon.colcon_core.package_identification[0m [1;30mLevel 1[0m _identify(src/bxi_rl_controller_ros2_example/resources/elf2-arm/urdf) by extension 'colcon_meta'
[0.135s] [34mcolcon.colcon_core.package_identification[0m [1;30mLevel 1[0m _identify(src/bxi_rl_controller_ros2_example/resources/elf2-arm/urdf) by extensions ['ros']
[0.135s] [34mcolcon.colcon_core.package_identification[0m [1;30mLevel 1[0m _identify(src/bxi_rl_controller_ros2_example/resources/elf2-arm/urdf) by extension 'ros'
[0.135s] [34mcolcon.colcon_core.package_identification[0m [1;30mLevel 1[0m _identify(src/bxi_rl_controller_ros2_example/resources/elf2-arm/urdf) by extensions ['cmake', 'python']
[0.135s] [34mcolcon.colcon_core.package_identification[0m [1;30mLevel 1[0m _identify(src/bxi_rl_controller_ros2_example/resources/elf2-arm/urdf) by extension 'cmake'
[0.135s] [34mcolcon.colcon_core.package_identification[0m [1;30mLevel 1[0m _identify(src/bxi_rl_controller_ros2_example/resources/elf2-arm/urdf) by extension 'python'
[0.135s] [34mcolcon.colcon_core.package_identification[0m [1;30mLevel 1[0m _identify(src/bxi_rl_controller_ros2_example/resources/elf2-arm/urdf) by extensions ['python_setup_py']
[0.135s] [34mcolcon.colcon_core.package_identification[0m [1;30mLevel 1[0m _identify(src/bxi_rl_controller_ros2_example/resources/elf2-arm/urdf) by extension 'python_setup_py'
[0.135s] [34mcolcon.colcon_core.package_identification[0m [1;30mLevel 1[0m _identify(src/bxi_rl_controller_ros2_example/resources/elf2-footv4) by extensions ['ignore', 'ignore_ament_install']
[0.135s] [34mcolcon.colcon_core.package_identification[0m [1;30mLevel 1[0m _identify(src/bxi_rl_controller_ros2_example/resources/elf2-footv4) by extension 'ignore'
[0.135s] [34mcolcon.colcon_core.package_identification[0m [1;30mLevel 1[0m _identify(src/bxi_rl_controller_ros2_example/resources/elf2-footv4) by extension 'ignore_ament_install'
[0.135s] [34mcolcon.colcon_core.package_identification[0m [1;30mLevel 1[0m _identify(src/bxi_rl_controller_ros2_example/resources/elf2-footv4) by extensions ['colcon_pkg']
[0.135s] [34mcolcon.colcon_core.package_identification[0m [1;30mLevel 1[0m _identify(src/bxi_rl_controller_ros2_example/resources/elf2-footv4) by extension 'colcon_pkg'
[0.135s] [34mcolcon.colcon_core.package_identification[0m [1;30mLevel 1[0m _identify(src/bxi_rl_controller_ros2_example/resources/elf2-footv4) by extensions ['colcon_meta']
[0.135s] [34mcolcon.colcon_core.package_identification[0m [1;30mLevel 1[0m _identify(src/bxi_rl_controller_ros2_example/resources/elf2-footv4) by extension 'colcon_meta'
[0.135s] [34mcolcon.colcon_core.package_identification[0m [1;30mLevel 1[0m _identify(src/bxi_rl_controller_ros2_example/resources/elf2-footv4) by extensions ['ros']
[0.135s] [34mcolcon.colcon_core.package_identification[0m [1;30mLevel 1[0m _identify(src/bxi_rl_controller_ros2_example/resources/elf2-footv4) by extension 'ros'
[0.135s] [34mcolcon.colcon_core.package_identification[0m [1;30mLevel 1[0m _identify(src/bxi_rl_controller_ros2_example/resources/elf2-footv4) by extensions ['cmake', 'python']
[0.135s] [34mcolcon.colcon_core.package_identification[0m [1;30mLevel 1[0m _identify(src/bxi_rl_controller_ros2_example/resources/elf2-footv4) by extension 'cmake'
[0.135s] [34mcolcon.colcon_core.package_identification[0m [1;30mLevel 1[0m _identify(src/bxi_rl_controller_ros2_example/resources/elf2-footv4) by extension 'python'
[0.135s] [34mcolcon.colcon_core.package_identification[0m [1;30mLevel 1[0m _identify(src/bxi_rl_controller_ros2_example/resources/elf2-footv4) by extensions ['python_setup_py']
[0.135s] [34mcolcon.colcon_core.package_identification[0m [1;30mLevel 1[0m _identify(src/bxi_rl_controller_ros2_example/resources/elf2-footv4) by extension 'python_setup_py'
[0.135s] [34mcolcon.colcon_core.package_identification[0m [1;30mLevel 1[0m _identify(src/bxi_rl_controller_ros2_example/resources/elf2-footv4/meshes) by extensions ['ignore', 'ignore_ament_install']
[0.135s] [34mcolcon.colcon_core.package_identification[0m [1;30mLevel 1[0m _identify(src/bxi_rl_controller_ros2_example/resources/elf2-footv4/meshes) by extension 'ignore'
[0.135s] [34mcolcon.colcon_core.package_identification[0m [1;30mLevel 1[0m _identify(src/bxi_rl_controller_ros2_example/resources/elf2-footv4/meshes) by extension 'ignore_ament_install'
[0.135s] [34mcolcon.colcon_core.package_identification[0m [1;30mLevel 1[0m _identify(src/bxi_rl_controller_ros2_example/resources/elf2-footv4/meshes) by extensions ['colcon_pkg']
[0.135s] [34mcolcon.colcon_core.package_identification[0m [1;30mLevel 1[0m _identify(src/bxi_rl_controller_ros2_example/resources/elf2-footv4/meshes) by extension 'colcon_pkg'
[0.135s] [34mcolcon.colcon_core.package_identification[0m [1;30mLevel 1[0m _identify(src/bxi_rl_controller_ros2_example/resources/elf2-footv4/meshes) by extensions ['colcon_meta']
[0.135s] [34mcolcon.colcon_core.package_identification[0m [1;30mLevel 1[0m _identify(src/bxi_rl_controller_ros2_example/resources/elf2-footv4/meshes) by extension 'colcon_meta'
[0.135s] [34mcolcon.colcon_core.package_identification[0m [1;30mLevel 1[0m _identify(src/bxi_rl_controller_ros2_example/resources/elf2-footv4/meshes) by extensions ['ros']
[0.135s] [34mcolcon.colcon_core.package_identification[0m [1;30mLevel 1[0m _identify(src/bxi_rl_controller_ros2_example/resources/elf2-footv4/meshes) by extension 'ros'
[0.135s] [34mcolcon.colcon_core.package_identification[0m [1;30mLevel 1[0m _identify(src/bxi_rl_controller_ros2_example/resources/elf2-footv4/meshes) by extensions ['cmake', 'python']
[0.135s] [34mcolcon.colcon_core.package_identification[0m [1;30mLevel 1[0m _identify(src/bxi_rl_controller_ros2_example/resources/elf2-footv4/meshes) by extension 'cmake'
[0.135s] [34mcolcon.colcon_core.package_identification[0m [1;30mLevel 1[0m _identify(src/bxi_rl_controller_ros2_example/resources/elf2-footv4/meshes) by extension 'python'
[0.135s] [34mcolcon.colcon_core.package_identification[0m [1;30mLevel 1[0m _identify(src/bxi_rl_controller_ros2_example/resources/elf2-footv4/meshes) by extensions ['python_setup_py']
[0.135s] [34mcolcon.colcon_core.package_identification[0m [1;30mLevel 1[0m _identify(src/bxi_rl_controller_ros2_example/resources/elf2-footv4/meshes) by extension 'python_setup_py'
[0.135s] [34mcolcon.colcon_core.package_identification[0m [1;30mLevel 1[0m _identify(src/bxi_rl_controller_ros2_example/resources/elf2-footv4/urdf) by extensions ['ignore', 'ignore_ament_install']
[0.135s] [34mcolcon.colcon_core.package_identification[0m [1;30mLevel 1[0m _identify(src/bxi_rl_controller_ros2_example/resources/elf2-footv4/urdf) by extension 'ignore'
[0.135s] [34mcolcon.colcon_core.package_identification[0m [1;30mLevel 1[0m _identify(src/bxi_rl_controller_ros2_example/resources/elf2-footv4/urdf) by extension 'ignore_ament_install'
[0.135s] [34mcolcon.colcon_core.package_identification[0m [1;30mLevel 1[0m _identify(src/bxi_rl_controller_ros2_example/resources/elf2-footv4/urdf) by extensions ['colcon_pkg']
[0.135s] [34mcolcon.colcon_core.package_identification[0m [1;30mLevel 1[0m _identify(src/bxi_rl_controller_ros2_example/resources/elf2-footv4/urdf) by extension 'colcon_pkg'
[0.135s] [34mcolcon.colcon_core.package_identification[0m [1;30mLevel 1[0m _identify(src/bxi_rl_controller_ros2_example/resources/elf2-footv4/urdf) by extensions ['colcon_meta']
[0.135s] [34mcolcon.colcon_core.package_identification[0m [1;30mLevel 1[0m _identify(src/bxi_rl_controller_ros2_example/resources/elf2-footv4/urdf) by extension 'colcon_meta'
[0.135s] [34mcolcon.colcon_core.package_identification[0m [1;30mLevel 1[0m _identify(src/bxi_rl_controller_ros2_example/resources/elf2-footv4/urdf) by extensions ['ros']
[0.135s] [34mcolcon.colcon_core.package_identification[0m [1;30mLevel 1[0m _identify(src/bxi_rl_controller_ros2_example/resources/elf2-footv4/urdf) by extension 'ros'
[0.135s] [34mcolcon.colcon_core.package_identification[0m [1;30mLevel 1[0m _identify(src/bxi_rl_controller_ros2_example/resources/elf2-footv4/urdf) by extensions ['cmake', 'python']
[0.135s] [34mcolcon.colcon_core.package_identification[0m [1;30mLevel 1[0m _identify(src/bxi_rl_controller_ros2_example/resources/elf2-footv4/urdf) by extension 'cmake'
[0.136s] [34mcolcon.colcon_core.package_identification[0m [1;30mLevel 1[0m _identify(src/bxi_rl_controller_ros2_example/resources/elf2-footv4/urdf) by extension 'python'
[0.136s] [34mcolcon.colcon_core.package_identification[0m [1;30mLevel 1[0m _identify(src/bxi_rl_controller_ros2_example/resources/elf2-footv4/urdf) by extensions ['python_setup_py']
[0.136s] [34mcolcon.colcon_core.package_identification[0m [1;30mLevel 1[0m _identify(src/bxi_rl_controller_ros2_example/resources/elf2-footv4/urdf) by extension 'python_setup_py'
[0.136s] [34mcolcon.colcon_core.package_identification[0m [1;30mLevel 1[0m _identify(src/bxi_rl_controller_ros2_example/resources/elf2-trunk) by extensions ['ignore', 'ignore_ament_install']
[0.136s] [34mcolcon.colcon_core.package_identification[0m [1;30mLevel 1[0m _identify(src/bxi_rl_controller_ros2_example/resources/elf2-trunk) by extension 'ignore'
[0.136s] [34mcolcon.colcon_core.package_identification[0m [1;30mLevel 1[0m _identify(src/bxi_rl_controller_ros2_example/resources/elf2-trunk) by extension 'ignore_ament_install'
[0.136s] [34mcolcon.colcon_core.package_identification[0m [1;30mLevel 1[0m _identify(src/bxi_rl_controller_ros2_example/resources/elf2-trunk) by extensions ['colcon_pkg']
[0.136s] [34mcolcon.colcon_core.package_identification[0m [1;30mLevel 1[0m _identify(src/bxi_rl_controller_ros2_example/resources/elf2-trunk) by extension 'colcon_pkg'
[0.136s] [34mcolcon.colcon_core.package_identification[0m [1;30mLevel 1[0m _identify(src/bxi_rl_controller_ros2_example/resources/elf2-trunk) by extensions ['colcon_meta']
[0.136s] [34mcolcon.colcon_core.package_identification[0m [1;30mLevel 1[0m _identify(src/bxi_rl_controller_ros2_example/resources/elf2-trunk) by extension 'colcon_meta'
[0.136s] [34mcolcon.colcon_core.package_identification[0m [1;30mLevel 1[0m _identify(src/bxi_rl_controller_ros2_example/resources/elf2-trunk) by extensions ['ros']
[0.136s] [34mcolcon.colcon_core.package_identification[0m [1;30mLevel 1[0m _identify(src/bxi_rl_controller_ros2_example/resources/elf2-trunk) by extension 'ros'
[0.136s] [34mcolcon.colcon_core.package_identification[0m [1;30mLevel 1[0m _identify(src/bxi_rl_controller_ros2_example/resources/elf2-trunk) by extensions ['cmake', 'python']
[0.136s] [34mcolcon.colcon_core.package_identification[0m [1;30mLevel 1[0m _identify(src/bxi_rl_controller_ros2_example/resources/elf2-trunk) by extension 'cmake'
[0.136s] [34mcolcon.colcon_core.package_identification[0m [1;30mLevel 1[0m _identify(src/bxi_rl_controller_ros2_example/resources/elf2-trunk) by extension 'python'
[0.136s] [34mcolcon.colcon_core.package_identification[0m [1;30mLevel 1[0m _identify(src/bxi_rl_controller_ros2_example/resources/elf2-trunk) by extensions ['python_setup_py']
[0.136s] [34mcolcon.colcon_core.package_identification[0m [1;30mLevel 1[0m _identify(src/bxi_rl_controller_ros2_example/resources/elf2-trunk) by extension 'python_setup_py'
[0.136s] [34mcolcon.colcon_core.package_identification[0m [1;30mLevel 1[0m _identify(src/bxi_rl_controller_ros2_example/resources/elf2-trunk/meshes) by extensions ['ignore', 'ignore_ament_install']
[0.136s] [34mcolcon.colcon_core.package_identification[0m [1;30mLevel 1[0m _identify(src/bxi_rl_controller_ros2_example/resources/elf2-trunk/meshes) by extension 'ignore'
[0.136s] [34mcolcon.colcon_core.package_identification[0m [1;30mLevel 1[0m _identify(src/bxi_rl_controller_ros2_example/resources/elf2-trunk/meshes) by extension 'ignore_ament_install'
[0.136s] [34mcolcon.colcon_core.package_identification[0m [1;30mLevel 1[0m _identify(src/bxi_rl_controller_ros2_example/resources/elf2-trunk/meshes) by extensions ['colcon_pkg']
[0.136s] [34mcolcon.colcon_core.package_identification[0m [1;30mLevel 1[0m _identify(src/bxi_rl_controller_ros2_example/resources/elf2-trunk/meshes) by extension 'colcon_pkg'
[0.136s] [34mcolcon.colcon_core.package_identification[0m [1;30mLevel 1[0m _identify(src/bxi_rl_controller_ros2_example/resources/elf2-trunk/meshes) by extensions ['colcon_meta']
[0.136s] [34mcolcon.colcon_core.package_identification[0m [1;30mLevel 1[0m _identify(src/bxi_rl_controller_ros2_example/resources/elf2-trunk/meshes) by extension 'colcon_meta'
[0.136s] [34mcolcon.colcon_core.package_identification[0m [1;30mLevel 1[0m _identify(src/bxi_rl_controller_ros2_example/resources/elf2-trunk/meshes) by extensions ['ros']
[0.136s] [34mcolcon.colcon_core.package_identification[0m [1;30mLevel 1[0m _identify(src/bxi_rl_controller_ros2_example/resources/elf2-trunk/meshes) by extension 'ros'
[0.136s] [34mcolcon.colcon_core.package_identification[0m [1;30mLevel 1[0m _identify(src/bxi_rl_controller_ros2_example/resources/elf2-trunk/meshes) by extensions ['cmake', 'python']
[0.136s] [34mcolcon.colcon_core.package_identification[0m [1;30mLevel 1[0m _identify(src/bxi_rl_controller_ros2_example/resources/elf2-trunk/meshes) by extension 'cmake'
[0.136s] [34mcolcon.colcon_core.package_identification[0m [1;30mLevel 1[0m _identify(src/bxi_rl_controller_ros2_example/resources/elf2-trunk/meshes) by extension 'python'
[0.136s] [34mcolcon.colcon_core.package_identification[0m [1;30mLevel 1[0m _identify(src/bxi_rl_controller_ros2_example/resources/elf2-trunk/meshes) by extensions ['python_setup_py']
[0.136s] [34mcolcon.colcon_core.package_identification[0m [1;30mLevel 1[0m _identify(src/bxi_rl_controller_ros2_example/resources/elf2-trunk/meshes) by extension 'python_setup_py'
[0.136s] [34mcolcon.colcon_core.package_identification[0m [1;30mLevel 1[0m _identify(src/bxi_rl_controller_ros2_example/resources/elf2-trunk/urdf) by extensions ['ignore', 'ignore_ament_install']
[0.136s] [34mcolcon.colcon_core.package_identification[0m [1;30mLevel 1[0m _identify(src/bxi_rl_controller_ros2_example/resources/elf2-trunk/urdf) by extension 'ignore'
[0.136s] [34mcolcon.colcon_core.package_identification[0m [1;30mLevel 1[0m _identify(src/bxi_rl_controller_ros2_example/resources/elf2-trunk/urdf) by extension 'ignore_ament_install'
[0.136s] [34mcolcon.colcon_core.package_identification[0m [1;30mLevel 1[0m _identify(src/bxi_rl_controller_ros2_example/resources/elf2-trunk/urdf) by extensions ['colcon_pkg']
[0.136s] [34mcolcon.colcon_core.package_identification[0m [1;30mLevel 1[0m _identify(src/bxi_rl_controller_ros2_example/resources/elf2-trunk/urdf) by extension 'colcon_pkg'
[0.136s] [34mcolcon.colcon_core.package_identification[0m [1;30mLevel 1[0m _identify(src/bxi_rl_controller_ros2_example/resources/elf2-trunk/urdf) by extensions ['colcon_meta']
[0.136s] [34mcolcon.colcon_core.package_identification[0m [1;30mLevel 1[0m _identify(src/bxi_rl_controller_ros2_example/resources/elf2-trunk/urdf) by extension 'colcon_meta'
[0.136s] [34mcolcon.colcon_core.package_identification[0m [1;30mLevel 1[0m _identify(src/bxi_rl_controller_ros2_example/resources/elf2-trunk/urdf) by extensions ['ros']
[0.136s] [34mcolcon.colcon_core.package_identification[0m [1;30mLevel 1[0m _identify(src/bxi_rl_controller_ros2_example/resources/elf2-trunk/urdf) by extension 'ros'
[0.136s] [34mcolcon.colcon_core.package_identification[0m [1;30mLevel 1[0m _identify(src/bxi_rl_controller_ros2_example/resources/elf2-trunk/urdf) by extensions ['cmake', 'python']
[0.136s] [34mcolcon.colcon_core.package_identification[0m [1;30mLevel 1[0m _identify(src/bxi_rl_controller_ros2_example/resources/elf2-trunk/urdf) by extension 'cmake'
[0.136s] [34mcolcon.colcon_core.package_identification[0m [1;30mLevel 1[0m _identify(src/bxi_rl_controller_ros2_example/resources/elf2-trunk/urdf) by extension 'python'
[0.136s] [34mcolcon.colcon_core.package_identification[0m [1;30mLevel 1[0m _identify(src/bxi_rl_controller_ros2_example/resources/elf2-trunk/urdf) by extensions ['python_setup_py']
[0.136s] [34mcolcon.colcon_core.package_identification[0m [1;30mLevel 1[0m _identify(src/bxi_rl_controller_ros2_example/resources/elf2-trunk/urdf) by extension 'python_setup_py'
[0.136s] [34mcolcon.colcon_core.package_identification[0m [1;30mLevel 1[0m _identify(src/bxi_rl_controller_ros2_example/resources/elf3_dof29) by extensions ['ignore', 'ignore_ament_install']
[0.137s] [34mcolcon.colcon_core.package_identification[0m [1;30mLevel 1[0m _identify(src/bxi_rl_controller_ros2_example/resources/elf3_dof29) by extension 'ignore'
[0.137s] [34mcolcon.colcon_core.package_identification[0m [1;30mLevel 1[0m _identify(src/bxi_rl_controller_ros2_example/resources/elf3_dof29) by extension 'ignore_ament_install'
[0.137s] [34mcolcon.colcon_core.package_identification[0m [1;30mLevel 1[0m _identify(src/bxi_rl_controller_ros2_example/resources/elf3_dof29) by extensions ['colcon_pkg']
[0.137s] [34mcolcon.colcon_core.package_identification[0m [1;30mLevel 1[0m _identify(src/bxi_rl_controller_ros2_example/resources/elf3_dof29) by extension 'colcon_pkg'
[0.137s] [34mcolcon.colcon_core.package_identification[0m [1;30mLevel 1[0m _identify(src/bxi_rl_controller_ros2_example/resources/elf3_dof29) by extensions ['colcon_meta']
[0.137s] [34mcolcon.colcon_core.package_identification[0m [1;30mLevel 1[0m _identify(src/bxi_rl_controller_ros2_example/resources/elf3_dof29) by extension 'colcon_meta'
[0.137s] [34mcolcon.colcon_core.package_identification[0m [1;30mLevel 1[0m _identify(src/bxi_rl_controller_ros2_example/resources/elf3_dof29) by extensions ['ros']
[0.137s] [34mcolcon.colcon_core.package_identification[0m [1;30mLevel 1[0m _identify(src/bxi_rl_controller_ros2_example/resources/elf3_dof29) by extension 'ros'
[0.137s] [34mcolcon.colcon_core.package_identification[0m [1;30mLevel 1[0m _identify(src/bxi_rl_controller_ros2_example/resources/elf3_dof29) by extensions ['cmake', 'python']
[0.137s] [34mcolcon.colcon_core.package_identification[0m [1;30mLevel 1[0m _identify(src/bxi_rl_controller_ros2_example/resources/elf3_dof29) by extension 'cmake'
[0.137s] [34mcolcon.colcon_core.package_identification[0m [1;30mLevel 1[0m _identify(src/bxi_rl_controller_ros2_example/resources/elf3_dof29) by extension 'python'
[0.137s] [34mcolcon.colcon_core.package_identification[0m [1;30mLevel 1[0m _identify(src/bxi_rl_controller_ros2_example/resources/elf3_dof29) by extensions ['python_setup_py']
[0.137s] [34mcolcon.colcon_core.package_identification[0m [1;30mLevel 1[0m _identify(src/bxi_rl_controller_ros2_example/resources/elf3_dof29) by extension 'python_setup_py'
[0.137s] [34mcolcon.colcon_core.package_identification[0m [1;30mLevel 1[0m _identify(src/bxi_rl_controller_ros2_example/resources/elf3_dof29/urdf) by extensions ['ignore', 'ignore_ament_install']
[0.137s] [34mcolcon.colcon_core.package_identification[0m [1;30mLevel 1[0m _identify(src/bxi_rl_controller_ros2_example/resources/elf3_dof29/urdf) by extension 'ignore'
[0.137s] [34mcolcon.colcon_core.package_identification[0m [1;30mLevel 1[0m _identify(src/bxi_rl_controller_ros2_example/resources/elf3_dof29/urdf) by extension 'ignore_ament_install'
[0.137s] [34mcolcon.colcon_core.package_identification[0m [1;30mLevel 1[0m _identify(src/bxi_rl_controller_ros2_example/resources/elf3_dof29/urdf) by extensions ['colcon_pkg']
[0.137s] [34mcolcon.colcon_core.package_identification[0m [1;30mLevel 1[0m _identify(src/bxi_rl_controller_ros2_example/resources/elf3_dof29/urdf) by extension 'colcon_pkg'
[0.137s] [34mcolcon.colcon_core.package_identification[0m [1;30mLevel 1[0m _identify(src/bxi_rl_controller_ros2_example/resources/elf3_dof29/urdf) by extensions ['colcon_meta']
[0.137s] [34mcolcon.colcon_core.package_identification[0m [1;30mLevel 1[0m _identify(src/bxi_rl_controller_ros2_example/resources/elf3_dof29/urdf) by extension 'colcon_meta'
[0.137s] [34mcolcon.colcon_core.package_identification[0m [1;30mLevel 1[0m _identify(src/bxi_rl_controller_ros2_example/resources/elf3_dof29/urdf) by extensions ['ros']
[0.137s] [34mcolcon.colcon_core.package_identification[0m [1;30mLevel 1[0m _identify(src/bxi_rl_controller_ros2_example/resources/elf3_dof29/urdf) by extension 'ros'
[0.137s] [34mcolcon.colcon_core.package_identification[0m [1;30mLevel 1[0m _identify(src/bxi_rl_controller_ros2_example/resources/elf3_dof29/urdf) by extensions ['cmake', 'python']
[0.137s] [34mcolcon.colcon_core.package_identification[0m [1;30mLevel 1[0m _identify(src/bxi_rl_controller_ros2_example/resources/elf3_dof29/urdf) by extension 'cmake'
[0.137s] [34mcolcon.colcon_core.package_identification[0m [1;30mLevel 1[0m _identify(src/bxi_rl_controller_ros2_example/resources/elf3_dof29/urdf) by extension 'python'
[0.137s] [34mcolcon.colcon_core.package_identification[0m [1;30mLevel 1[0m _identify(src/bxi_rl_controller_ros2_example/resources/elf3_dof29/urdf) by extensions ['python_setup_py']
[0.137s] [34mcolcon.colcon_core.package_identification[0m [1;30mLevel 1[0m _identify(src/bxi_rl_controller_ros2_example/resources/elf3_dof29/urdf) by extension 'python_setup_py'
[0.137s] [34mcolcon.colcon_core.package_identification[0m [1;30mLevel 1[0m _identify(src/bxi_rl_controller_ros2_example/resources/elf3_dof29/urdf/meshes) by extensions ['ignore', 'ignore_ament_install']
[0.137s] [34mcolcon.colcon_core.package_identification[0m [1;30mLevel 1[0m _identify(src/bxi_rl_controller_ros2_example/resources/elf3_dof29/urdf/meshes) by extension 'ignore'
[0.137s] [34mcolcon.colcon_core.package_identification[0m [1;30mLevel 1[0m _identify(src/bxi_rl_controller_ros2_example/resources/elf3_dof29/urdf/meshes) by extension 'ignore_ament_install'
[0.137s] [34mcolcon.colcon_core.package_identification[0m [1;30mLevel 1[0m _identify(src/bxi_rl_controller_ros2_example/resources/elf3_dof29/urdf/meshes) by extensions ['colcon_pkg']
[0.137s] [34mcolcon.colcon_core.package_identification[0m [1;30mLevel 1[0m _identify(src/bxi_rl_controller_ros2_example/resources/elf3_dof29/urdf/meshes) by extension 'colcon_pkg'
[0.137s] [34mcolcon.colcon_core.package_identification[0m [1;30mLevel 1[0m _identify(src/bxi_rl_controller_ros2_example/resources/elf3_dof29/urdf/meshes) by extensions ['colcon_meta']
[0.137s] [34mcolcon.colcon_core.package_identification[0m [1;30mLevel 1[0m _identify(src/bxi_rl_controller_ros2_example/resources/elf3_dof29/urdf/meshes) by extension 'colcon_meta'
[0.137s] [34mcolcon.colcon_core.package_identification[0m [1;30mLevel 1[0m _identify(src/bxi_rl_controller_ros2_example/resources/elf3_dof29/urdf/meshes) by extensions ['ros']
[0.137s] [34mcolcon.colcon_core.package_identification[0m [1;30mLevel 1[0m _identify(src/bxi_rl_controller_ros2_example/resources/elf3_dof29/urdf/meshes) by extension 'ros'
[0.137s] [34mcolcon.colcon_core.package_identification[0m [1;30mLevel 1[0m _identify(src/bxi_rl_controller_ros2_example/resources/elf3_dof29/urdf/meshes) by extensions ['cmake', 'python']
[0.137s] [34mcolcon.colcon_core.package_identification[0m [1;30mLevel 1[0m _identify(src/bxi_rl_controller_ros2_example/resources/elf3_dof29/urdf/meshes) by extension 'cmake'
[0.137s] [34mcolcon.colcon_core.package_identification[0m [1;30mLevel 1[0m _identify(src/bxi_rl_controller_ros2_example/resources/elf3_dof29/urdf/meshes) by extension 'python'
[0.137s] [34mcolcon.colcon_core.package_identification[0m [1;30mLevel 1[0m _identify(src/bxi_rl_controller_ros2_example/resources/elf3_dof29/urdf/meshes) by extensions ['python_setup_py']
[0.137s] [34mcolcon.colcon_core.package_identification[0m [1;30mLevel 1[0m _identify(src/bxi_rl_controller_ros2_example/resources/elf3_dof29/urdf/meshes) by extension 'python_setup_py'
[0.137s] [34mcolcon.colcon_core.package_identification[0m [1;30mLevel 1[0m _identify(src/bxi_rl_controller_ros2_example/script) by extensions ['ignore', 'ignore_ament_install']
[0.137s] [34mcolcon.colcon_core.package_identification[0m [1;30mLevel 1[0m _identify(src/bxi_rl_controller_ros2_example/script) by extension 'ignore'
[0.137s] [34mcolcon.colcon_core.package_identification[0m [1;30mLevel 1[0m _identify(src/bxi_rl_controller_ros2_example/script) by extension 'ignore_ament_install'
[0.137s] [34mcolcon.colcon_core.package_identification[0m [1;30mLevel 1[0m _identify(src/bxi_rl_controller_ros2_example/script) by extensions ['colcon_pkg']
[0.137s] [34mcolcon.colcon_core.package_identification[0m [1;30mLevel 1[0m _identify(src/bxi_rl_controller_ros2_example/script) by extension 'colcon_pkg'
[0.137s] [34mcolcon.colcon_core.package_identification[0m [1;30mLevel 1[0m _identify(src/bxi_rl_controller_ros2_example/script) by extensions ['colcon_meta']
[0.138s] [34mcolcon.colcon_core.package_identification[0m [1;30mLevel 1[0m _identify(src/bxi_rl_controller_ros2_example/script) by extension 'colcon_meta'
[0.138s] [34mcolcon.colcon_core.package_identification[0m [1;30mLevel 1[0m _identify(src/bxi_rl_controller_ros2_example/script) by extensions ['ros']
[0.138s] [34mcolcon.colcon_core.package_identification[0m [1;30mLevel 1[0m _identify(src/bxi_rl_controller_ros2_example/script) by extension 'ros'
[0.138s] [34mcolcon.colcon_core.package_identification[0m [1;30mLevel 1[0m _identify(src/bxi_rl_controller_ros2_example/script) by extensions ['cmake', 'python']
[0.138s] [34mcolcon.colcon_core.package_identification[0m [1;30mLevel 1[0m _identify(src/bxi_rl_controller_ros2_example/script) by extension 'cmake'
[0.138s] [34mcolcon.colcon_core.package_identification[0m [1;30mLevel 1[0m _identify(src/bxi_rl_controller_ros2_example/script) by extension 'python'
[0.138s] [34mcolcon.colcon_core.package_identification[0m [1;30mLevel 1[0m _identify(src/bxi_rl_controller_ros2_example/script) by extensions ['python_setup_py']
[0.138s] [34mcolcon.colcon_core.package_identification[0m [1;30mLevel 1[0m _identify(src/bxi_rl_controller_ros2_example/script) by extension 'python_setup_py'
[0.138s] [34mcolcon.colcon_core.package_identification[0m [1;30mLevel 1[0m _identify(src/bxi_rl_controller_ros2_example/src) by extensions ['ignore', 'ignore_ament_install']
[0.138s] [34mcolcon.colcon_core.package_identification[0m [1;30mLevel 1[0m _identify(src/bxi_rl_controller_ros2_example/src) by extension 'ignore'
[0.138s] [34mcolcon.colcon_core.package_identification[0m [1;30mLevel 1[0m _identify(src/bxi_rl_controller_ros2_example/src) by extension 'ignore_ament_install'
[0.138s] [34mcolcon.colcon_core.package_identification[0m [1;30mLevel 1[0m _identify(src/bxi_rl_controller_ros2_example/src) by extensions ['colcon_pkg']
[0.138s] [34mcolcon.colcon_core.package_identification[0m [1;30mLevel 1[0m _identify(src/bxi_rl_controller_ros2_example/src) by extension 'colcon_pkg'
[0.138s] [34mcolcon.colcon_core.package_identification[0m [1;30mLevel 1[0m _identify(src/bxi_rl_controller_ros2_example/src) by extensions ['colcon_meta']
[0.138s] [34mcolcon.colcon_core.package_identification[0m [1;30mLevel 1[0m _identify(src/bxi_rl_controller_ros2_example/src) by extension 'colcon_meta'
[0.138s] [34mcolcon.colcon_core.package_identification[0m [1;30mLevel 1[0m _identify(src/bxi_rl_controller_ros2_example/src) by extensions ['ros']
[0.138s] [34mcolcon.colcon_core.package_identification[0m [1;30mLevel 1[0m _identify(src/bxi_rl_controller_ros2_example/src) by extension 'ros'
[0.138s] [34mcolcon.colcon_core.package_identification[0m [1;30mLevel 1[0m _identify(src/bxi_rl_controller_ros2_example/src) by extensions ['cmake', 'python']
[0.138s] [34mcolcon.colcon_core.package_identification[0m [1;30mLevel 1[0m _identify(src/bxi_rl_controller_ros2_example/src) by extension 'cmake'
[0.138s] [34mcolcon.colcon_core.package_identification[0m [1;30mLevel 1[0m _identify(src/bxi_rl_controller_ros2_example/src) by extension 'python'
[0.138s] [34mcolcon.colcon_core.package_identification[0m [1;30mLevel 1[0m _identify(src/bxi_rl_controller_ros2_example/src) by extensions ['python_setup_py']
[0.138s] [34mcolcon.colcon_core.package_identification[0m [1;30mLevel 1[0m _identify(src/bxi_rl_controller_ros2_example/src) by extension 'python_setup_py'
[0.138s] [34mcolcon.colcon_core.package_identification[0m [1;30mLevel 1[0m _identify(src/bxi_rl_controller_ros2_example/src/bxi_example) by extensions ['ignore', 'ignore_ament_install']
[0.138s] [34mcolcon.colcon_core.package_identification[0m [1;30mLevel 1[0m _identify(src/bxi_rl_controller_ros2_example/src/bxi_example) by extension 'ignore'
[0.138s] [34mcolcon.colcon_core.package_identification[0m [1;30mLevel 1[0m _identify(src/bxi_rl_controller_ros2_example/src/bxi_example) by extension 'ignore_ament_install'
[0.138s] [34mcolcon.colcon_core.package_identification[0m [1;30mLevel 1[0m _identify(src/bxi_rl_controller_ros2_example/src/bxi_example) by extensions ['colcon_pkg']
[0.138s] [34mcolcon.colcon_core.package_identification[0m [1;30mLevel 1[0m _identify(src/bxi_rl_controller_ros2_example/src/bxi_example) by extension 'colcon_pkg'
[0.138s] [34mcolcon.colcon_core.package_identification[0m [1;30mLevel 1[0m _identify(src/bxi_rl_controller_ros2_example/src/bxi_example) by extensions ['colcon_meta']
[0.138s] [34mcolcon.colcon_core.package_identification[0m [1;30mLevel 1[0m _identify(src/bxi_rl_controller_ros2_example/src/bxi_example) by extension 'colcon_meta'
[0.138s] [34mcolcon.colcon_core.package_identification[0m [1;30mLevel 1[0m _identify(src/bxi_rl_controller_ros2_example/src/bxi_example) by extensions ['ros']
[0.138s] [34mcolcon.colcon_core.package_identification[0m [1;30mLevel 1[0m _identify(src/bxi_rl_controller_ros2_example/src/bxi_example) by extension 'ros'
[0.138s] [34mcolcon.colcon_core.package_identification[0m [1;30mDEBUG[0m [32mPackage 'src/bxi_rl_controller_ros2_example/src/bxi_example' with type 'ros.ament_cmake' and name 'bxi_example'[0m
[0.139s] [34mcolcon.colcon_core.package_identification[0m [1;30mLevel 1[0m _identify(src/bxi_rl_controller_ros2_example/src/bxi_example_arm) by extensions ['ignore', 'ignore_ament_install']
[0.139s] [34mcolcon.colcon_core.package_identification[0m [1;30mLevel 1[0m _identify(src/bxi_rl_controller_ros2_example/src/bxi_example_arm) by extension 'ignore'
[0.139s] [34mcolcon.colcon_core.package_identification[0m [1;30mLevel 1[0m _identify(src/bxi_rl_controller_ros2_example/src/bxi_example_arm) by extension 'ignore_ament_install'
[0.139s] [34mcolcon.colcon_core.package_identification[0m [1;30mLevel 1[0m _identify(src/bxi_rl_controller_ros2_example/src/bxi_example_arm) by extensions ['colcon_pkg']
[0.139s] [34mcolcon.colcon_core.package_identification[0m [1;30mLevel 1[0m _identify(src/bxi_rl_controller_ros2_example/src/bxi_example_arm) by extension 'colcon_pkg'
[0.139s] [34mcolcon.colcon_core.package_identification[0m [1;30mLevel 1[0m _identify(src/bxi_rl_controller_ros2_example/src/bxi_example_arm) by extensions ['colcon_meta']
[0.139s] [34mcolcon.colcon_core.package_identification[0m [1;30mLevel 1[0m _identify(src/bxi_rl_controller_ros2_example/src/bxi_example_arm) by extension 'colcon_meta'
[0.139s] [34mcolcon.colcon_core.package_identification[0m [1;30mLevel 1[0m _identify(src/bxi_rl_controller_ros2_example/src/bxi_example_arm) by extensions ['ros']
[0.139s] [34mcolcon.colcon_core.package_identification[0m [1;30mLevel 1[0m _identify(src/bxi_rl_controller_ros2_example/src/bxi_example_arm) by extension 'ros'
[0.139s] [34mcolcon.colcon_core.package_identification[0m [1;30mDEBUG[0m [32mPackage 'src/bxi_rl_controller_ros2_example/src/bxi_example_arm' with type 'ros.ament_cmake' and name 'bxi_example_arm'[0m
[0.139s] [34mcolcon.colcon_core.package_identification[0m [1;30mLevel 1[0m _identify(src/bxi_rl_controller_ros2_example/src/bxi_example_py) by extensions ['ignore', 'ignore_ament_install']
[0.139s] [34mcolcon.colcon_core.package_identification[0m [1;30mLevel 1[0m _identify(src/bxi_rl_controller_ros2_example/src/bxi_example_py) by extension 'ignore'
[0.139s] [34mcolcon.colcon_core.package_identification[0m [1;30mLevel 1[0m _identify(src/bxi_rl_controller_ros2_example/src/bxi_example_py) by extension 'ignore_ament_install'
[0.139s] [34mcolcon.colcon_core.package_identification[0m [1;30mLevel 1[0m _identify(src/bxi_rl_controller_ros2_example/src/bxi_example_py) by extensions ['colcon_pkg']
[0.139s] [34mcolcon.colcon_core.package_identification[0m [1;30mLevel 1[0m _identify(src/bxi_rl_controller_ros2_example/src/bxi_example_py) by extension 'colcon_pkg'
[0.139s] [34mcolcon.colcon_core.package_identification[0m [1;30mLevel 1[0m _identify(src/bxi_rl_controller_ros2_example/src/bxi_example_py) by extensions ['colcon_meta']
[0.139s] [34mcolcon.colcon_core.package_identification[0m [1;30mLevel 1[0m _identify(src/bxi_rl_controller_ros2_example/src/bxi_example_py) by extension 'colcon_meta'
[0.139s] [34mcolcon.colcon_core.package_identification[0m [1;30mLevel 1[0m _identify(src/bxi_rl_controller_ros2_example/src/bxi_example_py) by extensions ['ros']
[0.139s] [34mcolcon.colcon_core.package_identification[0m [1;30mLevel 1[0m _identify(src/bxi_rl_controller_ros2_example/src/bxi_example_py) by extension 'ros'
[0.139s] [34mcolcon.colcon_core.package_identification[0m [1;30mDEBUG[0m [32mPackage 'src/bxi_rl_controller_ros2_example/src/bxi_example_py' with type 'ros.ament_python' and name 'bxi_example_py'[0m
[0.140s] [34mcolcon.colcon_core.package_identification[0m [1;30mLevel 1[0m _identify(src/bxi_rl_controller_ros2_example/src/bxi_example_py_ankle) by extensions ['ignore', 'ignore_ament_install']
[0.140s] [34mcolcon.colcon_core.package_identification[0m [1;30mLevel 1[0m _identify(src/bxi_rl_controller_ros2_example/src/bxi_example_py_ankle) by extension 'ignore'
[0.140s] [34mcolcon.colcon_core.package_identification[0m [1;30mLevel 1[0m _identify(src/bxi_rl_controller_ros2_example/src/bxi_example_py_ankle) by extension 'ignore_ament_install'
[0.140s] [34mcolcon.colcon_core.package_identification[0m [1;30mLevel 1[0m _identify(src/bxi_rl_controller_ros2_example/src/bxi_example_py_ankle) by extensions ['colcon_pkg']
[0.140s] [34mcolcon.colcon_core.package_identification[0m [1;30mLevel 1[0m _identify(src/bxi_rl_controller_ros2_example/src/bxi_example_py_ankle) by extension 'colcon_pkg'
[0.140s] [34mcolcon.colcon_core.package_identification[0m [1;30mLevel 1[0m _identify(src/bxi_rl_controller_ros2_example/src/bxi_example_py_ankle) by extensions ['colcon_meta']
[0.140s] [34mcolcon.colcon_core.package_identification[0m [1;30mLevel 1[0m _identify(src/bxi_rl_controller_ros2_example/src/bxi_example_py_ankle) by extension 'colcon_meta'
[0.140s] [34mcolcon.colcon_core.package_identification[0m [1;30mLevel 1[0m _identify(src/bxi_rl_controller_ros2_example/src/bxi_example_py_ankle) by extensions ['ros']
[0.140s] [34mcolcon.colcon_core.package_identification[0m [1;30mLevel 1[0m _identify(src/bxi_rl_controller_ros2_example/src/bxi_example_py_ankle) by extension 'ros'
[0.140s] [34mcolcon.colcon_core.package_identification[0m [1;30mDEBUG[0m [32mPackage 'src/bxi_rl_controller_ros2_example/src/bxi_example_py_ankle' with type 'ros.ament_python' and name 'bxi_example_py_ankle'[0m
[0.140s] [34mcolcon.colcon_core.package_identification[0m [1;30mLevel 1[0m _identify(src/bxi_rl_controller_ros2_example/src/bxi_example_py_arm) by extensions ['ignore', 'ignore_ament_install']
[0.140s] [34mcolcon.colcon_core.package_identification[0m [1;30mLevel 1[0m _identify(src/bxi_rl_controller_ros2_example/src/bxi_example_py_arm) by extension 'ignore'
[0.140s] [34mcolcon.colcon_core.package_identification[0m [1;30mLevel 1[0m _identify(src/bxi_rl_controller_ros2_example/src/bxi_example_py_arm) by extension 'ignore_ament_install'
[0.140s] [34mcolcon.colcon_core.package_identification[0m [1;30mLevel 1[0m _identify(src/bxi_rl_controller_ros2_example/src/bxi_example_py_arm) by extensions ['colcon_pkg']
[0.140s] [34mcolcon.colcon_core.package_identification[0m [1;30mLevel 1[0m _identify(src/bxi_rl_controller_ros2_example/src/bxi_example_py_arm) by extension 'colcon_pkg'
[0.140s] [34mcolcon.colcon_core.package_identification[0m [1;30mLevel 1[0m _identify(src/bxi_rl_controller_ros2_example/src/bxi_example_py_arm) by extensions ['colcon_meta']
[0.140s] [34mcolcon.colcon_core.package_identification[0m [1;30mLevel 1[0m _identify(src/bxi_rl_controller_ros2_example/src/bxi_example_py_arm) by extension 'colcon_meta'
[0.140s] [34mcolcon.colcon_core.package_identification[0m [1;30mLevel 1[0m _identify(src/bxi_rl_controller_ros2_example/src/bxi_example_py_arm) by extensions ['ros']
[0.140s] [34mcolcon.colcon_core.package_identification[0m [1;30mLevel 1[0m _identify(src/bxi_rl_controller_ros2_example/src/bxi_example_py_arm) by extension 'ros'
[0.141s] [34mcolcon.colcon_core.package_identification[0m [1;30mDEBUG[0m [32mPackage 'src/bxi_rl_controller_ros2_example/src/bxi_example_py_arm' with type 'ros.ament_python' and name 'bxi_example_py_arm'[0m
[0.141s] [34mcolcon.colcon_core.package_identification[0m [1;30mLevel 1[0m _identify(src/bxi_rl_controller_ros2_example/src/bxi_example_py_armrc) by extensions ['ignore', 'ignore_ament_install']
[0.141s] [34mcolcon.colcon_core.package_identification[0m [1;30mLevel 1[0m _identify(src/bxi_rl_controller_ros2_example/src/bxi_example_py_armrc) by extension 'ignore'
[0.141s] [34mcolcon.colcon_core.package_identification[0m [1;30mLevel 1[0m _identify(src/bxi_rl_controller_ros2_example/src/bxi_example_py_armrc) by extension 'ignore_ament_install'
[0.141s] [34mcolcon.colcon_core.package_identification[0m [1;30mLevel 1[0m _identify(src/bxi_rl_controller_ros2_example/src/bxi_example_py_armrc) by extensions ['colcon_pkg']
[0.141s] [34mcolcon.colcon_core.package_identification[0m [1;30mLevel 1[0m _identify(src/bxi_rl_controller_ros2_example/src/bxi_example_py_armrc) by extension 'colcon_pkg'
[0.141s] [34mcolcon.colcon_core.package_identification[0m [1;30mLevel 1[0m _identify(src/bxi_rl_controller_ros2_example/src/bxi_example_py_armrc) by extensions ['colcon_meta']
[0.141s] [34mcolcon.colcon_core.package_identification[0m [1;30mLevel 1[0m _identify(src/bxi_rl_controller_ros2_example/src/bxi_example_py_armrc) by extension 'colcon_meta'
[0.141s] [34mcolcon.colcon_core.package_identification[0m [1;30mLevel 1[0m _identify(src/bxi_rl_controller_ros2_example/src/bxi_example_py_armrc) by extensions ['ros']
[0.141s] [34mcolcon.colcon_core.package_identification[0m [1;30mLevel 1[0m _identify(src/bxi_rl_controller_ros2_example/src/bxi_example_py_armrc) by extension 'ros'
[0.141s] [34mcolcon.colcon_core.package_identification[0m [1;30mDEBUG[0m [32mPackage 'src/bxi_rl_controller_ros2_example/src/bxi_example_py_armrc' with type 'ros.ament_python' and name 'bxi_example_py_armrc'[0m
[0.141s] [34mcolcon.colcon_core.package_identification[0m [1;30mLevel 1[0m _identify(src/bxi_rl_controller_ros2_example/src/bxi_example_py_elf3) by extensions ['ignore', 'ignore_ament_install']
[0.141s] [34mcolcon.colcon_core.package_identification[0m [1;30mLevel 1[0m _identify(src/bxi_rl_controller_ros2_example/src/bxi_example_py_elf3) by extension 'ignore'
[0.141s] [34mcolcon.colcon_core.package_identification[0m [1;30mLevel 1[0m _identify(src/bxi_rl_controller_ros2_example/src/bxi_example_py_elf3) by extension 'ignore_ament_install'
[0.141s] [34mcolcon.colcon_core.package_identification[0m [1;30mLevel 1[0m _identify(src/bxi_rl_controller_ros2_example/src/bxi_example_py_elf3) by extensions ['colcon_pkg']
[0.141s] [34mcolcon.colcon_core.package_identification[0m [1;30mLevel 1[0m _identify(src/bxi_rl_controller_ros2_example/src/bxi_example_py_elf3) by extension 'colcon_pkg'
[0.141s] [34mcolcon.colcon_core.package_identification[0m [1;30mLevel 1[0m _identify(src/bxi_rl_controller_ros2_example/src/bxi_example_py_elf3) by extensions ['colcon_meta']
[0.141s] [34mcolcon.colcon_core.package_identification[0m [1;30mLevel 1[0m _identify(src/bxi_rl_controller_ros2_example/src/bxi_example_py_elf3) by extension 'colcon_meta'
[0.141s] [34mcolcon.colcon_core.package_identification[0m [1;30mLevel 1[0m _identify(src/bxi_rl_controller_ros2_example/src/bxi_example_py_elf3) by extensions ['ros']
[0.141s] [34mcolcon.colcon_core.package_identification[0m [1;30mLevel 1[0m _identify(src/bxi_rl_controller_ros2_example/src/bxi_example_py_elf3) by extension 'ros'
[0.142s] [34mcolcon.colcon_core.package_identification[0m [1;30mDEBUG[0m [32mPackage 'src/bxi_rl_controller_ros2_example/src/bxi_example_py_elf3' with type 'ros.ament_python' and name 'bxi_example_py_elf3'[0m
[0.142s] [34mcolcon.colcon_core.package_identification[0m [1;30mLevel 1[0m _identify(src/bxi_rl_controller_ros2_example/src/bxi_example_py_foot) by extensions ['ignore', 'ignore_ament_install']
[0.142s] [34mcolcon.colcon_core.package_identification[0m [1;30mLevel 1[0m _identify(src/bxi_rl_controller_ros2_example/src/bxi_example_py_foot) by extension 'ignore'
[0.142s] [34mcolcon.colcon_core.package_identification[0m [1;30mLevel 1[0m _identify(src/bxi_rl_controller_ros2_example/src/bxi_example_py_foot) by extension 'ignore_ament_install'
[0.142s] [34mcolcon.colcon_core.package_identification[0m [1;30mLevel 1[0m _identify(src/bxi_rl_controller_ros2_example/src/bxi_example_py_foot) by extensions ['colcon_pkg']
[0.142s] [34mcolcon.colcon_core.package_identification[0m [1;30mLevel 1[0m _identify(src/bxi_rl_controller_ros2_example/src/bxi_example_py_foot) by extension 'colcon_pkg'
[0.142s] [34mcolcon.colcon_core.package_identification[0m [1;30mLevel 1[0m _identify(src/bxi_rl_controller_ros2_example/src/bxi_example_py_foot) by extensions ['colcon_meta']
[0.142s] [34mcolcon.colcon_core.package_identification[0m [1;30mLevel 1[0m _identify(src/bxi_rl_controller_ros2_example/src/bxi_example_py_foot) by extension 'colcon_meta'
[0.142s] [34mcolcon.colcon_core.package_identification[0m [1;30mLevel 1[0m _identify(src/bxi_rl_controller_ros2_example/src/bxi_example_py_foot) by extensions ['ros']
[0.142s] [34mcolcon.colcon_core.package_identification[0m [1;30mLevel 1[0m _identify(src/bxi_rl_controller_ros2_example/src/bxi_example_py_foot) by extension 'ros'
[0.142s] [34mcolcon.colcon_core.package_identification[0m [1;30mDEBUG[0m [32mPackage 'src/bxi_rl_controller_ros2_example/src/bxi_example_py_foot' with type 'ros.ament_python' and name 'bxi_example_py_foot'[0m
[0.142s] [34mcolcon.colcon_core.package_identification[0m [1;30mLevel 1[0m _identify(src/bxi_rl_controller_ros2_example/src/bxi_example_py_trunk) by extensions ['ignore', 'ignore_ament_install']
[0.142s] [34mcolcon.colcon_core.package_identification[0m [1;30mLevel 1[0m _identify(src/bxi_rl_controller_ros2_example/src/bxi_example_py_trunk) by extension 'ignore'
[0.142s] [34mcolcon.colcon_core.package_identification[0m [1;30mLevel 1[0m _identify(src/bxi_rl_controller_ros2_example/src/bxi_example_py_trunk) by extension 'ignore_ament_install'
[0.142s] [34mcolcon.colcon_core.package_identification[0m [1;30mLevel 1[0m _identify(src/bxi_rl_controller_ros2_example/src/bxi_example_py_trunk) by extensions ['colcon_pkg']
[0.142s] [34mcolcon.colcon_core.package_identification[0m [1;30mLevel 1[0m _identify(src/bxi_rl_controller_ros2_example/src/bxi_example_py_trunk) by extension 'colcon_pkg'
[0.142s] [34mcolcon.colcon_core.package_identification[0m [1;30mLevel 1[0m _identify(src/bxi_rl_controller_ros2_example/src/bxi_example_py_trunk) by extensions ['colcon_meta']
[0.142s] [34mcolcon.colcon_core.package_identification[0m [1;30mLevel 1[0m _identify(src/bxi_rl_controller_ros2_example/src/bxi_example_py_trunk) by extension 'colcon_meta'
[0.142s] [34mcolcon.colcon_core.package_identification[0m [1;30mLevel 1[0m _identify(src/bxi_rl_controller_ros2_example/src/bxi_example_py_trunk) by extensions ['ros']
[0.142s] [34mcolcon.colcon_core.package_identification[0m [1;30mLevel 1[0m _identify(src/bxi_rl_controller_ros2_example/src/bxi_example_py_trunk) by extension 'ros'
[0.143s] [34mcolcon.colcon_core.package_identification[0m [1;30mDEBUG[0m [32mPackage 'src/bxi_rl_controller_ros2_example/src/bxi_example_py_trunk' with type 'ros.ament_python' and name 'bxi_example_py_trunk'[0m
[0.143s] [34mcolcon.colcon_core.package_identification[0m [1;30mLevel 1[0m _identify(src/bxi_rl_controller_ros2_example/src/bxi_example_py_trunk_neck) by extensions ['ignore', 'ignore_ament_install']
[0.143s] [34mcolcon.colcon_core.package_identification[0m [1;30mLevel 1[0m _identify(src/bxi_rl_controller_ros2_example/src/bxi_example_py_trunk_neck) by extension 'ignore'
[0.143s] [34mcolcon.colcon_core.package_identification[0m [1;30mLevel 1[0m _identify(src/bxi_rl_controller_ros2_example/src/bxi_example_py_trunk_neck) by extension 'ignore_ament_install'
[0.143s] [34mcolcon.colcon_core.package_identification[0m [1;30mLevel 1[0m _identify(src/bxi_rl_controller_ros2_example/src/bxi_example_py_trunk_neck) by extensions ['colcon_pkg']
[0.143s] [34mcolcon.colcon_core.package_identification[0m [1;30mLevel 1[0m _identify(src/bxi_rl_controller_ros2_example/src/bxi_example_py_trunk_neck) by extension 'colcon_pkg'
[0.143s] [34mcolcon.colcon_core.package_identification[0m [1;30mLevel 1[0m _identify(src/bxi_rl_controller_ros2_example/src/bxi_example_py_trunk_neck) by extensions ['colcon_meta']
[0.143s] [34mcolcon.colcon_core.package_identification[0m [1;30mLevel 1[0m _identify(src/bxi_rl_controller_ros2_example/src/bxi_example_py_trunk_neck) by extension 'colcon_meta'
[0.143s] [34mcolcon.colcon_core.package_identification[0m [1;30mLevel 1[0m _identify(src/bxi_rl_controller_ros2_example/src/bxi_example_py_trunk_neck) by extensions ['ros']
[0.143s] [34mcolcon.colcon_core.package_identification[0m [1;30mLevel 1[0m _identify(src/bxi_rl_controller_ros2_example/src/bxi_example_py_trunk_neck) by extension 'ros'
[0.143s] [34mcolcon.colcon_core.package_identification[0m [1;30mDEBUG[0m [32mPackage 'src/bxi_rl_controller_ros2_example/src/bxi_example_py_trunk_neck' with type 'ros.ament_python' and name 'bxi_example_py_trunk_neck'[0m
[0.143s] [34mcolcon.colcon_core.package_identification[0m [1;30mLevel 1[0m _identify(src/bxi_rl_controller_ros2_example/src/remote_controller) by extensions ['ignore', 'ignore_ament_install']
[0.143s] [34mcolcon.colcon_core.package_identification[0m [1;30mLevel 1[0m _identify(src/bxi_rl_controller_ros2_example/src/remote_controller) by extension 'ignore'
[0.143s] [34mcolcon.colcon_core.package_identification[0m [1;30mLevel 1[0m _identify(src/bxi_rl_controller_ros2_example/src/remote_controller) by extension 'ignore_ament_install'
[0.143s] [34mcolcon.colcon_core.package_identification[0m [1;30mLevel 1[0m _identify(src/bxi_rl_controller_ros2_example/src/remote_controller) by extensions ['colcon_pkg']
[0.143s] [34mcolcon.colcon_core.package_identification[0m [1;30mLevel 1[0m _identify(src/bxi_rl_controller_ros2_example/src/remote_controller) by extension 'colcon_pkg'
[0.143s] [34mcolcon.colcon_core.package_identification[0m [1;30mLevel 1[0m _identify(src/bxi_rl_controller_ros2_example/src/remote_controller) by extensions ['colcon_meta']
[0.143s] [34mcolcon.colcon_core.package_identification[0m [1;30mLevel 1[0m _identify(src/bxi_rl_controller_ros2_example/src/remote_controller) by extension 'colcon_meta'
[0.143s] [34mcolcon.colcon_core.package_identification[0m [1;30mLevel 1[0m _identify(src/bxi_rl_controller_ros2_example/src/remote_controller) by extensions ['ros']
[0.143s] [34mcolcon.colcon_core.package_identification[0m [1;30mLevel 1[0m _identify(src/bxi_rl_controller_ros2_example/src/remote_controller) by extension 'ros'
[0.144s] [34mcolcon.colcon_core.package_identification[0m [1;30mDEBUG[0m [32mPackage 'src/bxi_rl_controller_ros2_example/src/remote_controller' with type 'ros.ament_cmake' and name 'remote_controller'[0m
[0.144s] [34mcolcon.colcon_core.package_identification[0m [1;30mLevel 1[0m _identify(src/bxi_rl_controller_ros2_example/src/remote_py_test) by extensions ['ignore', 'ignore_ament_install']
[0.144s] [34mcolcon.colcon_core.package_identification[0m [1;30mLevel 1[0m _identify(src/bxi_rl_controller_ros2_example/src/remote_py_test) by extension 'ignore'
[0.144s] [34mcolcon.colcon_core.package_identification[0m [1;30mLevel 1[0m _identify(src/bxi_rl_controller_ros2_example/src/remote_py_test) by extension 'ignore_ament_install'
[0.144s] [34mcolcon.colcon_core.package_identification[0m [1;30mLevel 1[0m _identify(src/bxi_rl_controller_ros2_example/src/remote_py_test) by extensions ['colcon_pkg']
[0.144s] [34mcolcon.colcon_core.package_identification[0m [1;30mLevel 1[0m _identify(src/bxi_rl_controller_ros2_example/src/remote_py_test) by extension 'colcon_pkg'
[0.144s] [34mcolcon.colcon_core.package_identification[0m [1;30mLevel 1[0m _identify(src/bxi_rl_controller_ros2_example/src/remote_py_test) by extensions ['colcon_meta']
[0.144s] [34mcolcon.colcon_core.package_identification[0m [1;30mLevel 1[0m _identify(src/bxi_rl_controller_ros2_example/src/remote_py_test) by extension 'colcon_meta'
[0.144s] [34mcolcon.colcon_core.package_identification[0m [1;30mLevel 1[0m _identify(src/bxi_rl_controller_ros2_example/src/remote_py_test) by extensions ['ros']
[0.144s] [34mcolcon.colcon_core.package_identification[0m [1;30mLevel 1[0m _identify(src/bxi_rl_controller_ros2_example/src/remote_py_test) by extension 'ros'
[0.144s] [34mcolcon.colcon_core.package_identification[0m [1;30mLevel 1[0m _identify(src/bxi_rl_controller_ros2_example/src/remote_py_test) by extensions ['cmake', 'python']
[0.144s] [34mcolcon.colcon_core.package_identification[0m [1;30mLevel 1[0m _identify(src/bxi_rl_controller_ros2_example/src/remote_py_test) by extension 'cmake'
[0.144s] [34mcolcon.colcon_core.package_identification[0m [1;30mLevel 1[0m _identify(src/bxi_rl_controller_ros2_example/src/remote_py_test) by extension 'python'
[0.144s] [34mcolcon.colcon_core.package_identification[0m [1;30mLevel 1[0m _identify(src/bxi_rl_controller_ros2_example/src/remote_py_test) by extensions ['python_setup_py']
[0.144s] [34mcolcon.colcon_core.package_identification[0m [1;30mLevel 1[0m _identify(src/bxi_rl_controller_ros2_example/src/remote_py_test) by extension 'python_setup_py'
[0.144s] [34mcolcon.colcon_core.package_identification[0m [1;30mLevel 1[0m _identify(src/bxi_rl_controller_ros2_example/src/remote_py_test/launch) by extensions ['ignore', 'ignore_ament_install']
[0.144s] [34mcolcon.colcon_core.package_identification[0m [1;30mLevel 1[0m _identify(src/bxi_rl_controller_ros2_example/src/remote_py_test/launch) by extension 'ignore'
[0.144s] [34mcolcon.colcon_core.package_identification[0m [1;30mLevel 1[0m _identify(src/bxi_rl_controller_ros2_example/src/remote_py_test/launch) by extension 'ignore_ament_install'
[0.144s] [34mcolcon.colcon_core.package_identification[0m [1;30mLevel 1[0m _identify(src/bxi_rl_controller_ros2_example/src/remote_py_test/launch) by extensions ['colcon_pkg']
[0.144s] [34mcolcon.colcon_core.package_identification[0m [1;30mLevel 1[0m _identify(src/bxi_rl_controller_ros2_example/src/remote_py_test/launch) by extension 'colcon_pkg'
[0.144s] [34mcolcon.colcon_core.package_identification[0m [1;30mLevel 1[0m _identify(src/bxi_rl_controller_ros2_example/src/remote_py_test/launch) by extensions ['colcon_meta']
[0.144s] [34mcolcon.colcon_core.package_identification[0m [1;30mLevel 1[0m _identify(src/bxi_rl_controller_ros2_example/src/remote_py_test/launch) by extension 'colcon_meta'
[0.144s] [34mcolcon.colcon_core.package_identification[0m [1;30mLevel 1[0m _identify(src/bxi_rl_controller_ros2_example/src/remote_py_test/launch) by extensions ['ros']
[0.144s] [34mcolcon.colcon_core.package_identification[0m [1;30mLevel 1[0m _identify(src/bxi_rl_controller_ros2_example/src/remote_py_test/launch) by extension 'ros'
[0.144s] [34mcolcon.colcon_core.package_identification[0m [1;30mLevel 1[0m _identify(src/bxi_rl_controller_ros2_example/src/remote_py_test/launch) by extensions ['cmake', 'python']
[0.144s] [34mcolcon.colcon_core.package_identification[0m [1;30mLevel 1[0m _identify(src/bxi_rl_controller_ros2_example/src/remote_py_test/launch) by extension 'cmake'
[0.144s] [34mcolcon.colcon_core.package_identification[0m [1;30mLevel 1[0m _identify(src/bxi_rl_controller_ros2_example/src/remote_py_test/launch) by extension 'python'
[0.144s] [34mcolcon.colcon_core.package_identification[0m [1;30mLevel 1[0m _identify(src/bxi_rl_controller_ros2_example/src/remote_py_test/launch) by extensions ['python_setup_py']
[0.144s] [34mcolcon.colcon_core.package_identification[0m [1;30mLevel 1[0m _identify(src/bxi_rl_controller_ros2_example/src/remote_py_test/launch) by extension 'python_setup_py'
[0.144s] [34mcolcon.colcon_core.package_identification[0m [1;30mLevel 1[0m _identify(src/bxi_rl_controller_ros2_example/src/remote_py_test/remote_py_test) by extensions ['ignore', 'ignore_ament_install']
[0.145s] [34mcolcon.colcon_core.package_identification[0m [1;30mLevel 1[0m _identify(src/bxi_rl_controller_ros2_example/src/remote_py_test/remote_py_test) by extension 'ignore'
[0.145s] [34mcolcon.colcon_core.package_identification[0m [1;30mLevel 1[0m _identify(src/bxi_rl_controller_ros2_example/src/remote_py_test/remote_py_test) by extension 'ignore_ament_install'
[0.145s] [34mcolcon.colcon_core.package_identification[0m [1;30mLevel 1[0m _identify(src/bxi_rl_controller_ros2_example/src/remote_py_test/remote_py_test) by extensions ['colcon_pkg']
[0.145s] [34mcolcon.colcon_core.package_identification[0m [1;30mLevel 1[0m _identify(src/bxi_rl_controller_ros2_example/src/remote_py_test/remote_py_test) by extension 'colcon_pkg'
[0.145s] [34mcolcon.colcon_core.package_identification[0m [1;30mLevel 1[0m _identify(src/bxi_rl_controller_ros2_example/src/remote_py_test/remote_py_test) by extensions ['colcon_meta']
[0.145s] [34mcolcon.colcon_core.package_identification[0m [1;30mLevel 1[0m _identify(src/bxi_rl_controller_ros2_example/src/remote_py_test/remote_py_test) by extension 'colcon_meta'
[0.145s] [34mcolcon.colcon_core.package_identification[0m [1;30mLevel 1[0m _identify(src/bxi_rl_controller_ros2_example/src/remote_py_test/remote_py_test) by extensions ['ros']
[0.145s] [34mcolcon.colcon_core.package_identification[0m [1;30mLevel 1[0m _identify(src/bxi_rl_controller_ros2_example/src/remote_py_test/remote_py_test) by extension 'ros'
[0.145s] [34mcolcon.colcon_core.package_identification[0m [1;30mLevel 1[0m _identify(src/bxi_rl_controller_ros2_example/src/remote_py_test/remote_py_test) by extensions ['cmake', 'python']
[0.145s] [34mcolcon.colcon_core.package_identification[0m [1;30mLevel 1[0m _identify(src/bxi_rl_controller_ros2_example/src/remote_py_test/remote_py_test) by extension 'cmake'
[0.145s] [34mcolcon.colcon_core.package_identification[0m [1;30mLevel 1[0m _identify(src/bxi_rl_controller_ros2_example/src/remote_py_test/remote_py_test) by extension 'python'
[0.145s] [34mcolcon.colcon_core.package_identification[0m [1;30mLevel 1[0m _identify(src/bxi_rl_controller_ros2_example/src/remote_py_test/remote_py_test) by extensions ['python_setup_py']
[0.145s] [34mcolcon.colcon_core.package_identification[0m [1;30mLevel 1[0m _identify(src/bxi_rl_controller_ros2_example/src/remote_py_test/remote_py_test) by extension 'python_setup_py'
[0.145s] [34mcolcon.colcon_core.package_identification[0m [1;30mLevel 1[0m _identify(src/bxi_rl_controller_ros2_example/src/remote_py_test/resource) by extensions ['ignore', 'ignore_ament_install']
[0.145s] [34mcolcon.colcon_core.package_identification[0m [1;30mLevel 1[0m _identify(src/bxi_rl_controller_ros2_example/src/remote_py_test/resource) by extension 'ignore'
[0.145s] [34mcolcon.colcon_core.package_identification[0m [1;30mLevel 1[0m _identify(src/bxi_rl_controller_ros2_example/src/remote_py_test/resource) by extension 'ignore_ament_install'
[0.145s] [34mcolcon.colcon_core.package_identification[0m [1;30mLevel 1[0m _identify(src/bxi_rl_controller_ros2_example/src/remote_py_test/resource) by extensions ['colcon_pkg']
[0.145s] [34mcolcon.colcon_core.package_identification[0m [1;30mLevel 1[0m _identify(src/bxi_rl_controller_ros2_example/src/remote_py_test/resource) by extension 'colcon_pkg'
[0.145s] [34mcolcon.colcon_core.package_identification[0m [1;30mLevel 1[0m _identify(src/bxi_rl_controller_ros2_example/src/remote_py_test/resource) by extensions ['colcon_meta']
[0.145s] [34mcolcon.colcon_core.package_identification[0m [1;30mLevel 1[0m _identify(src/bxi_rl_controller_ros2_example/src/remote_py_test/resource) by extension 'colcon_meta'
[0.145s] [34mcolcon.colcon_core.package_identification[0m [1;30mLevel 1[0m _identify(src/bxi_rl_controller_ros2_example/src/remote_py_test/resource) by extensions ['ros']
[0.145s] [34mcolcon.colcon_core.package_identification[0m [1;30mLevel 1[0m _identify(src/bxi_rl_controller_ros2_example/src/remote_py_test/resource) by extension 'ros'
[0.145s] [34mcolcon.colcon_core.package_identification[0m [1;30mLevel 1[0m _identify(src/bxi_rl_controller_ros2_example/src/remote_py_test/resource) by extensions ['cmake', 'python']
[0.145s] [34mcolcon.colcon_core.package_identification[0m [1;30mLevel 1[0m _identify(src/bxi_rl_controller_ros2_example/src/remote_py_test/resource) by extension 'cmake'
[0.145s] [34mcolcon.colcon_core.package_identification[0m [1;30mLevel 1[0m _identify(src/bxi_rl_controller_ros2_example/src/remote_py_test/resource) by extension 'python'
[0.145s] [34mcolcon.colcon_core.package_identification[0m [1;30mLevel 1[0m _identify(src/bxi_rl_controller_ros2_example/src/remote_py_test/resource) by extensions ['python_setup_py']
[0.145s] [34mcolcon.colcon_core.package_identification[0m [1;30mLevel 1[0m _identify(src/bxi_rl_controller_ros2_example/src/remote_py_test/resource) by extension 'python_setup_py'
[0.145s] [34mcolcon.colcon_core.package_identification[0m [1;30mLevel 1[0m _identify(src/elf3_arm_bringup) by extensions ['ignore', 'ignore_ament_install']
[0.145s] [34mcolcon.colcon_core.package_identification[0m [1;30mLevel 1[0m _identify(src/elf3_arm_bringup) by extension 'ignore'
[0.145s] [34mcolcon.colcon_core.package_identification[0m [1;30mLevel 1[0m _identify(src/elf3_arm_bringup) by extension 'ignore_ament_install'
[0.145s] [34mcolcon.colcon_core.package_identification[0m [1;30mLevel 1[0m _identify(src/elf3_arm_bringup) by extensions ['colcon_pkg']
[0.145s] [34mcolcon.colcon_core.package_identification[0m [1;30mLevel 1[0m _identify(src/elf3_arm_bringup) by extension 'colcon_pkg'
[0.145s] [34mcolcon.colcon_core.package_identification[0m [1;30mLevel 1[0m _identify(src/elf3_arm_bringup) by extensions ['colcon_meta']
[0.145s] [34mcolcon.colcon_core.package_identification[0m [1;30mLevel 1[0m _identify(src/elf3_arm_bringup) by extension 'colcon_meta'
[0.145s] [34mcolcon.colcon_core.package_identification[0m [1;30mLevel 1[0m _identify(src/elf3_arm_bringup) by extensions ['ros']
[0.145s] [34mcolcon.colcon_core.package_identification[0m [1;30mLevel 1[0m _identify(src/elf3_arm_bringup) by extension 'ros'
[0.146s] [34mcolcon.colcon_core.package_identification[0m [1;30mDEBUG[0m [32mPackage 'src/elf3_arm_bringup' with type 'ros.ament_python' and name 'elf3_arm_bringup'[0m
[0.146s] [34mcolcon.colcon_core.package_identification[0m [1;30mLevel 1[0m _identify(src/elf3_arm_ikpy_control_pico) by extensions ['ignore', 'ignore_ament_install']
[0.146s] [34mcolcon.colcon_core.package_identification[0m [1;30mLevel 1[0m _identify(src/elf3_arm_ikpy_control_pico) by extension 'ignore'
[0.146s] [34mcolcon.colcon_core.package_identification[0m [1;30mLevel 1[0m _identify(src/elf3_arm_ikpy_control_pico) by extension 'ignore_ament_install'
[0.146s] [34mcolcon.colcon_core.package_identification[0m [1;30mLevel 1[0m _identify(src/elf3_arm_ikpy_control_pico) by extensions ['colcon_pkg']
[0.146s] [34mcolcon.colcon_core.package_identification[0m [1;30mLevel 1[0m _identify(src/elf3_arm_ikpy_control_pico) by extension 'colcon_pkg'
[0.146s] [34mcolcon.colcon_core.package_identification[0m [1;30mLevel 1[0m _identify(src/elf3_arm_ikpy_control_pico) by extensions ['colcon_meta']
[0.146s] [34mcolcon.colcon_core.package_identification[0m [1;30mLevel 1[0m _identify(src/elf3_arm_ikpy_control_pico) by extension 'colcon_meta'
[0.146s] [34mcolcon.colcon_core.package_identification[0m [1;30mLevel 1[0m _identify(src/elf3_arm_ikpy_control_pico) by extensions ['ros']
[0.146s] [34mcolcon.colcon_core.package_identification[0m [1;30mLevel 1[0m _identify(src/elf3_arm_ikpy_control_pico) by extension 'ros'
[0.146s] [34mcolcon.colcon_core.package_identification[0m [1;30mDEBUG[0m [32mPackage 'src/elf3_arm_ikpy_control_pico' with type 'ros.ament_python' and name 'elf3_arm_ikpy_control_pico'[0m
[0.146s] [34mcolcon.colcon_core.package_identification[0m [1;30mLevel 1[0m _identify(src/fake_trigger) by extensions ['ignore', 'ignore_ament_install']
[0.146s] [34mcolcon.colcon_core.package_identification[0m [1;30mLevel 1[0m _identify(src/fake_trigger) by extension 'ignore'
[0.146s] [34mcolcon.colcon_core.package_identification[0m [1;30mLevel 1[0m _identify(src/fake_trigger) by extension 'ignore_ament_install'
[0.146s] [34mcolcon.colcon_core.package_identification[0m [1;30mLevel 1[0m _identify(src/fake_trigger) by extensions ['colcon_pkg']
[0.146s] [34mcolcon.colcon_core.package_identification[0m [1;30mLevel 1[0m _identify(src/fake_trigger) by extension 'colcon_pkg'
[0.146s] [34mcolcon.colcon_core.package_identification[0m [1;30mLevel 1[0m _identify(src/fake_trigger) by extensions ['colcon_meta']
[0.146s] [34mcolcon.colcon_core.package_identification[0m [1;30mLevel 1[0m _identify(src/fake_trigger) by extension 'colcon_meta'
[0.146s] [34mcolcon.colcon_core.package_identification[0m [1;30mLevel 1[0m _identify(src/fake_trigger) by extensions ['ros']
[0.146s] [34mcolcon.colcon_core.package_identification[0m [1;30mLevel 1[0m _identify(src/fake_trigger) by extension 'ros'
[0.147s] [34mcolcon.colcon_core.package_identification[0m [1;30mDEBUG[0m [32mPackage 'src/fake_trigger' with type 'ros.ament_python' and name 'fake_trigger'[0m
[0.147s] [34mcolcon.colcon_core.package_identification[0m [1;30mLevel 1[0m _identify(src/hand_control) by extensions ['ignore', 'ignore_ament_install']
[0.147s] [34mcolcon.colcon_core.package_identification[0m [1;30mLevel 1[0m _identify(src/hand_control) by extension 'ignore'
[0.147s] [34mcolcon.colcon_core.package_identification[0m [1;30mLevel 1[0m _identify(src/hand_control) by extension 'ignore_ament_install'
[0.147s] [34mcolcon.colcon_core.package_identification[0m [1;30mLevel 1[0m _identify(src/hand_control) by extensions ['colcon_pkg']
[0.147s] [34mcolcon.colcon_core.package_identification[0m [1;30mLevel 1[0m _identify(src/hand_control) by extension 'colcon_pkg'
[0.147s] [34mcolcon.colcon_core.package_identification[0m [1;30mLevel 1[0m _identify(src/hand_control) by extensions ['colcon_meta']
[0.147s] [34mcolcon.colcon_core.package_identification[0m [1;30mLevel 1[0m _identify(src/hand_control) by extension 'colcon_meta'
[0.147s] [34mcolcon.colcon_core.package_identification[0m [1;30mLevel 1[0m _identify(src/hand_control) by extensions ['ros']
[0.147s] [34mcolcon.colcon_core.package_identification[0m [1;30mLevel 1[0m _identify(src/hand_control) by extension 'ros'
[0.147s] [34mcolcon.colcon_core.package_identification[0m [1;30mDEBUG[0m [32mPackage 'src/hand_control' with type 'ros.ament_python' and name 'hand_control'[0m
[0.147s] [34mcolcon.colcon_core.package_identification[0m [1;30mLevel 1[0m _identify(src/pico_bxi_server) by extensions ['ignore', 'ignore_ament_install']
[0.147s] [34mcolcon.colcon_core.package_identification[0m [1;30mLevel 1[0m _identify(src/pico_bxi_server) by extension 'ignore'
[0.147s] [34mcolcon.colcon_core.package_identification[0m [1;30mLevel 1[0m _identify(src/pico_bxi_server) by extension 'ignore_ament_install'
[0.147s] [34mcolcon.colcon_core.package_identification[0m [1;30mLevel 1[0m _identify(src/pico_bxi_server) by extensions ['colcon_pkg']
[0.147s] [34mcolcon.colcon_core.package_identification[0m [1;30mLevel 1[0m _identify(src/pico_bxi_server) by extension 'colcon_pkg'
[0.147s] [34mcolcon.colcon_core.package_identification[0m [1;30mLevel 1[0m _identify(src/pico_bxi_server) by extensions ['colcon_meta']
[0.147s] [34mcolcon.colcon_core.package_identification[0m [1;30mLevel 1[0m _identify(src/pico_bxi_server) by extension 'colcon_meta'
[0.147s] [34mcolcon.colcon_core.package_identification[0m [1;30mLevel 1[0m _identify(src/pico_bxi_server) by extensions ['ros']
[0.147s] [34mcolcon.colcon_core.package_identification[0m [1;30mLevel 1[0m _identify(src/pico_bxi_server) by extension 'ros'
[0.148s] [34mcolcon.colcon_core.package_identification[0m [1;30mDEBUG[0m [32mPackage 'src/pico_bxi_server' with type 'ros.ament_cmake' and name 'pico_bxi_server'[0m
[0.148s] [34mcolcon.colcon_core.package_discovery[0m [1;30mLevel 1[0m discover_packages(recursive) using defaults
[0.148s] [34mcolcon.colcon_core.package_discovery[0m [1;30mLevel 1[0m discover_packages(ignore) discover
[0.148s] [34mcolcon.colcon_core.package_discovery[0m [1;30mLevel 1[0m discover_packages(ignore) using defaults
[0.148s] [34mcolcon.colcon_core.package_discovery[0m [1;30mLevel 1[0m discover_packages(path) discover
[0.148s] [34mcolcon.colcon_core.package_discovery[0m [1;30mLevel 1[0m discover_packages(path) using defaults
[0.159s] [34mcolcon.colcon_core.verb[0m [1;30mLevel 5[0m set package 'aero_hand_open_description' build argument 'cmake_args' from command line to '['-DCMAKE_BUILD_TYPE=Release', '-DCMAKE_EXPORT_COMPILE_COMMANDS=ON']'
[0.159s] [34mcolcon.colcon_core.verb[0m [1;30mLevel 5[0m set package 'aero_hand_open_description' build argument 'cmake_target' from command line to 'None'
[0.159s] [34mcolcon.colcon_core.verb[0m [1;30mLevel 5[0m set package 'aero_hand_open_description' build argument 'cmake_target_skip_unavailable' from command line to 'False'
[0.159s] [34mcolcon.colcon_core.verb[0m [1;30mLevel 5[0m set package 'aero_hand_open_description' build argument 'cmake_clean_cache' from command line to 'False'
[0.159s] [34mcolcon.colcon_core.verb[0m [1;30mLevel 5[0m set package 'aero_hand_open_description' build argument 'cmake_clean_first' from command line to 'False'
[0.159s] [34mcolcon.colcon_core.verb[0m [1;30mLevel 5[0m set package 'aero_hand_open_description' build argument 'cmake_force_configure' from command line to 'False'
[0.159s] [34mcolcon.colcon_core.verb[0m [1;30mLevel 5[0m set package 'aero_hand_open_description' build argument 'ament_cmake_args' from command line to 'None'
[0.159s] [34mcolcon.colcon_core.verb[0m [1;30mLevel 5[0m set package 'aero_hand_open_description' build argument 'catkin_cmake_args' from command line to 'None'
[0.159s] [34mcolcon.colcon_core.verb[0m [1;30mLevel 5[0m set package 'aero_hand_open_description' build argument 'catkin_skip_building_tests' from command line to 'False'
[0.160s] [34mcolcon.colcon_core.verb[0m [1;30mDEBUG[0m [32mBuilding package 'aero_hand_open_description' with the following arguments: {'ament_cmake_args': None, 'build_base': '/home/kkkk/bxi_arm_v2/build/aero_hand_open_description', 'catkin_cmake_args': None, 'catkin_skip_building_tests': False, 'cmake_args': ['-DCMAKE_BUILD_TYPE=Release', '-DCMAKE_EXPORT_COMPILE_COMMANDS=ON'], 'cmake_clean_cache': False, 'cmake_clean_first': False, 'cmake_force_configure': False, 'cmake_target': None, 'cmake_target_skip_unavailable': False, 'install_base': '/home/kkkk/bxi_arm_v2/install/aero_hand_open_description', 'merge_install': False, 'path': '/home/kkkk/bxi_arm_v2/src/aero-hand-open/src/aero_hand_open_description', 'symlink_install': False, 'test_result_base': None}[0m
[0.160s] [34mcolcon.colcon_core.verb[0m [1;30mLevel 5[0m set package 'aero_hand_open_msgs' build argument 'cmake_args' from command line to '['-DCMAKE_BUILD_TYPE=Release', '-DCMAKE_EXPORT_COMPILE_COMMANDS=ON']'
[0.160s] [34mcolcon.colcon_core.verb[0m [1;30mLevel 5[0m set package 'aero_hand_open_msgs' build argument 'cmake_target' from command line to 'None'
[0.160s] [34mcolcon.colcon_core.verb[0m [1;30mLevel 5[0m set package 'aero_hand_open_msgs' build argument 'cmake_target_skip_unavailable' from command line to 'False'
[0.160s] [34mcolcon.colcon_core.verb[0m [1;30mLevel 5[0m set package 'aero_hand_open_msgs' build argument 'cmake_clean_cache' from command line to 'False'
[0.160s] [34mcolcon.colcon_core.verb[0m [1;30mLevel 5[0m set package 'aero_hand_open_msgs' build argument 'cmake_clean_first' from command line to 'False'
[0.160s] [34mcolcon.colcon_core.verb[0m [1;30mLevel 5[0m set package 'aero_hand_open_msgs' build argument 'cmake_force_configure' from command line to 'False'
[0.160s] [34mcolcon.colcon_core.verb[0m [1;30mLevel 5[0m set package 'aero_hand_open_msgs' build argument 'ament_cmake_args' from command line to 'None'
[0.160s] [34mcolcon.colcon_core.verb[0m [1;30mLevel 5[0m set package 'aero_hand_open_msgs' build argument 'catkin_cmake_args' from command line to 'None'
[0.160s] [34mcolcon.colcon_core.verb[0m [1;30mLevel 5[0m set package 'aero_hand_open_msgs' build argument 'catkin_skip_building_tests' from command line to 'False'
[0.160s] [34mcolcon.colcon_core.verb[0m [1;30mDEBUG[0m [32mBuilding package 'aero_hand_open_msgs' with the following arguments: {'ament_cmake_args': None, 'build_base': '/home/kkkk/bxi_arm_v2/build/aero_hand_open_msgs', 'catkin_cmake_args': None, 'catkin_skip_building_tests': False, 'cmake_args': ['-DCMAKE_BUILD_TYPE=Release', '-DCMAKE_EXPORT_COMPILE_COMMANDS=ON'], 'cmake_clean_cache': False, 'cmake_clean_first': False, 'cmake_force_configure': False, 'cmake_target': None, 'cmake_target_skip_unavailable': False, 'install_base': '/home/kkkk/bxi_arm_v2/install/aero_hand_open_msgs', 'merge_install': False, 'path': '/home/kkkk/bxi_arm_v2/src/aero-hand-open/src/aero_hand_open_msgs', 'symlink_install': False, 'test_result_base': None}[0m
[0.160s] [34mcolcon.colcon_core.verb[0m [1;30mLevel 5[0m set package 'bxi_example' build argument 'cmake_args' from command line to '['-DCMAKE_BUILD_TYPE=Release', '-DCMAKE_EXPORT_COMPILE_COMMANDS=ON']'
[0.160s] [34mcolcon.colcon_core.verb[0m [1;30mLevel 5[0m set package 'bxi_example' build argument 'cmake_target' from command line to 'None'
[0.160s] [34mcolcon.colcon_core.verb[0m [1;30mLevel 5[0m set package 'bxi_example' build argument 'cmake_target_skip_unavailable' from command line to 'False'
[0.160s] [34mcolcon.colcon_core.verb[0m [1;30mLevel 5[0m set package 'bxi_example' build argument 'cmake_clean_cache' from command line to 'False'
[0.160s] [34mcolcon.colcon_core.verb[0m [1;30mLevel 5[0m set package 'bxi_example' build argument 'cmake_clean_first' from command line to 'False'
[0.160s] [34mcolcon.colcon_core.verb[0m [1;30mLevel 5[0m set package 'bxi_example' build argument 'cmake_force_configure' from command line to 'False'
[0.160s] [34mcolcon.colcon_core.verb[0m [1;30mLevel 5[0m set package 'bxi_example' build argument 'ament_cmake_args' from command line to 'None'
[0.160s] [34mcolcon.colcon_core.verb[0m [1;30mLevel 5[0m set package 'bxi_example' build argument 'catkin_cmake_args' from command line to 'None'
[0.160s] [34mcolcon.colcon_core.verb[0m [1;30mLevel 5[0m set package 'bxi_example' build argument 'catkin_skip_building_tests' from command line to 'False'
[0.160s] [34mcolcon.colcon_core.verb[0m [1;30mDEBUG[0m [32mBuilding package 'bxi_example' with the following arguments: {'ament_cmake_args': None, 'build_base': '/home/kkkk/bxi_arm_v2/build/bxi_example', 'catkin_cmake_args': None, 'catkin_skip_building_tests': False, 'cmake_args': ['-DCMAKE_BUILD_TYPE=Release', '-DCMAKE_EXPORT_COMPILE_COMMANDS=ON'], 'cmake_clean_cache': False, 'cmake_clean_first': False, 'cmake_force_configure': False, 'cmake_target': None, 'cmake_target_skip_unavailable': False, 'install_base': '/home/kkkk/bxi_arm_v2/install/bxi_example', 'merge_install': False, 'path': '/home/kkkk/bxi_arm_v2/src/bxi_rl_controller_ros2_example/src/bxi_example', 'symlink_install': False, 'test_result_base': None}[0m
[0.160s] [34mcolcon.colcon_core.verb[0m [1;30mLevel 5[0m set package 'bxi_example_arm' build argument 'cmake_args' from command line to '['-DCMAKE_BUILD_TYPE=Release', '-DCMAKE_EXPORT_COMPILE_COMMANDS=ON']'
[0.160s] [34mcolcon.colcon_core.verb[0m [1;30mLevel 5[0m set package 'bxi_example_arm' build argument 'cmake_target' from command line to 'None'
[0.160s] [34mcolcon.colcon_core.verb[0m [1;30mLevel 5[0m set package 'bxi_example_arm' build argument 'cmake_target_skip_unavailable' from command line to 'False'
[0.160s] [34mcolcon.colcon_core.verb[0m [1;30mLevel 5[0m set package 'bxi_example_arm' build argument 'cmake_clean_cache' from command line to 'False'
[0.160s] [34mcolcon.colcon_core.verb[0m [1;30mLevel 5[0m set package 'bxi_example_arm' build argument 'cmake_clean_first' from command line to 'False'
[0.160s] [34mcolcon.colcon_core.verb[0m [1;30mLevel 5[0m set package 'bxi_example_arm' build argument 'cmake_force_configure' from command line to 'False'
[0.160s] [34mcolcon.colcon_core.verb[0m [1;30mLevel 5[0m set package 'bxi_example_arm' build argument 'ament_cmake_args' from command line to 'None'
[0.160s] [34mcolcon.colcon_core.verb[0m [1;30mLevel 5[0m set package 'bxi_example_arm' build argument 'catkin_cmake_args' from command line to 'None'
[0.160s] [34mcolcon.colcon_core.verb[0m [1;30mLevel 5[0m set package 'bxi_example_arm' build argument 'catkin_skip_building_tests' from command line to 'False'
[0.160s] [34mcolcon.colcon_core.verb[0m [1;30mDEBUG[0m [32mBuilding package 'bxi_example_arm' with the following arguments: {'ament_cmake_args': None, 'build_base': '/home/kkkk/bxi_arm_v2/build/bxi_example_arm', 'catkin_cmake_args': None, 'catkin_skip_building_tests': False, 'cmake_args': ['-DCMAKE_BUILD_TYPE=Release', '-DCMAKE_EXPORT_COMPILE_COMMANDS=ON'], 'cmake_clean_cache': False, 'cmake_clean_first': False, 'cmake_force_configure': False, 'cmake_target': None, 'cmake_target_skip_unavailable': False, 'install_base': '/home/kkkk/bxi_arm_v2/install/bxi_example_arm', 'merge_install': False, 'path': '/home/kkkk/bxi_arm_v2/src/bxi_rl_controller_ros2_example/src/bxi_example_arm', 'symlink_install': False, 'test_result_base': None}[0m
[0.161s] [34mcolcon.colcon_core.verb[0m [1;30mLevel 5[0m set package 'bxi_example_py' build argument 'cmake_args' from command line to '['-DCMAKE_BUILD_TYPE=Release', '-DCMAKE_EXPORT_COMPILE_COMMANDS=ON']'
[0.161s] [34mcolcon.colcon_core.verb[0m [1;30mLevel 5[0m set package 'bxi_example_py' build argument 'cmake_target' from command line to 'None'
[0.161s] [34mcolcon.colcon_core.verb[0m [1;30mLevel 5[0m set package 'bxi_example_py' build argument 'cmake_target_skip_unavailable' from command line to 'False'
[0.161s] [34mcolcon.colcon_core.verb[0m [1;30mLevel 5[0m set package 'bxi_example_py' build argument 'cmake_clean_cache' from command line to 'False'
[0.161s] [34mcolcon.colcon_core.verb[0m [1;30mLevel 5[0m set package 'bxi_example_py' build argument 'cmake_clean_first' from command line to 'False'
[0.161s] [34mcolcon.colcon_core.verb[0m [1;30mLevel 5[0m set package 'bxi_example_py' build argument 'cmake_force_configure' from command line to 'False'
[0.161s] [34mcolcon.colcon_core.verb[0m [1;30mLevel 5[0m set package 'bxi_example_py' build argument 'ament_cmake_args' from command line to 'None'
[0.161s] [34mcolcon.colcon_core.verb[0m [1;30mLevel 5[0m set package 'bxi_example_py' build argument 'catkin_cmake_args' from command line to 'None'
[0.161s] [34mcolcon.colcon_core.verb[0m [1;30mLevel 5[0m set package 'bxi_example_py' build argument 'catkin_skip_building_tests' from command line to 'False'
[0.161s] [34mcolcon.colcon_core.verb[0m [1;30mDEBUG[0m [32mBuilding package 'bxi_example_py' with the following arguments: {'ament_cmake_args': None, 'build_base': '/home/kkkk/bxi_arm_v2/build/bxi_example_py', 'catkin_cmake_args': None, 'catkin_skip_building_tests': False, 'cmake_args': ['-DCMAKE_BUILD_TYPE=Release', '-DCMAKE_EXPORT_COMPILE_COMMANDS=ON'], 'cmake_clean_cache': False, 'cmake_clean_first': False, 'cmake_force_configure': False, 'cmake_target': None, 'cmake_target_skip_unavailable': False, 'install_base': '/home/kkkk/bxi_arm_v2/install/bxi_example_py', 'merge_install': False, 'path': '/home/kkkk/bxi_arm_v2/src/bxi_rl_controller_ros2_example/src/bxi_example_py', 'symlink_install': False, 'test_result_base': None}[0m
[0.161s] [34mcolcon.colcon_core.verb[0m [1;30mLevel 5[0m set package 'bxi_example_py_ankle' build argument 'cmake_args' from command line to '['-DCMAKE_BUILD_TYPE=Release', '-DCMAKE_EXPORT_COMPILE_COMMANDS=ON']'
[0.161s] [34mcolcon.colcon_core.verb[0m [1;30mLevel 5[0m set package 'bxi_example_py_ankle' build argument 'cmake_target' from command line to 'None'
[0.161s] [34mcolcon.colcon_core.verb[0m [1;30mLevel 5[0m set package 'bxi_example_py_ankle' build argument 'cmake_target_skip_unavailable' from command line to 'False'
[0.161s] [34mcolcon.colcon_core.verb[0m [1;30mLevel 5[0m set package 'bxi_example_py_ankle' build argument 'cmake_clean_cache' from command line to 'False'
[0.161s] [34mcolcon.colcon_core.verb[0m [1;30mLevel 5[0m set package 'bxi_example_py_ankle' build argument 'cmake_clean_first' from command line to 'False'
[0.161s] [34mcolcon.colcon_core.verb[0m [1;30mLevel 5[0m set package 'bxi_example_py_ankle' build argument 'cmake_force_configure' from command line to 'False'
[0.161s] [34mcolcon.colcon_core.verb[0m [1;30mLevel 5[0m set package 'bxi_example_py_ankle' build argument 'ament_cmake_args' from command line to 'None'
[0.161s] [34mcolcon.colcon_core.verb[0m [1;30mLevel 5[0m set package 'bxi_example_py_ankle' build argument 'catkin_cmake_args' from command line to 'None'
[0.161s] [34mcolcon.colcon_core.verb[0m [1;30mLevel 5[0m set package 'bxi_example_py_ankle' build argument 'catkin_skip_building_tests' from command line to 'False'
[0.161s] [34mcolcon.colcon_core.verb[0m [1;30mDEBUG[0m [32mBuilding package 'bxi_example_py_ankle' with the following arguments: {'ament_cmake_args': None, 'build_base': '/home/kkkk/bxi_arm_v2/build/bxi_example_py_ankle', 'catkin_cmake_args': None, 'catkin_skip_building_tests': False, 'cmake_args': ['-DCMAKE_BUILD_TYPE=Release', '-DCMAKE_EXPORT_COMPILE_COMMANDS=ON'], 'cmake_clean_cache': False, 'cmake_clean_first': False, 'cmake_force_configure': False, 'cmake_target': None, 'cmake_target_skip_unavailable': False, 'install_base': '/home/kkkk/bxi_arm_v2/install/bxi_example_py_ankle', 'merge_install': False, 'path': '/home/kkkk/bxi_arm_v2/src/bxi_rl_controller_ros2_example/src/bxi_example_py_ankle', 'symlink_install': False, 'test_result_base': None}[0m
[0.161s] [34mcolcon.colcon_core.verb[0m [1;30mLevel 5[0m set package 'bxi_example_py_arm' build argument 'cmake_args' from command line to '['-DCMAKE_BUILD_TYPE=Release', '-DCMAKE_EXPORT_COMPILE_COMMANDS=ON']'
[0.161s] [34mcolcon.colcon_core.verb[0m [1;30mLevel 5[0m set package 'bxi_example_py_arm' build argument 'cmake_target' from command line to 'None'
[0.161s] [34mcolcon.colcon_core.verb[0m [1;30mLevel 5[0m set package 'bxi_example_py_arm' build argument 'cmake_target_skip_unavailable' from command line to 'False'
[0.161s] [34mcolcon.colcon_core.verb[0m [1;30mLevel 5[0m set package 'bxi_example_py_arm' build argument 'cmake_clean_cache' from command line to 'False'
[0.161s] [34mcolcon.colcon_core.verb[0m [1;30mLevel 5[0m set package 'bxi_example_py_arm' build argument 'cmake_clean_first' from command line to 'False'
[0.161s] [34mcolcon.colcon_core.verb[0m [1;30mLevel 5[0m set package 'bxi_example_py_arm' build argument 'cmake_force_configure' from command line to 'False'
[0.161s] [34mcolcon.colcon_core.verb[0m [1;30mLevel 5[0m set package 'bxi_example_py_arm' build argument 'ament_cmake_args' from command line to 'None'
[0.161s] [34mcolcon.colcon_core.verb[0m [1;30mLevel 5[0m set package 'bxi_example_py_arm' build argument 'catkin_cmake_args' from command line to 'None'
[0.161s] [34mcolcon.colcon_core.verb[0m [1;30mLevel 5[0m set package 'bxi_example_py_arm' build argument 'catkin_skip_building_tests' from command line to 'False'
[0.161s] [34mcolcon.colcon_core.verb[0m [1;30mDEBUG[0m [32mBuilding package 'bxi_example_py_arm' with the following arguments: {'ament_cmake_args': None, 'build_base': '/home/kkkk/bxi_arm_v2/build/bxi_example_py_arm', 'catkin_cmake_args': None, 'catkin_skip_building_tests': False, 'cmake_args': ['-DCMAKE_BUILD_TYPE=Release', '-DCMAKE_EXPORT_COMPILE_COMMANDS=ON'], 'cmake_clean_cache': False, 'cmake_clean_first': False, 'cmake_force_configure': False, 'cmake_target': None, 'cmake_target_skip_unavailable': False, 'install_base': '/home/kkkk/bxi_arm_v2/install/bxi_example_py_arm', 'merge_install': False, 'path': '/home/kkkk/bxi_arm_v2/src/bxi_rl_controller_ros2_example/src/bxi_example_py_arm', 'symlink_install': False, 'test_result_base': None}[0m
[0.162s] [34mcolcon.colcon_core.verb[0m [1;30mLevel 5[0m set package 'bxi_example_py_armrc' build argument 'cmake_args' from command line to '['-DCMAKE_BUILD_TYPE=Release', '-DCMAKE_EXPORT_COMPILE_COMMANDS=ON']'
[0.162s] [34mcolcon.colcon_core.verb[0m [1;30mLevel 5[0m set package 'bxi_example_py_armrc' build argument 'cmake_target' from command line to 'None'
[0.162s] [34mcolcon.colcon_core.verb[0m [1;30mLevel 5[0m set package 'bxi_example_py_armrc' build argument 'cmake_target_skip_unavailable' from command line to 'False'
[0.162s] [34mcolcon.colcon_core.verb[0m [1;30mLevel 5[0m set package 'bxi_example_py_armrc' build argument 'cmake_clean_cache' from command line to 'False'
[0.162s] [34mcolcon.colcon_core.verb[0m [1;30mLevel 5[0m set package 'bxi_example_py_armrc' build argument 'cmake_clean_first' from command line to 'False'
[0.162s] [34mcolcon.colcon_core.verb[0m [1;30mLevel 5[0m set package 'bxi_example_py_armrc' build argument 'cmake_force_configure' from command line to 'False'
[0.162s] [34mcolcon.colcon_core.verb[0m [1;30mLevel 5[0m set package 'bxi_example_py_armrc' build argument 'ament_cmake_args' from command line to 'None'
[0.162s] [34mcolcon.colcon_core.verb[0m [1;30mLevel 5[0m set package 'bxi_example_py_armrc' build argument 'catkin_cmake_args' from command line to 'None'
[0.162s] [34mcolcon.colcon_core.verb[0m [1;30mLevel 5[0m set package 'bxi_example_py_armrc' build argument 'catkin_skip_building_tests' from command line to 'False'
[0.162s] [34mcolcon.colcon_core.verb[0m [1;30mDEBUG[0m [32mBuilding package 'bxi_example_py_armrc' with the following arguments: {'ament_cmake_args': None, 'build_base': '/home/kkkk/bxi_arm_v2/build/bxi_example_py_armrc', 'catkin_cmake_args': None, 'catkin_skip_building_tests': False, 'cmake_args': ['-DCMAKE_BUILD_TYPE=Release', '-DCMAKE_EXPORT_COMPILE_COMMANDS=ON'], 'cmake_clean_cache': False, 'cmake_clean_first': False, 'cmake_force_configure': False, 'cmake_target': None, 'cmake_target_skip_unavailable': False, 'install_base': '/home/kkkk/bxi_arm_v2/install/bxi_example_py_armrc', 'merge_install': False, 'path': '/home/kkkk/bxi_arm_v2/src/bxi_rl_controller_ros2_example/src/bxi_example_py_armrc', 'symlink_install': False, 'test_result_base': None}[0m
[0.162s] [34mcolcon.colcon_core.verb[0m [1;30mLevel 5[0m set package 'bxi_example_py_elf3' build argument 'cmake_args' from command line to '['-DCMAKE_BUILD_TYPE=Release', '-DCMAKE_EXPORT_COMPILE_COMMANDS=ON']'
[0.162s] [34mcolcon.colcon_core.verb[0m [1;30mLevel 5[0m set package 'bxi_example_py_elf3' build argument 'cmake_target' from command line to 'None'
[0.162s] [34mcolcon.colcon_core.verb[0m [1;30mLevel 5[0m set package 'bxi_example_py_elf3' build argument 'cmake_target_skip_unavailable' from command line to 'False'
[0.162s] [34mcolcon.colcon_core.verb[0m [1;30mLevel 5[0m set package 'bxi_example_py_elf3' build argument 'cmake_clean_cache' from command line to 'False'
[0.162s] [34mcolcon.colcon_core.verb[0m [1;30mLevel 5[0m set package 'bxi_example_py_elf3' build argument 'cmake_clean_first' from command line to 'False'
[0.162s] [34mcolcon.colcon_core.verb[0m [1;30mLevel 5[0m set package 'bxi_example_py_elf3' build argument 'cmake_force_configure' from command line to 'False'
[0.162s] [34mcolcon.colcon_core.verb[0m [1;30mLevel 5[0m set package 'bxi_example_py_elf3' build argument 'ament_cmake_args' from command line to 'None'
[0.162s] [34mcolcon.colcon_core.verb[0m [1;30mLevel 5[0m set package 'bxi_example_py_elf3' build argument 'catkin_cmake_args' from command line to 'None'
[0.162s] [34mcolcon.colcon_core.verb[0m [1;30mLevel 5[0m set package 'bxi_example_py_elf3' build argument 'catkin_skip_building_tests' from command line to 'False'
[0.162s] [34mcolcon.colcon_core.verb[0m [1;30mDEBUG[0m [32mBuilding package 'bxi_example_py_elf3' with the following arguments: {'ament_cmake_args': None, 'build_base': '/home/kkkk/bxi_arm_v2/build/bxi_example_py_elf3', 'catkin_cmake_args': None, 'catkin_skip_building_tests': False, 'cmake_args': ['-DCMAKE_BUILD_TYPE=Release', '-DCMAKE_EXPORT_COMPILE_COMMANDS=ON'], 'cmake_clean_cache': False, 'cmake_clean_first': False, 'cmake_force_configure': False, 'cmake_target': None, 'cmake_target_skip_unavailable': False, 'install_base': '/home/kkkk/bxi_arm_v2/install/bxi_example_py_elf3', 'merge_install': False, 'path': '/home/kkkk/bxi_arm_v2/src/bxi_rl_controller_ros2_example/src/bxi_example_py_elf3', 'symlink_install': False, 'test_result_base': None}[0m
[0.162s] [34mcolcon.colcon_core.verb[0m [1;30mLevel 5[0m set package 'bxi_example_py_foot' build argument 'cmake_args' from command line to '['-DCMAKE_BUILD_TYPE=Release', '-DCMAKE_EXPORT_COMPILE_COMMANDS=ON']'
[0.162s] [34mcolcon.colcon_core.verb[0m [1;30mLevel 5[0m set package 'bxi_example_py_foot' build argument 'cmake_target' from command line to 'None'
[0.162s] [34mcolcon.colcon_core.verb[0m [1;30mLevel 5[0m set package 'bxi_example_py_foot' build argument 'cmake_target_skip_unavailable' from command line to 'False'
[0.162s] [34mcolcon.colcon_core.verb[0m [1;30mLevel 5[0m set package 'bxi_example_py_foot' build argument 'cmake_clean_cache' from command line to 'False'
[0.162s] [34mcolcon.colcon_core.verb[0m [1;30mLevel 5[0m set package 'bxi_example_py_foot' build argument 'cmake_clean_first' from command line to 'False'
[0.162s] [34mcolcon.colcon_core.verb[0m [1;30mLevel 5[0m set package 'bxi_example_py_foot' build argument 'cmake_force_configure' from command line to 'False'
[0.162s] [34mcolcon.colcon_core.verb[0m [1;30mLevel 5[0m set package 'bxi_example_py_foot' build argument 'ament_cmake_args' from command line to 'None'
[0.162s] [34mcolcon.colcon_core.verb[0m [1;30mLevel 5[0m set package 'bxi_example_py_foot' build argument 'catkin_cmake_args' from command line to 'None'
[0.162s] [34mcolcon.colcon_core.verb[0m [1;30mLevel 5[0m set package 'bxi_example_py_foot' build argument 'catkin_skip_building_tests' from command line to 'False'
[0.162s] [34mcolcon.colcon_core.verb[0m [1;30mDEBUG[0m [32mBuilding package 'bxi_example_py_foot' with the following arguments: {'ament_cmake_args': None, 'build_base': '/home/kkkk/bxi_arm_v2/build/bxi_example_py_foot', 'catkin_cmake_args': None, 'catkin_skip_building_tests': False, 'cmake_args': ['-DCMAKE_BUILD_TYPE=Release', '-DCMAKE_EXPORT_COMPILE_COMMANDS=ON'], 'cmake_clean_cache': False, 'cmake_clean_first': False, 'cmake_force_configure': False, 'cmake_target': None, 'cmake_target_skip_unavailable': False, 'install_base': '/home/kkkk/bxi_arm_v2/install/bxi_example_py_foot', 'merge_install': False, 'path': '/home/kkkk/bxi_arm_v2/src/bxi_rl_controller_ros2_example/src/bxi_example_py_foot', 'symlink_install': False, 'test_result_base': None}[0m
[0.162s] [34mcolcon.colcon_core.verb[0m [1;30mLevel 5[0m set package 'bxi_example_py_trunk' build argument 'cmake_args' from command line to '['-DCMAKE_BUILD_TYPE=Release', '-DCMAKE_EXPORT_COMPILE_COMMANDS=ON']'
[0.162s] [34mcolcon.colcon_core.verb[0m [1;30mLevel 5[0m set package 'bxi_example_py_trunk' build argument 'cmake_target' from command line to 'None'
[0.162s] [34mcolcon.colcon_core.verb[0m [1;30mLevel 5[0m set package 'bxi_example_py_trunk' build argument 'cmake_target_skip_unavailable' from command line to 'False'
[0.162s] [34mcolcon.colcon_core.verb[0m [1;30mLevel 5[0m set package 'bxi_example_py_trunk' build argument 'cmake_clean_cache' from command line to 'False'
[0.162s] [34mcolcon.colcon_core.verb[0m [1;30mLevel 5[0m set package 'bxi_example_py_trunk' build argument 'cmake_clean_first' from command line to 'False'
[0.162s] [34mcolcon.colcon_core.verb[0m [1;30mLevel 5[0m set package 'bxi_example_py_trunk' build argument 'cmake_force_configure' from command line to 'False'
[0.162s] [34mcolcon.colcon_core.verb[0m [1;30mLevel 5[0m set package 'bxi_example_py_trunk' build argument 'ament_cmake_args' from command line to 'None'
[0.162s] [34mcolcon.colcon_core.verb[0m [1;30mLevel 5[0m set package 'bxi_example_py_trunk' build argument 'catkin_cmake_args' from command line to 'None'
[0.162s] [34mcolcon.colcon_core.verb[0m [1;30mLevel 5[0m set package 'bxi_example_py_trunk' build argument 'catkin_skip_building_tests' from command line to 'False'
[0.162s] [34mcolcon.colcon_core.verb[0m [1;30mDEBUG[0m [32mBuilding package 'bxi_example_py_trunk' with the following arguments: {'ament_cmake_args': None, 'build_base': '/home/kkkk/bxi_arm_v2/build/bxi_example_py_trunk', 'catkin_cmake_args': None, 'catkin_skip_building_tests': False, 'cmake_args': ['-DCMAKE_BUILD_TYPE=Release', '-DCMAKE_EXPORT_COMPILE_COMMANDS=ON'], 'cmake_clean_cache': False, 'cmake_clean_first': False, 'cmake_force_configure': False, 'cmake_target': None, 'cmake_target_skip_unavailable': False, 'install_base': '/home/kkkk/bxi_arm_v2/install/bxi_example_py_trunk', 'merge_install': False, 'path': '/home/kkkk/bxi_arm_v2/src/bxi_rl_controller_ros2_example/src/bxi_example_py_trunk', 'symlink_install': False, 'test_result_base': None}[0m
[0.163s] [34mcolcon.colcon_core.verb[0m [1;30mLevel 5[0m set package 'bxi_example_py_trunk_neck' build argument 'cmake_args' from command line to '['-DCMAKE_BUILD_TYPE=Release', '-DCMAKE_EXPORT_COMPILE_COMMANDS=ON']'
[0.163s] [34mcolcon.colcon_core.verb[0m [1;30mLevel 5[0m set package 'bxi_example_py_trunk_neck' build argument 'cmake_target' from command line to 'None'
[0.163s] [34mcolcon.colcon_core.verb[0m [1;30mLevel 5[0m set package 'bxi_example_py_trunk_neck' build argument 'cmake_target_skip_unavailable' from command line to 'False'
[0.163s] [34mcolcon.colcon_core.verb[0m [1;30mLevel 5[0m set package 'bxi_example_py_trunk_neck' build argument 'cmake_clean_cache' from command line to 'False'
[0.163s] [34mcolcon.colcon_core.verb[0m [1;30mLevel 5[0m set package 'bxi_example_py_trunk_neck' build argument 'cmake_clean_first' from command line to 'False'
[0.163s] [34mcolcon.colcon_core.verb[0m [1;30mLevel 5[0m set package 'bxi_example_py_trunk_neck' build argument 'cmake_force_configure' from command line to 'False'
[0.163s] [34mcolcon.colcon_core.verb[0m [1;30mLevel 5[0m set package 'bxi_example_py_trunk_neck' build argument 'ament_cmake_args' from command line to 'None'
[0.163s] [34mcolcon.colcon_core.verb[0m [1;30mLevel 5[0m set package 'bxi_example_py_trunk_neck' build argument 'catkin_cmake_args' from command line to 'None'
[0.163s] [34mcolcon.colcon_core.verb[0m [1;30mLevel 5[0m set package 'bxi_example_py_trunk_neck' build argument 'catkin_skip_building_tests' from command line to 'False'
[0.163s] [34mcolcon.colcon_core.verb[0m [1;30mDEBUG[0m [32mBuilding package 'bxi_example_py_trunk_neck' with the following arguments: {'ament_cmake_args': None, 'build_base': '/home/kkkk/bxi_arm_v2/build/bxi_example_py_trunk_neck', 'catkin_cmake_args': None, 'catkin_skip_building_tests': False, 'cmake_args': ['-DCMAKE_BUILD_TYPE=Release', '-DCMAKE_EXPORT_COMPILE_COMMANDS=ON'], 'cmake_clean_cache': False, 'cmake_clean_first': False, 'cmake_force_configure': False, 'cmake_target': None, 'cmake_target_skip_unavailable': False, 'install_base': '/home/kkkk/bxi_arm_v2/install/bxi_example_py_trunk_neck', 'merge_install': False, 'path': '/home/kkkk/bxi_arm_v2/src/bxi_rl_controller_ros2_example/src/bxi_example_py_trunk_neck', 'symlink_install': False, 'test_result_base': None}[0m
[0.163s] [34mcolcon.colcon_core.verb[0m [1;30mLevel 5[0m set package 'elf3_arm_bringup' build argument 'cmake_args' from command line to '['-DCMAKE_BUILD_TYPE=Release', '-DCMAKE_EXPORT_COMPILE_COMMANDS=ON']'
[0.163s] [34mcolcon.colcon_core.verb[0m [1;30mLevel 5[0m set package 'elf3_arm_bringup' build argument 'cmake_target' from command line to 'None'
[0.163s] [34mcolcon.colcon_core.verb[0m [1;30mLevel 5[0m set package 'elf3_arm_bringup' build argument 'cmake_target_skip_unavailable' from command line to 'False'
[0.163s] [34mcolcon.colcon_core.verb[0m [1;30mLevel 5[0m set package 'elf3_arm_bringup' build argument 'cmake_clean_cache' from command line to 'False'
[0.163s] [34mcolcon.colcon_core.verb[0m [1;30mLevel 5[0m set package 'elf3_arm_bringup' build argument 'cmake_clean_first' from command line to 'False'
[0.163s] [34mcolcon.colcon_core.verb[0m [1;30mLevel 5[0m set package 'elf3_arm_bringup' build argument 'cmake_force_configure' from command line to 'False'
[0.163s] [34mcolcon.colcon_core.verb[0m [1;30mLevel 5[0m set package 'elf3_arm_bringup' build argument 'ament_cmake_args' from command line to 'None'
[0.163s] [34mcolcon.colcon_core.verb[0m [1;30mLevel 5[0m set package 'elf3_arm_bringup' build argument 'catkin_cmake_args' from command line to 'None'
[0.163s] [34mcolcon.colcon_core.verb[0m [1;30mLevel 5[0m set package 'elf3_arm_bringup' build argument 'catkin_skip_building_tests' from command line to 'False'
[0.163s] [34mcolcon.colcon_core.verb[0m [1;30mDEBUG[0m [32mBuilding package 'elf3_arm_bringup' with the following arguments: {'ament_cmake_args': None, 'build_base': '/home/kkkk/bxi_arm_v2/build/elf3_arm_bringup', 'catkin_cmake_args': None, 'catkin_skip_building_tests': False, 'cmake_args': ['-DCMAKE_BUILD_TYPE=Release', '-DCMAKE_EXPORT_COMPILE_COMMANDS=ON'], 'cmake_clean_cache': False, 'cmake_clean_first': False, 'cmake_force_configure': False, 'cmake_target': None, 'cmake_target_skip_unavailable': False, 'install_base': '/home/kkkk/bxi_arm_v2/install/elf3_arm_bringup', 'merge_install': False, 'path': '/home/kkkk/bxi_arm_v2/src/elf3_arm_bringup', 'symlink_install': False, 'test_result_base': None}[0m
[0.163s] [34mcolcon.colcon_core.verb[0m [1;30mLevel 5[0m set package 'elf3_arm_ikpy_control_pico' build argument 'cmake_args' from command line to '['-DCMAKE_BUILD_TYPE=Release', '-DCMAKE_EXPORT_COMPILE_COMMANDS=ON']'
[0.163s] [34mcolcon.colcon_core.verb[0m [1;30mLevel 5[0m set package 'elf3_arm_ikpy_control_pico' build argument 'cmake_target' from command line to 'None'
[0.163s] [34mcolcon.colcon_core.verb[0m [1;30mLevel 5[0m set package 'elf3_arm_ikpy_control_pico' build argument 'cmake_target_skip_unavailable' from command line to 'False'
[0.163s] [34mcolcon.colcon_core.verb[0m [1;30mLevel 5[0m set package 'elf3_arm_ikpy_control_pico' build argument 'cmake_clean_cache' from command line to 'False'
[0.163s] [34mcolcon.colcon_core.verb[0m [1;30mLevel 5[0m set package 'elf3_arm_ikpy_control_pico' build argument 'cmake_clean_first' from command line to 'False'
[0.163s] [34mcolcon.colcon_core.verb[0m [1;30mLevel 5[0m set package 'elf3_arm_ikpy_control_pico' build argument 'cmake_force_configure' from command line to 'False'
[0.163s] [34mcolcon.colcon_core.verb[0m [1;30mLevel 5[0m set package 'elf3_arm_ikpy_control_pico' build argument 'ament_cmake_args' from command line to 'None'
[0.163s] [34mcolcon.colcon_core.verb[0m [1;30mLevel 5[0m set package 'elf3_arm_ikpy_control_pico' build argument 'catkin_cmake_args' from command line to 'None'
[0.163s] [34mcolcon.colcon_core.verb[0m [1;30mLevel 5[0m set package 'elf3_arm_ikpy_control_pico' build argument 'catkin_skip_building_tests' from command line to 'False'
[0.163s] [34mcolcon.colcon_core.verb[0m [1;30mDEBUG[0m [32mBuilding package 'elf3_arm_ikpy_control_pico' with the following arguments: {'ament_cmake_args': None, 'build_base': '/home/kkkk/bxi_arm_v2/build/elf3_arm_ikpy_control_pico', 'catkin_cmake_args': None, 'catkin_skip_building_tests': False, 'cmake_args': ['-DCMAKE_BUILD_TYPE=Release', '-DCMAKE_EXPORT_COMPILE_COMMANDS=ON'], 'cmake_clean_cache': False, 'cmake_clean_first': False, 'cmake_force_configure': False, 'cmake_target': None, 'cmake_target_skip_unavailable': False, 'install_base': '/home/kkkk/bxi_arm_v2/install/elf3_arm_ikpy_control_pico', 'merge_install': False, 'path': '/home/kkkk/bxi_arm_v2/src/elf3_arm_ikpy_control_pico', 'symlink_install': False, 'test_result_base': None}[0m
[0.163s] [34mcolcon.colcon_core.verb[0m [1;30mLevel 5[0m set package 'fake_trigger' build argument 'cmake_args' from command line to '['-DCMAKE_BUILD_TYPE=Release', '-DCMAKE_EXPORT_COMPILE_COMMANDS=ON']'
[0.163s] [34mcolcon.colcon_core.verb[0m [1;30mLevel 5[0m set package 'fake_trigger' build argument 'cmake_target' from command line to 'None'
[0.164s] [34mcolcon.colcon_core.verb[0m [1;30mLevel 5[0m set package 'fake_trigger' build argument 'cmake_target_skip_unavailable' from command line to 'False'
[0.164s] [34mcolcon.colcon_core.verb[0m [1;30mLevel 5[0m set package 'fake_trigger' build argument 'cmake_clean_cache' from command line to 'False'
[0.164s] [34mcolcon.colcon_core.verb[0m [1;30mLevel 5[0m set package 'fake_trigger' build argument 'cmake_clean_first' from command line to 'False'
[0.164s] [34mcolcon.colcon_core.verb[0m [1;30mLevel 5[0m set package 'fake_trigger' build argument 'cmake_force_configure' from command line to 'False'
[0.164s] [34mcolcon.colcon_core.verb[0m [1;30mLevel 5[0m set package 'fake_trigger' build argument 'ament_cmake_args' from command line to 'None'
[0.164s] [34mcolcon.colcon_core.verb[0m [1;30mLevel 5[0m set package 'fake_trigger' build argument 'catkin_cmake_args' from command line to 'None'
[0.164s] [34mcolcon.colcon_core.verb[0m [1;30mLevel 5[0m set package 'fake_trigger' build argument 'catkin_skip_building_tests' from command line to 'False'
[0.164s] [34mcolcon.colcon_core.verb[0m [1;30mDEBUG[0m [32mBuilding package 'fake_trigger' with the following arguments: {'ament_cmake_args': None, 'build_base': '/home/kkkk/bxi_arm_v2/build/fake_trigger', 'catkin_cmake_args': None, 'catkin_skip_building_tests': False, 'cmake_args': ['-DCMAKE_BUILD_TYPE=Release', '-DCMAKE_EXPORT_COMPILE_COMMANDS=ON'], 'cmake_clean_cache': False, 'cmake_clean_first': False, 'cmake_force_configure': False, 'cmake_target': None, 'cmake_target_skip_unavailable': False, 'install_base': '/home/kkkk/bxi_arm_v2/install/fake_trigger', 'merge_install': False, 'path': '/home/kkkk/bxi_arm_v2/src/fake_trigger', 'symlink_install': False, 'test_result_base': None}[0m
[0.164s] [34mcolcon.colcon_core.verb[0m [1;30mLevel 5[0m set package 'hand_control' build argument 'cmake_args' from command line to '['-DCMAKE_BUILD_TYPE=Release', '-DCMAKE_EXPORT_COMPILE_COMMANDS=ON']'
[0.164s] [34mcolcon.colcon_core.verb[0m [1;30mLevel 5[0m set package 'hand_control' build argument 'cmake_target' from command line to 'None'
[0.164s] [34mcolcon.colcon_core.verb[0m [1;30mLevel 5[0m set package 'hand_control' build argument 'cmake_target_skip_unavailable' from command line to 'False'
[0.164s] [34mcolcon.colcon_core.verb[0m [1;30mLevel 5[0m set package 'hand_control' build argument 'cmake_clean_cache' from command line to 'False'
[0.164s] [34mcolcon.colcon_core.verb[0m [1;30mLevel 5[0m set package 'hand_control' build argument 'cmake_clean_first' from command line to 'False'
[0.164s] [34mcolcon.colcon_core.verb[0m [1;30mLevel 5[0m set package 'hand_control' build argument 'cmake_force_configure' from command line to 'False'
[0.164s] [34mcolcon.colcon_core.verb[0m [1;30mLevel 5[0m set package 'hand_control' build argument 'ament_cmake_args' from command line to 'None'
[0.164s] [34mcolcon.colcon_core.verb[0m [1;30mLevel 5[0m set package 'hand_control' build argument 'catkin_cmake_args' from command line to 'None'
[0.164s] [34mcolcon.colcon_core.verb[0m [1;30mLevel 5[0m set package 'hand_control' build argument 'catkin_skip_building_tests' from command line to 'False'
[0.164s] [34mcolcon.colcon_core.verb[0m [1;30mDEBUG[0m [32mBuilding package 'hand_control' with the following arguments: {'ament_cmake_args': None, 'build_base': '/home/kkkk/bxi_arm_v2/build/hand_control', 'catkin_cmake_args': None, 'catkin_skip_building_tests': False, 'cmake_args': ['-DCMAKE_BUILD_TYPE=Release', '-DCMAKE_EXPORT_COMPILE_COMMANDS=ON'], 'cmake_clean_cache': False, 'cmake_clean_first': False, 'cmake_force_configure': False, 'cmake_target': None, 'cmake_target_skip_unavailable': False, 'install_base': '/home/kkkk/bxi_arm_v2/install/hand_control', 'merge_install': False, 'path': '/home/kkkk/bxi_arm_v2/src/hand_control', 'symlink_install': False, 'test_result_base': None}[0m
[0.164s] [34mcolcon.colcon_core.verb[0m [1;30mLevel 5[0m set package 'pico_bxi_server' build argument 'cmake_args' from command line to '['-DCMAKE_BUILD_TYPE=Release', '-DCMAKE_EXPORT_COMPILE_COMMANDS=ON']'
[0.164s] [34mcolcon.colcon_core.verb[0m [1;30mLevel 5[0m set package 'pico_bxi_server' build argument 'cmake_target' from command line to 'None'
[0.164s] [34mcolcon.colcon_core.verb[0m [1;30mLevel 5[0m set package 'pico_bxi_server' build argument 'cmake_target_skip_unavailable' from command line to 'False'
[0.164s] [34mcolcon.colcon_core.verb[0m [1;30mLevel 5[0m set package 'pico_bxi_server' build argument 'cmake_clean_cache' from command line to 'False'
[0.164s] [34mcolcon.colcon_core.verb[0m [1;30mLevel 5[0m set package 'pico_bxi_server' build argument 'cmake_clean_first' from command line to 'False'
[0.164s] [34mcolcon.colcon_core.verb[0m [1;30mLevel 5[0m set package 'pico_bxi_server' build argument 'cmake_force_configure' from command line to 'False'
[0.164s] [34mcolcon.colcon_core.verb[0m [1;30mLevel 5[0m set package 'pico_bxi_server' build argument 'ament_cmake_args' from command line to 'None'
[0.164s] [34mcolcon.colcon_core.verb[0m [1;30mLevel 5[0m set package 'pico_bxi_server' build argument 'catkin_cmake_args' from command line to 'None'
[0.164s] [34mcolcon.colcon_core.verb[0m [1;30mLevel 5[0m set package 'pico_bxi_server' build argument 'catkin_skip_building_tests' from command line to 'False'
[0.164s] [34mcolcon.colcon_core.verb[0m [1;30mDEBUG[0m [32mBuilding package 'pico_bxi_server' with the following arguments: {'ament_cmake_args': None, 'build_base': '/home/kkkk/bxi_arm_v2/build/pico_bxi_server', 'catkin_cmake_args': None, 'catkin_skip_building_tests': False, 'cmake_args': ['-DCMAKE_BUILD_TYPE=Release', '-DCMAKE_EXPORT_COMPILE_COMMANDS=ON'], 'cmake_clean_cache': False, 'cmake_clean_first': False, 'cmake_force_configure': False, 'cmake_target': None, 'cmake_target_skip_unavailable': False, 'install_base': '/home/kkkk/bxi_arm_v2/install/pico_bxi_server', 'merge_install': False, 'path': '/home/kkkk/bxi_arm_v2/src/pico_bxi_server', 'symlink_install': False, 'test_result_base': None}[0m
[0.164s] [34mcolcon.colcon_core.verb[0m [1;30mLevel 5[0m set package 'remote_controller' build argument 'cmake_args' from command line to '['-DCMAKE_BUILD_TYPE=Release', '-DCMAKE_EXPORT_COMPILE_COMMANDS=ON']'
[0.164s] [34mcolcon.colcon_core.verb[0m [1;30mLevel 5[0m set package 'remote_controller' build argument 'cmake_target' from command line to 'None'
[0.164s] [34mcolcon.colcon_core.verb[0m [1;30mLevel 5[0m set package 'remote_controller' build argument 'cmake_target_skip_unavailable' from command line to 'False'
[0.164s] [34mcolcon.colcon_core.verb[0m [1;30mLevel 5[0m set package 'remote_controller' build argument 'cmake_clean_cache' from command line to 'False'
[0.164s] [34mcolcon.colcon_core.verb[0m [1;30mLevel 5[0m set package 'remote_controller' build argument 'cmake_clean_first' from command line to 'False'
[0.164s] [34mcolcon.colcon_core.verb[0m [1;30mLevel 5[0m set package 'remote_controller' build argument 'cmake_force_configure' from command line to 'False'
[0.164s] [34mcolcon.colcon_core.verb[0m [1;30mLevel 5[0m set package 'remote_controller' build argument 'ament_cmake_args' from command line to 'None'
[0.164s] [34mcolcon.colcon_core.verb[0m [1;30mLevel 5[0m set package 'remote_controller' build argument 'catkin_cmake_args' from command line to 'None'
[0.164s] [34mcolcon.colcon_core.verb[0m [1;30mLevel 5[0m set package 'remote_controller' build argument 'catkin_skip_building_tests' from command line to 'False'
[0.164s] [34mcolcon.colcon_core.verb[0m [1;30mDEBUG[0m [32mBuilding package 'remote_controller' with the following arguments: {'ament_cmake_args': None, 'build_base': '/home/kkkk/bxi_arm_v2/build/remote_controller', 'catkin_cmake_args': None, 'catkin_skip_building_tests': False, 'cmake_args': ['-DCMAKE_BUILD_TYPE=Release', '-DCMAKE_EXPORT_COMPILE_COMMANDS=ON'], 'cmake_clean_cache': False, 'cmake_clean_first': False, 'cmake_force_configure': False, 'cmake_target': None, 'cmake_target_skip_unavailable': False, 'install_base': '/home/kkkk/bxi_arm_v2/install/remote_controller', 'merge_install': False, 'path': '/home/kkkk/bxi_arm_v2/src/bxi_rl_controller_ros2_example/src/remote_controller', 'symlink_install': False, 'test_result_base': None}[0m
[0.165s] [34mcolcon.colcon_core.verb[0m [1;30mLevel 5[0m set package 'aero_hand_open' build argument 'cmake_args' from command line to '['-DCMAKE_BUILD_TYPE=Release', '-DCMAKE_EXPORT_COMPILE_COMMANDS=ON']'
[0.165s] [34mcolcon.colcon_core.verb[0m [1;30mLevel 5[0m set package 'aero_hand_open' build argument 'cmake_target' from command line to 'None'
[0.165s] [34mcolcon.colcon_core.verb[0m [1;30mLevel 5[0m set package 'aero_hand_open' build argument 'cmake_target_skip_unavailable' from command line to 'False'
[0.165s] [34mcolcon.colcon_core.verb[0m [1;30mLevel 5[0m set package 'aero_hand_open' build argument 'cmake_clean_cache' from command line to 'False'
[0.165s] [34mcolcon.colcon_core.verb[0m [1;30mLevel 5[0m set package 'aero_hand_open' build argument 'cmake_clean_first' from command line to 'False'
[0.165s] [34mcolcon.colcon_core.verb[0m [1;30mLevel 5[0m set package 'aero_hand_open' build argument 'cmake_force_configure' from command line to 'False'
[0.165s] [34mcolcon.colcon_core.verb[0m [1;30mLevel 5[0m set package 'aero_hand_open' build argument 'ament_cmake_args' from command line to 'None'
[0.165s] [34mcolcon.colcon_core.verb[0m [1;30mLevel 5[0m set package 'aero_hand_open' build argument 'catkin_cmake_args' from command line to 'None'
[0.165s] [34mcolcon.colcon_core.verb[0m [1;30mLevel 5[0m set package 'aero_hand_open' build argument 'catkin_skip_building_tests' from command line to 'False'
[0.165s] [34mcolcon.colcon_core.verb[0m [1;30mDEBUG[0m [32mBuilding package 'aero_hand_open' with the following arguments: {'ament_cmake_args': None, 'build_base': '/home/kkkk/bxi_arm_v2/build/aero_hand_open', 'catkin_cmake_args': None, 'catkin_skip_building_tests': False, 'cmake_args': ['-DCMAKE_BUILD_TYPE=Release', '-DCMAKE_EXPORT_COMPILE_COMMANDS=ON'], 'cmake_clean_cache': False, 'cmake_clean_first': False, 'cmake_force_configure': False, 'cmake_target': None, 'cmake_target_skip_unavailable': False, 'install_base': '/home/kkkk/bxi_arm_v2/install/aero_hand_open', 'merge_install': False, 'path': '/home/kkkk/bxi_arm_v2/src/aero-hand-open/src/aero_hand_open', 'symlink_install': False, 'test_result_base': None}[0m
[0.165s] [34mcolcon.colcon_core.verb[0m [1;30mLevel 5[0m set package 'aero_hand_open_rl' build argument 'cmake_args' from command line to '['-DCMAKE_BUILD_TYPE=Release', '-DCMAKE_EXPORT_COMPILE_COMMANDS=ON']'
[0.165s] [34mcolcon.colcon_core.verb[0m [1;30mLevel 5[0m set package 'aero_hand_open_rl' build argument 'cmake_target' from command line to 'None'
[0.165s] [34mcolcon.colcon_core.verb[0m [1;30mLevel 5[0m set package 'aero_hand_open_rl' build argument 'cmake_target_skip_unavailable' from command line to 'False'
[0.165s] [34mcolcon.colcon_core.verb[0m [1;30mLevel 5[0m set package 'aero_hand_open_rl' build argument 'cmake_clean_cache' from command line to 'False'
[0.165s] [34mcolcon.colcon_core.verb[0m [1;30mLevel 5[0m set package 'aero_hand_open_rl' build argument 'cmake_clean_first' from command line to 'False'
[0.165s] [34mcolcon.colcon_core.verb[0m [1;30mLevel 5[0m set package 'aero_hand_open_rl' build argument 'cmake_force_configure' from command line to 'False'
[0.165s] [34mcolcon.colcon_core.verb[0m [1;30mLevel 5[0m set package 'aero_hand_open_rl' build argument 'ament_cmake_args' from command line to 'None'
[0.165s] [34mcolcon.colcon_core.verb[0m [1;30mLevel 5[0m set package 'aero_hand_open_rl' build argument 'catkin_cmake_args' from command line to 'None'
[0.165s] [34mcolcon.colcon_core.verb[0m [1;30mLevel 5[0m set package 'aero_hand_open_rl' build argument 'catkin_skip_building_tests' from command line to 'False'
[0.165s] [34mcolcon.colcon_core.verb[0m [1;30mDEBUG[0m [32mBuilding package 'aero_hand_open_rl' with the following arguments: {'ament_cmake_args': None, 'build_base': '/home/kkkk/bxi_arm_v2/build/aero_hand_open_rl', 'catkin_cmake_args': None, 'catkin_skip_building_tests': False, 'cmake_args': ['-DCMAKE_BUILD_TYPE=Release', '-DCMAKE_EXPORT_COMPILE_COMMANDS=ON'], 'cmake_clean_cache': False, 'cmake_clean_first': False, 'cmake_force_configure': False, 'cmake_target': None, 'cmake_target_skip_unavailable': False, 'install_base': '/home/kkkk/bxi_arm_v2/install/aero_hand_open_rl', 'merge_install': False, 'path': '/home/kkkk/bxi_arm_v2/src/aero-hand-open/src/aero_hand_open_rl', 'symlink_install': False, 'test_result_base': None}[0m
[0.165s] [34mcolcon.colcon_core.verb[0m [1;30mLevel 5[0m set package 'aero_hand_open_teleop' build argument 'cmake_args' from command line to '['-DCMAKE_BUILD_TYPE=Release', '-DCMAKE_EXPORT_COMPILE_COMMANDS=ON']'
[0.165s] [34mcolcon.colcon_core.verb[0m [1;30mLevel 5[0m set package 'aero_hand_open_teleop' build argument 'cmake_target' from command line to 'None'
[0.165s] [34mcolcon.colcon_core.verb[0m [1;30mLevel 5[0m set package 'aero_hand_open_teleop' build argument 'cmake_target_skip_unavailable' from command line to 'False'
[0.165s] [34mcolcon.colcon_core.verb[0m [1;30mLevel 5[0m set package 'aero_hand_open_teleop' build argument 'cmake_clean_cache' from command line to 'False'
[0.165s] [34mcolcon.colcon_core.verb[0m [1;30mLevel 5[0m set package 'aero_hand_open_teleop' build argument 'cmake_clean_first' from command line to 'False'
[0.165s] [34mcolcon.colcon_core.verb[0m [1;30mLevel 5[0m set package 'aero_hand_open_teleop' build argument 'cmake_force_configure' from command line to 'False'
[0.165s] [34mcolcon.colcon_core.verb[0m [1;30mLevel 5[0m set package 'aero_hand_open_teleop' build argument 'ament_cmake_args' from command line to 'None'
[0.165s] [34mcolcon.colcon_core.verb[0m [1;30mLevel 5[0m set package 'aero_hand_open_teleop' build argument 'catkin_cmake_args' from command line to 'None'
[0.165s] [34mcolcon.colcon_core.verb[0m [1;30mLevel 5[0m set package 'aero_hand_open_teleop' build argument 'catkin_skip_building_tests' from command line to 'False'
[0.165s] [34mcolcon.colcon_core.verb[0m [1;30mDEBUG[0m [32mBuilding package 'aero_hand_open_teleop' with the following arguments: {'ament_cmake_args': None, 'build_base': '/home/kkkk/bxi_arm_v2/build/aero_hand_open_teleop', 'catkin_cmake_args': None, 'catkin_skip_building_tests': False, 'cmake_args': ['-DCMAKE_BUILD_TYPE=Release', '-DCMAKE_EXPORT_COMPILE_COMMANDS=ON'], 'cmake_clean_cache': False, 'cmake_clean_first': False, 'cmake_force_configure': False, 'cmake_target': None, 'cmake_target_skip_unavailable': False, 'install_base': '/home/kkkk/bxi_arm_v2/install/aero_hand_open_teleop', 'merge_install': False, 'path': '/home/kkkk/bxi_arm_v2/src/aero-hand-open/src/aero_hand_open_teleop', 'symlink_install': False, 'test_result_base': None}[0m
[0.165s] [34mcolcon.colcon_core.executor[0m [1;30mINFO[0m Executing jobs using 'parallel' executor
[0.166s] [34mcolcon.colcon_parallel_executor.executor.parallel[0m [1;30mDEBUG[0m [32mrun_until_complete[0m
[0.166s] [34mcolcon.colcon_ros.task.ament_cmake.build[0m [1;30mINFO[0m Building ROS package in '/home/kkkk/bxi_arm_v2/src/aero-hand-open/src/aero_hand_open_msgs' with build type 'ament_cmake'
[0.167s] [34mcolcon.colcon_cmake.task.cmake.build[0m [1;30mINFO[0m Building CMake package in '/home/kkkk/bxi_arm_v2/src/aero-hand-open/src/aero_hand_open_msgs'
[0.168s] [34mcolcon.colcon_core.plugin_system[0m [1;30mINFO[0m Skipping extension 'colcon_core.shell.bat': Not used on non-Windows systems
[0.168s] [34mcolcon.colcon_core.shell[0m [1;30mINFO[0m Skip shell extension 'powershell' for command environment: Not usable outside of PowerShell
[0.168s] [34mcolcon.colcon_core.shell[0m [1;30mDEBUG[0m [32mSkip shell extension 'dsv' for command environment[0m
[0.173s] [34mcolcon.colcon_ros.task.ament_python.build[0m [1;30mINFO[0m Building ROS package in '/home/kkkk/bxi_arm_v2/src/aero-hand-open/src/aero_hand_open_description' with build type 'ament_python'
[0.173s] [34mcolcon.colcon_core.shell[0m [1;30mLevel 1[0m create_environment_hook('aero_hand_open_description', 'ament_prefix_path')
[0.173s] [34mcolcon.colcon_core.shell[0m [1;30mINFO[0m Creating environment hook '/home/kkkk/bxi_arm_v2/install/aero_hand_open_description/share/aero_hand_open_description/hook/ament_prefix_path.ps1'
[0.173s] [34mcolcon.colcon_core.shell[0m [1;30mINFO[0m Creating environment descriptor '/home/kkkk/bxi_arm_v2/install/aero_hand_open_description/share/aero_hand_open_description/hook/ament_prefix_path.dsv'
[0.174s] [34mcolcon.colcon_core.shell[0m [1;30mINFO[0m Creating environment hook '/home/kkkk/bxi_arm_v2/install/aero_hand_open_description/share/aero_hand_open_description/hook/ament_prefix_path.sh'
[0.174s] [34mcolcon.colcon_core.shell[0m [1;30mINFO[0m Skip shell extension 'powershell' for command environment: Not usable outside of PowerShell
[0.174s] [34mcolcon.colcon_core.shell[0m [1;30mDEBUG[0m [32mSkip shell extension 'dsv' for command environment[0m
[0.179s] [34mcolcon.colcon_ros.task.ament_cmake.build[0m [1;30mINFO[0m Building ROS package in '/home/kkkk/bxi_arm_v2/src/bxi_rl_controller_ros2_example/src/bxi_example' with build type 'ament_cmake'
[0.179s] [34mcolcon.colcon_cmake.task.cmake.build[0m [1;30mINFO[0m Building CMake package in '/home/kkkk/bxi_arm_v2/src/bxi_rl_controller_ros2_example/src/bxi_example'
[0.179s] [34mcolcon.colcon_core.shell[0m [1;30mINFO[0m Skip shell extension 'powershell' for command environment: Not usable outside of PowerShell
[0.179s] [34mcolcon.colcon_core.shell[0m [1;30mDEBUG[0m [32mSkip shell extension 'dsv' for command environment[0m
[0.183s] [34mcolcon.colcon_ros.task.ament_cmake.build[0m [1;30mINFO[0m Building ROS package in '/home/kkkk/bxi_arm_v2/src/bxi_rl_controller_ros2_example/src/bxi_example_arm' with build type 'ament_cmake'
[0.183s] [34mcolcon.colcon_cmake.task.cmake.build[0m [1;30mINFO[0m Building CMake package in '/home/kkkk/bxi_arm_v2/src/bxi_rl_controller_ros2_example/src/bxi_example_arm'
[0.183s] [34mcolcon.colcon_core.shell[0m [1;30mINFO[0m Skip shell extension 'powershell' for command environment: Not usable outside of PowerShell
[0.183s] [34mcolcon.colcon_core.shell[0m [1;30mDEBUG[0m [32mSkip shell extension 'dsv' for command environment[0m
[0.188s] [34mcolcon.colcon_ros.task.ament_python.build[0m [1;30mINFO[0m Building ROS package in '/home/kkkk/bxi_arm_v2/src/bxi_rl_controller_ros2_example/src/bxi_example_py' with build type 'ament_python'
[0.188s] [34mcolcon.colcon_core.shell[0m [1;30mLevel 1[0m create_environment_hook('bxi_example_py', 'ament_prefix_path')
[0.188s] [34mcolcon.colcon_core.shell[0m [1;30mINFO[0m Creating environment hook '/home/kkkk/bxi_arm_v2/install/bxi_example_py/share/bxi_example_py/hook/ament_prefix_path.ps1'
[0.188s] [34mcolcon.colcon_core.shell[0m [1;30mINFO[0m Creating environment descriptor '/home/kkkk/bxi_arm_v2/install/bxi_example_py/share/bxi_example_py/hook/ament_prefix_path.dsv'
[0.189s] [34mcolcon.colcon_core.shell[0m [1;30mINFO[0m Creating environment hook '/home/kkkk/bxi_arm_v2/install/bxi_example_py/share/bxi_example_py/hook/ament_prefix_path.sh'
[0.189s] [34mcolcon.colcon_core.shell[0m [1;30mINFO[0m Skip shell extension 'powershell' for command environment: Not usable outside of PowerShell
[0.189s] [34mcolcon.colcon_core.shell[0m [1;30mDEBUG[0m [32mSkip shell extension 'dsv' for command environment[0m
[0.193s] [34mcolcon.colcon_ros.task.ament_python.build[0m [1;30mINFO[0m Building ROS package in '/home/kkkk/bxi_arm_v2/src/bxi_rl_controller_ros2_example/src/bxi_example_py_ankle' with build type 'ament_python'
[0.194s] [34mcolcon.colcon_core.shell[0m [1;30mLevel 1[0m create_environment_hook('bxi_example_py_ankle', 'ament_prefix_path')
[0.194s] [34mcolcon.colcon_core.shell[0m [1;30mINFO[0m Creating environment hook '/home/kkkk/bxi_arm_v2/install/bxi_example_py_ankle/share/bxi_example_py_ankle/hook/ament_prefix_path.ps1'
[0.194s] [34mcolcon.colcon_core.shell[0m [1;30mINFO[0m Creating environment descriptor '/home/kkkk/bxi_arm_v2/install/bxi_example_py_ankle/share/bxi_example_py_ankle/hook/ament_prefix_path.dsv'
[0.194s] [34mcolcon.colcon_core.shell[0m [1;30mINFO[0m Creating environment hook '/home/kkkk/bxi_arm_v2/install/bxi_example_py_ankle/share/bxi_example_py_ankle/hook/ament_prefix_path.sh'
[0.194s] [34mcolcon.colcon_core.shell[0m [1;30mINFO[0m Skip shell extension 'powershell' for command environment: Not usable outside of PowerShell
[0.195s] [34mcolcon.colcon_core.shell[0m [1;30mDEBUG[0m [32mSkip shell extension 'dsv' for command environment[0m
[0.199s] [34mcolcon.colcon_ros.task.ament_python.build[0m [1;30mINFO[0m Building ROS package in '/home/kkkk/bxi_arm_v2/src/bxi_rl_controller_ros2_example/src/bxi_example_py_arm' with build type 'ament_python'
[0.199s] [34mcolcon.colcon_core.shell[0m [1;30mLevel 1[0m create_environment_hook('bxi_example_py_arm', 'ament_prefix_path')
[0.199s] [34mcolcon.colcon_core.shell[0m [1;30mINFO[0m Creating environment hook '/home/kkkk/bxi_arm_v2/install/bxi_example_py_arm/share/bxi_example_py_arm/hook/ament_prefix_path.ps1'
[0.199s] [34mcolcon.colcon_core.shell[0m [1;30mINFO[0m Creating environment descriptor '/home/kkkk/bxi_arm_v2/install/bxi_example_py_arm/share/bxi_example_py_arm/hook/ament_prefix_path.dsv'
[0.200s] [34mcolcon.colcon_core.shell[0m [1;30mINFO[0m Creating environment hook '/home/kkkk/bxi_arm_v2/install/bxi_example_py_arm/share/bxi_example_py_arm/hook/ament_prefix_path.sh'
[0.200s] [34mcolcon.colcon_core.shell[0m [1;30mINFO[0m Skip shell extension 'powershell' for command environment: Not usable outside of PowerShell
[0.200s] [34mcolcon.colcon_core.shell[0m [1;30mDEBUG[0m [32mSkip shell extension 'dsv' for command environment[0m
[0.204s] [34mcolcon.colcon_ros.task.ament_python.build[0m [1;30mINFO[0m Building ROS package in '/home/kkkk/bxi_arm_v2/src/bxi_rl_controller_ros2_example/src/bxi_example_py_armrc' with build type 'ament_python'
[0.205s] [34mcolcon.colcon_core.shell[0m [1;30mLevel 1[0m create_environment_hook('bxi_example_py_armrc', 'ament_prefix_path')
[0.205s] [34mcolcon.colcon_core.shell[0m [1;30mINFO[0m Creating environment hook '/home/kkkk/bxi_arm_v2/install/bxi_example_py_armrc/share/bxi_example_py_armrc/hook/ament_prefix_path.ps1'
[0.205s] [34mcolcon.colcon_core.shell[0m [1;30mINFO[0m Creating environment descriptor '/home/kkkk/bxi_arm_v2/install/bxi_example_py_armrc/share/bxi_example_py_armrc/hook/ament_prefix_path.dsv'
[0.205s] [34mcolcon.colcon_core.shell[0m [1;30mINFO[0m Creating environment hook '/home/kkkk/bxi_arm_v2/install/bxi_example_py_armrc/share/bxi_example_py_armrc/hook/ament_prefix_path.sh'
[0.205s] [34mcolcon.colcon_core.shell[0m [1;30mINFO[0m Skip shell extension 'powershell' for command environment: Not usable outside of PowerShell
[0.205s] [34mcolcon.colcon_core.shell[0m [1;30mDEBUG[0m [32mSkip shell extension 'dsv' for command environment[0m
[0.210s] [34mcolcon.colcon_ros.task.ament_python.build[0m [1;30mINFO[0m Building ROS package in '/home/kkkk/bxi_arm_v2/src/bxi_rl_controller_ros2_example/src/bxi_example_py_elf3' with build type 'ament_python'
[0.210s] [34mcolcon.colcon_core.shell[0m [1;30mLevel 1[0m create_environment_hook('bxi_example_py_elf3', 'ament_prefix_path')
[0.210s] [34mcolcon.colcon_core.shell[0m [1;30mINFO[0m Creating environment hook '/home/kkkk/bxi_arm_v2/install/bxi_example_py_elf3/share/bxi_example_py_elf3/hook/ament_prefix_path.ps1'
[0.211s] [34mcolcon.colcon_core.shell[0m [1;30mINFO[0m Creating environment descriptor '/home/kkkk/bxi_arm_v2/install/bxi_example_py_elf3/share/bxi_example_py_elf3/hook/ament_prefix_path.dsv'
[0.211s] [34mcolcon.colcon_core.shell[0m [1;30mINFO[0m Creating environment hook '/home/kkkk/bxi_arm_v2/install/bxi_example_py_elf3/share/bxi_example_py_elf3/hook/ament_prefix_path.sh'
[0.211s] [34mcolcon.colcon_core.shell[0m [1;30mINFO[0m Skip shell extension 'powershell' for command environment: Not usable outside of PowerShell
[0.211s] [34mcolcon.colcon_core.shell[0m [1;30mDEBUG[0m [32mSkip shell extension 'dsv' for command environment[0m
[0.216s] [34mcolcon.colcon_ros.task.ament_python.build[0m [1;30mINFO[0m Building ROS package in '/home/kkkk/bxi_arm_v2/src/bxi_rl_controller_ros2_example/src/bxi_example_py_foot' with build type 'ament_python'
[0.216s] [34mcolcon.colcon_core.shell[0m [1;30mLevel 1[0m create_environment_hook('bxi_example_py_foot', 'ament_prefix_path')
[0.216s] [34mcolcon.colcon_core.shell[0m [1;30mINFO[0m Creating environment hook '/home/kkkk/bxi_arm_v2/install/bxi_example_py_foot/share/bxi_example_py_foot/hook/ament_prefix_path.ps1'
[0.217s] [34mcolcon.colcon_core.shell[0m [1;30mINFO[0m Creating environment descriptor '/home/kkkk/bxi_arm_v2/install/bxi_example_py_foot/share/bxi_example_py_foot/hook/ament_prefix_path.dsv'
[0.217s] [34mcolcon.colcon_core.shell[0m [1;30mINFO[0m Creating environment hook '/home/kkkk/bxi_arm_v2/install/bxi_example_py_foot/share/bxi_example_py_foot/hook/ament_prefix_path.sh'
[0.218s] [34mcolcon.colcon_core.shell[0m [1;30mINFO[0m Skip shell extension 'powershell' for command environment: Not usable outside of PowerShell
[0.218s] [34mcolcon.colcon_core.shell[0m [1;30mDEBUG[0m [32mSkip shell extension 'dsv' for command environment[0m
[0.223s] [34mcolcon.colcon_ros.task.ament_python.build[0m [1;30mINFO[0m Building ROS package in '/home/kkkk/bxi_arm_v2/src/bxi_rl_controller_ros2_example/src/bxi_example_py_trunk' with build type 'ament_python'
[0.223s] [34mcolcon.colcon_core.shell[0m [1;30mLevel 1[0m create_environment_hook('bxi_example_py_trunk', 'ament_prefix_path')
[0.223s] [34mcolcon.colcon_core.shell[0m [1;30mINFO[0m Creating environment hook '/home/kkkk/bxi_arm_v2/install/bxi_example_py_trunk/share/bxi_example_py_trunk/hook/ament_prefix_path.ps1'
[0.223s] [34mcolcon.colcon_core.shell[0m [1;30mINFO[0m Creating environment descriptor '/home/kkkk/bxi_arm_v2/install/bxi_example_py_trunk/share/bxi_example_py_trunk/hook/ament_prefix_path.dsv'
[0.224s] [34mcolcon.colcon_core.shell[0m [1;30mINFO[0m Creating environment hook '/home/kkkk/bxi_arm_v2/install/bxi_example_py_trunk/share/bxi_example_py_trunk/hook/ament_prefix_path.sh'
[0.224s] [34mcolcon.colcon_core.shell[0m [1;30mINFO[0m Skip shell extension 'powershell' for command environment: Not usable outside of PowerShell
[0.224s] [34mcolcon.colcon_core.shell[0m [1;30mDEBUG[0m [32mSkip shell extension 'dsv' for command environment[0m
[0.228s] [34mcolcon.colcon_ros.task.ament_python.build[0m [1;30mINFO[0m Building ROS package in '/home/kkkk/bxi_arm_v2/src/bxi_rl_controller_ros2_example/src/bxi_example_py_trunk_neck' with build type 'ament_python'
[0.228s] [34mcolcon.colcon_core.shell[0m [1;30mLevel 1[0m create_environment_hook('bxi_example_py_trunk_neck', 'ament_prefix_path')
[0.229s] [34mcolcon.colcon_core.shell[0m [1;30mINFO[0m Creating environment hook '/home/kkkk/bxi_arm_v2/install/bxi_example_py_trunk_neck/share/bxi_example_py_trunk_neck/hook/ament_prefix_path.ps1'
[0.229s] [34mcolcon.colcon_core.shell[0m [1;30mINFO[0m Creating environment descriptor '/home/kkkk/bxi_arm_v2/install/bxi_example_py_trunk_neck/share/bxi_example_py_trunk_neck/hook/ament_prefix_path.dsv'
[0.229s] [34mcolcon.colcon_core.shell[0m [1;30mINFO[0m Creating environment hook '/home/kkkk/bxi_arm_v2/install/bxi_example_py_trunk_neck/share/bxi_example_py_trunk_neck/hook/ament_prefix_path.sh'
[0.229s] [34mcolcon.colcon_core.shell[0m [1;30mINFO[0m Skip shell extension 'powershell' for command environment: Not usable outside of PowerShell
[0.229s] [34mcolcon.colcon_core.shell[0m [1;30mDEBUG[0m [32mSkip shell extension 'dsv' for command environment[0m
[0.234s] [34mcolcon.colcon_ros.task.ament_python.build[0m [1;30mINFO[0m Building ROS package in '/home/kkkk/bxi_arm_v2/src/elf3_arm_bringup' with build type 'ament_python'
[0.234s] [34mcolcon.colcon_core.shell[0m [1;30mLevel 1[0m create_environment_hook('elf3_arm_bringup', 'ament_prefix_path')
[0.234s] [34mcolcon.colcon_core.shell[0m [1;30mINFO[0m Creating environment hook '/home/kkkk/bxi_arm_v2/install/elf3_arm_bringup/share/elf3_arm_bringup/hook/ament_prefix_path.ps1'
[0.234s] [34mcolcon.colcon_core.shell[0m [1;30mINFO[0m Creating environment descriptor '/home/kkkk/bxi_arm_v2/install/elf3_arm_bringup/share/elf3_arm_bringup/hook/ament_prefix_path.dsv'
[0.234s] [34mcolcon.colcon_core.shell[0m [1;30mINFO[0m Creating environment hook '/home/kkkk/bxi_arm_v2/install/elf3_arm_bringup/share/elf3_arm_bringup/hook/ament_prefix_path.sh'
[0.235s] [34mcolcon.colcon_core.shell[0m [1;30mINFO[0m Skip shell extension 'powershell' for command environment: Not usable outside of PowerShell
[0.235s] [34mcolcon.colcon_core.shell[0m [1;30mDEBUG[0m [32mSkip shell extension 'dsv' for command environment[0m
[0.239s] [34mcolcon.colcon_ros.task.ament_python.build[0m [1;30mINFO[0m Building ROS package in '/home/kkkk/bxi_arm_v2/src/elf3_arm_ikpy_control_pico' with build type 'ament_python'
[0.239s] [34mcolcon.colcon_core.shell[0m [1;30mLevel 1[0m create_environment_hook('elf3_arm_ikpy_control_pico', 'ament_prefix_path')
[0.239s] [34mcolcon.colcon_core.shell[0m [1;30mINFO[0m Creating environment hook '/home/kkkk/bxi_arm_v2/install/elf3_arm_ikpy_control_pico/share/elf3_arm_ikpy_control_pico/hook/ament_prefix_path.ps1'
[0.240s] [34mcolcon.colcon_core.shell[0m [1;30mINFO[0m Creating environment descriptor '/home/kkkk/bxi_arm_v2/install/elf3_arm_ikpy_control_pico/share/elf3_arm_ikpy_control_pico/hook/ament_prefix_path.dsv'
[0.240s] [34mcolcon.colcon_core.shell[0m [1;30mINFO[0m Creating environment hook '/home/kkkk/bxi_arm_v2/install/elf3_arm_ikpy_control_pico/share/elf3_arm_ikpy_control_pico/hook/ament_prefix_path.sh'
[0.240s] [34mcolcon.colcon_core.shell[0m [1;30mINFO[0m Skip shell extension 'powershell' for command environment: Not usable outside of PowerShell
[0.240s] [34mcolcon.colcon_core.shell[0m [1;30mDEBUG[0m [32mSkip shell extension 'dsv' for command environment[0m
[0.245s] [34mcolcon.colcon_ros.task.ament_python.build[0m [1;30mINFO[0m Building ROS package in '/home/kkkk/bxi_arm_v2/src/fake_trigger' with build type 'ament_python'
[0.245s] [34mcolcon.colcon_core.shell[0m [1;30mLevel 1[0m create_environment_hook('fake_trigger', 'ament_prefix_path')
[0.245s] [34mcolcon.colcon_core.shell[0m [1;30mINFO[0m Creating environment hook '/home/kkkk/bxi_arm_v2/install/fake_trigger/share/fake_trigger/hook/ament_prefix_path.ps1'
[0.245s] [34mcolcon.colcon_core.shell[0m [1;30mINFO[0m Creating environment descriptor '/home/kkkk/bxi_arm_v2/install/fake_trigger/share/fake_trigger/hook/ament_prefix_path.dsv'
[0.246s] [34mcolcon.colcon_core.shell[0m [1;30mINFO[0m Creating environment hook '/home/kkkk/bxi_arm_v2/install/fake_trigger/share/fake_trigger/hook/ament_prefix_path.sh'
[0.246s] [34mcolcon.colcon_core.shell[0m [1;30mINFO[0m Skip shell extension 'powershell' for command environment: Not usable outside of PowerShell
[0.246s] [34mcolcon.colcon_core.shell[0m [1;30mDEBUG[0m [32mSkip shell extension 'dsv' for command environment[0m
[0.250s] [34mcolcon.colcon_ros.task.ament_python.build[0m [1;30mINFO[0m Building ROS package in '/home/kkkk/bxi_arm_v2/src/hand_control' with build type 'ament_python'
[0.251s] [34mcolcon.colcon_core.shell[0m [1;30mLevel 1[0m create_environment_hook('hand_control', 'ament_prefix_path')
[0.251s] [34mcolcon.colcon_core.shell[0m [1;30mINFO[0m Creating environment hook '/home/kkkk/bxi_arm_v2/install/hand_control/share/hand_control/hook/ament_prefix_path.ps1'
[0.251s] [34mcolcon.colcon_core.shell[0m [1;30mINFO[0m Creating environment descriptor '/home/kkkk/bxi_arm_v2/install/hand_control/share/hand_control/hook/ament_prefix_path.dsv'
[0.251s] [34mcolcon.colcon_core.shell[0m [1;30mINFO[0m Creating environment hook '/home/kkkk/bxi_arm_v2/install/hand_control/share/hand_control/hook/ament_prefix_path.sh'
[0.251s] [34mcolcon.colcon_core.shell[0m [1;30mINFO[0m Skip shell extension 'powershell' for command environment: Not usable outside of PowerShell
[0.251s] [34mcolcon.colcon_core.shell[0m [1;30mDEBUG[0m [32mSkip shell extension 'dsv' for command environment[0m
[0.261s] [34mcolcon.colcon_core.event_handler.log_command[0m [1;30mDEBUG[0m [32mInvoking command in '/home/kkkk/bxi_arm_v2/build/aero_hand_open_msgs': CMAKE_PREFIX_PATH=${CMAKE_PREFIX_PATH}:/home/kkkk/bxi_arm_v2/install/hand_control:/home/kkkk/bxi_arm_v2/install/fake_trigger:/home/kkkk/bxi_arm_v2/install/elf3_arm_ikpy_control_pico:/home/kkkk/bxi_arm_v2/install/elf3_arm_bringup:/home/kkkk/bxi_arm_v2/install/bxi_example_py_trunk_neck:/home/kkkk/bxi_arm_v2/install/bxi_example_py_trunk:/home/kkkk/bxi_arm_v2/install/bxi_example_py_foot:/home/kkkk/bxi_arm_v2/install/bxi_example_py_elf3:/home/kkkk/bxi_arm_v2/install/bxi_example_py_armrc:/home/kkkk/bxi_arm_v2/install/bxi_example_py_arm:/home/kkkk/bxi_arm_v2/install/bxi_example_py_ankle:/home/kkkk/bxi_arm_v2/install/bxi_example_py:/home/kkkk/bxi_arm_v2/install/aero_hand_open_teleop:/home/kkkk/bxi_arm_v2/install/aero_hand_open_rl:/home/kkkk/bxi_arm_v2/install/aero_hand_open:/home/kkkk/bxi_arm_v2/install/aero_hand_open_description:/home/kkkk/moveit2/install/moveit_configs_utils:/home/kkkk/moveit2/install/launch_param_builder:/opt/ros/humble CONDA_PROMPT_MODIFIER=(ikpy) /usr/bin/cmake --build /home/kkkk/bxi_arm_v2/build/aero_hand_open_msgs -- -j16 -l16[0m
[0.392s] [34mcolcon.colcon_core.task.python.build[0m [1;30mINFO[0m Building Python package in '/home/kkkk/bxi_arm_v2/src/aero-hand-open/src/aero_hand_open_description'
[0.392s] [34mcolcon.colcon_core.shell[0m [1;30mINFO[0m Skip shell extension 'powershell' for command environment: Not usable outside of PowerShell
[0.392s] [34mcolcon.colcon_core.shell[0m [1;30mDEBUG[0m [32mSkip shell extension 'dsv' for command environment[0m
[0.399s] [34mcolcon.colcon_core.event_handler.log_command[0m [1;30mDEBUG[0m [32mInvoking command in '/home/kkkk/bxi_arm_v2/build/bxi_example': CMAKE_PREFIX_PATH=${CMAKE_PREFIX_PATH}:/home/kkkk/bxi_arm_v2/install/hand_control:/home/kkkk/bxi_arm_v2/install/fake_trigger:/home/kkkk/bxi_arm_v2/install/elf3_arm_ikpy_control_pico:/home/kkkk/bxi_arm_v2/install/elf3_arm_bringup:/home/kkkk/bxi_arm_v2/install/bxi_example_py_trunk_neck:/home/kkkk/bxi_arm_v2/install/bxi_example_py_trunk:/home/kkkk/bxi_arm_v2/install/bxi_example_py_foot:/home/kkkk/bxi_arm_v2/install/bxi_example_py_elf3:/home/kkkk/bxi_arm_v2/install/bxi_example_py_armrc:/home/kkkk/bxi_arm_v2/install/bxi_example_py_arm:/home/kkkk/bxi_arm_v2/install/bxi_example_py_ankle:/home/kkkk/bxi_arm_v2/install/bxi_example_py:/home/kkkk/bxi_arm_v2/install/aero_hand_open_teleop:/home/kkkk/bxi_arm_v2/install/aero_hand_open_rl:/home/kkkk/bxi_arm_v2/install/aero_hand_open:/home/kkkk/bxi_arm_v2/install/aero_hand_open_description:/home/kkkk/moveit2/install/moveit_configs_utils:/home/kkkk/moveit2/install/launch_param_builder:/opt/ros/humble CONDA_PROMPT_MODIFIER=(ikpy) /usr/bin/cmake --build /home/kkkk/bxi_arm_v2/build/bxi_example -- -j16 -l16[0m
[0.401s] [34mcolcon.colcon_core.event_handler.log_command[0m [1;30mDEBUG[0m [32mInvoking command in '/home/kkkk/bxi_arm_v2/build/bxi_example_arm': CMAKE_PREFIX_PATH=${CMAKE_PREFIX_PATH}:/home/kkkk/bxi_arm_v2/install/hand_control:/home/kkkk/bxi_arm_v2/install/fake_trigger:/home/kkkk/bxi_arm_v2/install/elf3_arm_ikpy_control_pico:/home/kkkk/bxi_arm_v2/install/elf3_arm_bringup:/home/kkkk/bxi_arm_v2/install/bxi_example_py_trunk_neck:/home/kkkk/bxi_arm_v2/install/bxi_example_py_trunk:/home/kkkk/bxi_arm_v2/install/bxi_example_py_foot:/home/kkkk/bxi_arm_v2/install/bxi_example_py_elf3:/home/kkkk/bxi_arm_v2/install/bxi_example_py_armrc:/home/kkkk/bxi_arm_v2/install/bxi_example_py_arm:/home/kkkk/bxi_arm_v2/install/bxi_example_py_ankle:/home/kkkk/bxi_arm_v2/install/bxi_example_py:/home/kkkk/bxi_arm_v2/install/aero_hand_open_teleop:/home/kkkk/bxi_arm_v2/install/aero_hand_open_rl:/home/kkkk/bxi_arm_v2/install/aero_hand_open:/home/kkkk/bxi_arm_v2/install/aero_hand_open_description:/home/kkkk/moveit2/install/moveit_configs_utils:/home/kkkk/moveit2/install/launch_param_builder:/opt/ros/humble CONDA_PROMPT_MODIFIER=(ikpy) /usr/bin/cmake --build /home/kkkk/bxi_arm_v2/build/bxi_example_arm -- -j16 -l16[0m
[0.541s] [34mcolcon.colcon_core.task.python.build[0m [1;30mINFO[0m Building Python package in '/home/kkkk/bxi_arm_v2/src/bxi_rl_controller_ros2_example/src/bxi_example_py'
[0.541s] [34mcolcon.colcon_core.shell[0m [1;30mINFO[0m Skip shell extension 'powershell' for command environment: Not usable outside of PowerShell
[0.541s] [34mcolcon.colcon_core.shell[0m [1;30mDEBUG[0m [32mSkip shell extension 'dsv' for command environment[0m
[0.672s] [34mcolcon.colcon_core.task.python.build[0m [1;30mINFO[0m Building Python package in '/home/kkkk/bxi_arm_v2/src/bxi_rl_controller_ros2_example/src/bxi_example_py_ankle'
[0.672s] [34mcolcon.colcon_core.shell[0m [1;30mINFO[0m Skip shell extension 'powershell' for command environment: Not usable outside of PowerShell
[0.672s] [34mcolcon.colcon_core.shell[0m [1;30mDEBUG[0m [32mSkip shell extension 'dsv' for command environment[0m
[0.806s] [34mcolcon.colcon_core.task.python.build[0m [1;30mINFO[0m Building Python package in '/home/kkkk/bxi_arm_v2/src/bxi_rl_controller_ros2_example/src/bxi_example_py_arm'
[0.807s] [34mcolcon.colcon_core.shell[0m [1;30mINFO[0m Skip shell extension 'powershell' for command environment: Not usable outside of PowerShell
[0.807s] [34mcolcon.colcon_core.shell[0m [1;30mDEBUG[0m [32mSkip shell extension 'dsv' for command environment[0m
[0.935s] [34mcolcon.colcon_core.task.python.build[0m [1;30mINFO[0m Building Python package in '/home/kkkk/bxi_arm_v2/src/bxi_rl_controller_ros2_example/src/bxi_example_py_armrc'
[0.936s] [34mcolcon.colcon_core.shell[0m [1;30mINFO[0m Skip shell extension 'powershell' for command environment: Not usable outside of PowerShell
[0.936s] [34mcolcon.colcon_core.shell[0m [1;30mDEBUG[0m [32mSkip shell extension 'dsv' for command environment[0m
[1.069s] [34mcolcon.colcon_core.task.python.build[0m [1;30mINFO[0m Building Python package in '/home/kkkk/bxi_arm_v2/src/bxi_rl_controller_ros2_example/src/bxi_example_py_elf3'
[1.069s] [34mcolcon.colcon_core.shell[0m [1;30mINFO[0m Skip shell extension 'powershell' for command environment: Not usable outside of PowerShell
[1.069s] [34mcolcon.colcon_core.shell[0m [1;30mDEBUG[0m [32mSkip shell extension 'dsv' for command environment[0m
[1.196s] [34mcolcon.colcon_core.task.python.build[0m [1;30mINFO[0m Building Python package in '/home/kkkk/bxi_arm_v2/src/bxi_rl_controller_ros2_example/src/bxi_example_py_foot'
[1.196s] [34mcolcon.colcon_core.shell[0m [1;30mINFO[0m Skip shell extension 'powershell' for command environment: Not usable outside of PowerShell
[1.196s] [34mcolcon.colcon_core.shell[0m [1;30mDEBUG[0m [32mSkip shell extension 'dsv' for command environment[0m
[1.325s] [34mcolcon.colcon_core.task.python.build[0m [1;30mINFO[0m Building Python package in '/home/kkkk/bxi_arm_v2/src/bxi_rl_controller_ros2_example/src/bxi_example_py_trunk'
[1.325s] [34mcolcon.colcon_core.shell[0m [1;30mINFO[0m Skip shell extension 'powershell' for command environment: Not usable outside of PowerShell
[1.325s] [34mcolcon.colcon_core.shell[0m [1;30mDEBUG[0m [32mSkip shell extension 'dsv' for command environment[0m
[1.451s] [34mcolcon.colcon_core.task.python.build[0m [1;30mINFO[0m Building Python package in '/home/kkkk/bxi_arm_v2/src/bxi_rl_controller_ros2_example/src/bxi_example_py_trunk_neck'
[1.451s] [34mcolcon.colcon_core.shell[0m [1;30mINFO[0m Skip shell extension 'powershell' for command environment: Not usable outside of PowerShell
[1.451s] [34mcolcon.colcon_core.shell[0m [1;30mDEBUG[0m [32mSkip shell extension 'dsv' for command environment[0m
[1.576s] [34mcolcon.colcon_core.task.python.build[0m [1;30mINFO[0m Building Python package in '/home/kkkk/bxi_arm_v2/src/elf3_arm_bringup'
[1.576s] [34mcolcon.colcon_core.shell[0m [1;30mINFO[0m Skip shell extension 'powershell' for command environment: Not usable outside of PowerShell
[1.576s] [34mcolcon.colcon_core.shell[0m [1;30mDEBUG[0m [32mSkip shell extension 'dsv' for command environment[0m
[1.700s] [34mcolcon.colcon_core.task.python.build[0m [1;30mINFO[0m Building Python package in '/home/kkkk/bxi_arm_v2/src/elf3_arm_ikpy_control_pico'
[1.700s] [34mcolcon.colcon_core.shell[0m [1;30mINFO[0m Skip shell extension 'powershell' for command environment: Not usable outside of PowerShell
[1.700s] [34mcolcon.colcon_core.shell[0m [1;30mDEBUG[0m [32mSkip shell extension 'dsv' for command environment[0m
[1.827s] [34mcolcon.colcon_core.task.python.build[0m [1;30mINFO[0m Building Python package in '/home/kkkk/bxi_arm_v2/src/fake_trigger'
[1.827s] [34mcolcon.colcon_core.shell[0m [1;30mINFO[0m Skip shell extension 'powershell' for command environment: Not usable outside of PowerShell
[1.827s] [34mcolcon.colcon_core.shell[0m [1;30mDEBUG[0m [32mSkip shell extension 'dsv' for command environment[0m
[1.836s] [34mcolcon.colcon_core.event_handler.log_command[0m [1;30mDEBUG[0m [32mInvoked command in '/home/kkkk/bxi_arm_v2/build/bxi_example' returned '0': CMAKE_PREFIX_PATH=${CMAKE_PREFIX_PATH}:/home/kkkk/bxi_arm_v2/install/hand_control:/home/kkkk/bxi_arm_v2/install/fake_trigger:/home/kkkk/bxi_arm_v2/install/elf3_arm_ikpy_control_pico:/home/kkkk/bxi_arm_v2/install/elf3_arm_bringup:/home/kkkk/bxi_arm_v2/install/bxi_example_py_trunk_neck:/home/kkkk/bxi_arm_v2/install/bxi_example_py_trunk:/home/kkkk/bxi_arm_v2/install/bxi_example_py_foot:/home/kkkk/bxi_arm_v2/install/bxi_example_py_elf3:/home/kkkk/bxi_arm_v2/install/bxi_example_py_armrc:/home/kkkk/bxi_arm_v2/install/bxi_example_py_arm:/home/kkkk/bxi_arm_v2/install/bxi_example_py_ankle:/home/kkkk/bxi_arm_v2/install/bxi_example_py:/home/kkkk/bxi_arm_v2/install/aero_hand_open_teleop:/home/kkkk/bxi_arm_v2/install/aero_hand_open_rl:/home/kkkk/bxi_arm_v2/install/aero_hand_open:/home/kkkk/bxi_arm_v2/install/aero_hand_open_description:/home/kkkk/moveit2/install/moveit_configs_utils:/home/kkkk/moveit2/install/launch_param_builder:/opt/ros/humble CONDA_PROMPT_MODIFIER=(ikpy) /usr/bin/cmake --build /home/kkkk/bxi_arm_v2/build/bxi_example -- -j16 -l16[0m
[1.846s] [34mcolcon.colcon_core.event_handler.log_command[0m [1;30mDEBUG[0m [32mInvoking command in '/home/kkkk/bxi_arm_v2/build/bxi_example': CMAKE_PREFIX_PATH=${CMAKE_PREFIX_PATH}:/home/kkkk/bxi_arm_v2/install/hand_control:/home/kkkk/bxi_arm_v2/install/fake_trigger:/home/kkkk/bxi_arm_v2/install/elf3_arm_ikpy_control_pico:/home/kkkk/bxi_arm_v2/install/elf3_arm_bringup:/home/kkkk/bxi_arm_v2/install/bxi_example_py_trunk_neck:/home/kkkk/bxi_arm_v2/install/bxi_example_py_trunk:/home/kkkk/bxi_arm_v2/install/bxi_example_py_foot:/home/kkkk/bxi_arm_v2/install/bxi_example_py_elf3:/home/kkkk/bxi_arm_v2/install/bxi_example_py_armrc:/home/kkkk/bxi_arm_v2/install/bxi_example_py_arm:/home/kkkk/bxi_arm_v2/install/bxi_example_py_ankle:/home/kkkk/bxi_arm_v2/install/bxi_example_py:/home/kkkk/bxi_arm_v2/install/aero_hand_open_teleop:/home/kkkk/bxi_arm_v2/install/aero_hand_open_rl:/home/kkkk/bxi_arm_v2/install/aero_hand_open:/home/kkkk/bxi_arm_v2/install/aero_hand_open_description:/home/kkkk/moveit2/install/moveit_configs_utils:/home/kkkk/moveit2/install/launch_param_builder:/opt/ros/humble CONDA_PROMPT_MODIFIER=(ikpy) /usr/bin/cmake --install /home/kkkk/bxi_arm_v2/build/bxi_example[0m
[1.847s] [34mcolcon.colcon_core.event_handler.log_command[0m [1;30mDEBUG[0m [32mInvoked command in '/home/kkkk/bxi_arm_v2/build/bxi_example_arm' returned '0': CMAKE_PREFIX_PATH=${CMAKE_PREFIX_PATH}:/home/kkkk/bxi_arm_v2/install/hand_control:/home/kkkk/bxi_arm_v2/install/fake_trigger:/home/kkkk/bxi_arm_v2/install/elf3_arm_ikpy_control_pico:/home/kkkk/bxi_arm_v2/install/elf3_arm_bringup:/home/kkkk/bxi_arm_v2/install/bxi_example_py_trunk_neck:/home/kkkk/bxi_arm_v2/install/bxi_example_py_trunk:/home/kkkk/bxi_arm_v2/install/bxi_example_py_foot:/home/kkkk/bxi_arm_v2/install/bxi_example_py_elf3:/home/kkkk/bxi_arm_v2/install/bxi_example_py_armrc:/home/kkkk/bxi_arm_v2/install/bxi_example_py_arm:/home/kkkk/bxi_arm_v2/install/bxi_example_py_ankle:/home/kkkk/bxi_arm_v2/install/bxi_example_py:/home/kkkk/bxi_arm_v2/install/aero_hand_open_teleop:/home/kkkk/bxi_arm_v2/install/aero_hand_open_rl:/home/kkkk/bxi_arm_v2/install/aero_hand_open:/home/kkkk/bxi_arm_v2/install/aero_hand_open_description:/home/kkkk/moveit2/install/moveit_configs_utils:/home/kkkk/moveit2/install/launch_param_builder:/opt/ros/humble CONDA_PROMPT_MODIFIER=(ikpy) /usr/bin/cmake --build /home/kkkk/bxi_arm_v2/build/bxi_example_arm -- -j16 -l16[0m
[1.848s] [34mcolcon.colcon_core.event_handler.log_command[0m [1;30mDEBUG[0m [32mInvoking command in '/home/kkkk/bxi_arm_v2/build/bxi_example_arm': CMAKE_PREFIX_PATH=${CMAKE_PREFIX_PATH}:/home/kkkk/bxi_arm_v2/install/hand_control:/home/kkkk/bxi_arm_v2/install/fake_trigger:/home/kkkk/bxi_arm_v2/install/elf3_arm_ikpy_control_pico:/home/kkkk/bxi_arm_v2/install/elf3_arm_bringup:/home/kkkk/bxi_arm_v2/install/bxi_example_py_trunk_neck:/home/kkkk/bxi_arm_v2/install/bxi_example_py_trunk:/home/kkkk/bxi_arm_v2/install/bxi_example_py_foot:/home/kkkk/bxi_arm_v2/install/bxi_example_py_elf3:/home/kkkk/bxi_arm_v2/install/bxi_example_py_armrc:/home/kkkk/bxi_arm_v2/install/bxi_example_py_arm:/home/kkkk/bxi_arm_v2/install/bxi_example_py_ankle:/home/kkkk/bxi_arm_v2/install/bxi_example_py:/home/kkkk/bxi_arm_v2/install/aero_hand_open_teleop:/home/kkkk/bxi_arm_v2/install/aero_hand_open_rl:/home/kkkk/bxi_arm_v2/install/aero_hand_open:/home/kkkk/bxi_arm_v2/install/aero_hand_open_description:/home/kkkk/moveit2/install/moveit_configs_utils:/home/kkkk/moveit2/install/launch_param_builder:/opt/ros/humble CONDA_PROMPT_MODIFIER=(ikpy) /usr/bin/cmake --install /home/kkkk/bxi_arm_v2/build/bxi_example_arm[0m
[1.849s] [34mcolcon.colcon_core.event_handler.log_command[0m [1;30mDEBUG[0m [32mInvoked command in '/home/kkkk/bxi_arm_v2/build/aero_hand_open_msgs' returned '0': CMAKE_PREFIX_PATH=${CMAKE_PREFIX_PATH}:/home/kkkk/bxi_arm_v2/install/hand_control:/home/kkkk/bxi_arm_v2/install/fake_trigger:/home/kkkk/bxi_arm_v2/install/elf3_arm_ikpy_control_pico:/home/kkkk/bxi_arm_v2/install/elf3_arm_bringup:/home/kkkk/bxi_arm_v2/install/bxi_example_py_trunk_neck:/home/kkkk/bxi_arm_v2/install/bxi_example_py_trunk:/home/kkkk/bxi_arm_v2/install/bxi_example_py_foot:/home/kkkk/bxi_arm_v2/install/bxi_example_py_elf3:/home/kkkk/bxi_arm_v2/install/bxi_example_py_armrc:/home/kkkk/bxi_arm_v2/install/bxi_example_py_arm:/home/kkkk/bxi_arm_v2/install/bxi_example_py_ankle:/home/kkkk/bxi_arm_v2/install/bxi_example_py:/home/kkkk/bxi_arm_v2/install/aero_hand_open_teleop:/home/kkkk/bxi_arm_v2/install/aero_hand_open_rl:/home/kkkk/bxi_arm_v2/install/aero_hand_open:/home/kkkk/bxi_arm_v2/install/aero_hand_open_description:/home/kkkk/moveit2/install/moveit_configs_utils:/home/kkkk/moveit2/install/launch_param_builder:/opt/ros/humble CONDA_PROMPT_MODIFIER=(ikpy) /usr/bin/cmake --build /home/kkkk/bxi_arm_v2/build/aero_hand_open_msgs -- -j16 -l16[0m
[1.850s] [34mcolcon.colcon_core.event_handler.log_command[0m [1;30mDEBUG[0m [32mInvoking command in '/home/kkkk/bxi_arm_v2/build/aero_hand_open_msgs': CMAKE_PREFIX_PATH=${CMAKE_PREFIX_PATH}:/home/kkkk/bxi_arm_v2/install/hand_control:/home/kkkk/bxi_arm_v2/install/fake_trigger:/home/kkkk/bxi_arm_v2/install/elf3_arm_ikpy_control_pico:/home/kkkk/bxi_arm_v2/install/elf3_arm_bringup:/home/kkkk/bxi_arm_v2/install/bxi_example_py_trunk_neck:/home/kkkk/bxi_arm_v2/install/bxi_example_py_trunk:/home/kkkk/bxi_arm_v2/install/bxi_example_py_foot:/home/kkkk/bxi_arm_v2/install/bxi_example_py_elf3:/home/kkkk/bxi_arm_v2/install/bxi_example_py_armrc:/home/kkkk/bxi_arm_v2/install/bxi_example_py_arm:/home/kkkk/bxi_arm_v2/install/bxi_example_py_ankle:/home/kkkk/bxi_arm_v2/install/bxi_example_py:/home/kkkk/bxi_arm_v2/install/aero_hand_open_teleop:/home/kkkk/bxi_arm_v2/install/aero_hand_open_rl:/home/kkkk/bxi_arm_v2/install/aero_hand_open:/home/kkkk/bxi_arm_v2/install/aero_hand_open_description:/home/kkkk/moveit2/install/moveit_configs_utils:/home/kkkk/moveit2/install/launch_param_builder:/opt/ros/humble CONDA_PROMPT_MODIFIER=(ikpy) /usr/bin/cmake --install /home/kkkk/bxi_arm_v2/build/aero_hand_open_msgs[0m
[1.973s] [34mcolcon.colcon_core.task.python.build[0m [1;30mINFO[0m Building Python package in '/home/kkkk/bxi_arm_v2/src/hand_control'
[1.973s] [34mcolcon.colcon_core.shell[0m [1;30mINFO[0m Skip shell extension 'powershell' for command environment: Not usable outside of PowerShell
[1.973s] [34mcolcon.colcon_core.shell[0m [1;30mDEBUG[0m [32mSkip shell extension 'dsv' for command environment[0m
[1.999s] [34mcolcon.colcon_core.environment[0m [1;30mLevel 1[0m create_environment_scripts_only(bxi_example_arm)
[2.000s] [34mcolcon.colcon_core.event_handler.log_command[0m [1;30mDEBUG[0m [32mInvoked command in '/home/kkkk/bxi_arm_v2/build/bxi_example_arm' returned '0': CMAKE_PREFIX_PATH=${CMAKE_PREFIX_PATH}:/home/kkkk/bxi_arm_v2/install/hand_control:/home/kkkk/bxi_arm_v2/install/fake_trigger:/home/kkkk/bxi_arm_v2/install/elf3_arm_ikpy_control_pico:/home/kkkk/bxi_arm_v2/install/elf3_arm_bringup:/home/kkkk/bxi_arm_v2/install/bxi_example_py_trunk_neck:/home/kkkk/bxi_arm_v2/install/bxi_example_py_trunk:/home/kkkk/bxi_arm_v2/install/bxi_example_py_foot:/home/kkkk/bxi_arm_v2/install/bxi_example_py_elf3:/home/kkkk/bxi_arm_v2/install/bxi_example_py_armrc:/home/kkkk/bxi_arm_v2/install/bxi_example_py_arm:/home/kkkk/bxi_arm_v2/install/bxi_example_py_ankle:/home/kkkk/bxi_arm_v2/install/bxi_example_py:/home/kkkk/bxi_arm_v2/install/aero_hand_open_teleop:/home/kkkk/bxi_arm_v2/install/aero_hand_open_rl:/home/kkkk/bxi_arm_v2/install/aero_hand_open:/home/kkkk/bxi_arm_v2/install/aero_hand_open_description:/home/kkkk/moveit2/install/moveit_configs_utils:/home/kkkk/moveit2/install/launch_param_builder:/opt/ros/humble CONDA_PROMPT_MODIFIER=(ikpy) /usr/bin/cmake --install /home/kkkk/bxi_arm_v2/build/bxi_example_arm[0m
[2.002s] [34mcolcon.colcon_core.environment[0m [1;30mLevel 1[0m checking '/home/kkkk/bxi_arm_v2/install/bxi_example_arm' for CMake module files
[2.003s] [34mcolcon.colcon_core.environment[0m [1;30mLevel 1[0m checking '/home/kkkk/bxi_arm_v2/install/bxi_example_arm' for CMake config files
[2.003s] [34mcolcon.colcon_core.shell[0m [1;30mLevel 1[0m create_environment_hook('bxi_example_arm', 'cmake_prefix_path')
[2.003s] [34mcolcon.colcon_core.shell[0m [1;30mINFO[0m Creating environment hook '/home/kkkk/bxi_arm_v2/install/bxi_example_arm/share/bxi_example_arm/hook/cmake_prefix_path.ps1'
[2.004s] [34mcolcon.colcon_core.shell[0m [1;30mINFO[0m Creating environment descriptor '/home/kkkk/bxi_arm_v2/install/bxi_example_arm/share/bxi_example_arm/hook/cmake_prefix_path.dsv'
[2.004s] [34mcolcon.colcon_core.shell[0m [1;30mINFO[0m Creating environment hook '/home/kkkk/bxi_arm_v2/install/bxi_example_arm/share/bxi_example_arm/hook/cmake_prefix_path.sh'
[2.005s] [34mcolcon.colcon_core.environment[0m [1;30mLevel 1[0m checking '/home/kkkk/bxi_arm_v2/install/bxi_example_arm/lib'
[2.005s] [34mcolcon.colcon_core.environment[0m [1;30mLevel 1[0m checking '/home/kkkk/bxi_arm_v2/install/bxi_example_arm/bin'
[2.005s] [34mcolcon.colcon_core.environment[0m [1;30mLevel 1[0m checking '/home/kkkk/bxi_arm_v2/install/bxi_example_arm/lib/pkgconfig/bxi_example_arm.pc'
[2.005s] [34mcolcon.colcon_core.environment[0m [1;30mLevel 1[0m checking '/home/kkkk/bxi_arm_v2/install/bxi_example_arm/lib/python3.10/site-packages'
[2.005s] [34mcolcon.colcon_core.environment[0m [1;30mLevel 1[0m checking '/home/kkkk/bxi_arm_v2/install/bxi_example_arm/bin'
[2.006s] [34mcolcon.colcon_core.shell[0m [1;30mINFO[0m Creating package script '/home/kkkk/bxi_arm_v2/install/bxi_example_arm/share/bxi_example_arm/package.ps1'
[2.007s] [34mcolcon.colcon_core.shell[0m [1;30mINFO[0m Creating package descriptor '/home/kkkk/bxi_arm_v2/install/bxi_example_arm/share/bxi_example_arm/package.dsv'
[2.007s] [34mcolcon.colcon_core.shell[0m [1;30mINFO[0m Creating package script '/home/kkkk/bxi_arm_v2/install/bxi_example_arm/share/bxi_example_arm/package.sh'
[2.008s] [34mcolcon.colcon_core.shell[0m [1;30mINFO[0m Creating package script '/home/kkkk/bxi_arm_v2/install/bxi_example_arm/share/bxi_example_arm/package.bash'
[2.008s] [34mcolcon.colcon_core.shell[0m [1;30mINFO[0m Creating package script '/home/kkkk/bxi_arm_v2/install/bxi_example_arm/share/bxi_example_arm/package.zsh'
[2.009s] [34mcolcon.colcon_core.environment[0m [1;30mLevel 1[0m create_file_with_runtime_dependencies(/home/kkkk/bxi_arm_v2/install/bxi_example_arm/share/colcon-core/packages/bxi_example_arm)
[2.010s] [34mcolcon.colcon_core.environment[0m [1;30mLevel 1[0m create_environment_scripts_only(bxi_example_arm)
[2.010s] [34mcolcon.colcon_core.environment[0m [1;30mLevel 1[0m checking '/home/kkkk/bxi_arm_v2/install/bxi_example_arm' for CMake module files
[2.010s] [34mcolcon.colcon_core.environment[0m [1;30mLevel 1[0m checking '/home/kkkk/bxi_arm_v2/install/bxi_example_arm' for CMake config files
[2.010s] [34mcolcon.colcon_core.shell[0m [1;30mLevel 1[0m create_environment_hook('bxi_example_arm', 'cmake_prefix_path')
[2.011s] [34mcolcon.colcon_core.shell[0m [1;30mINFO[0m Creating environment hook '/home/kkkk/bxi_arm_v2/install/bxi_example_arm/share/bxi_example_arm/hook/cmake_prefix_path.ps1'
[2.011s] [34mcolcon.colcon_core.shell[0m [1;30mINFO[0m Creating environment descriptor '/home/kkkk/bxi_arm_v2/install/bxi_example_arm/share/bxi_example_arm/hook/cmake_prefix_path.dsv'
[2.011s] [34mcolcon.colcon_core.shell[0m [1;30mINFO[0m Creating environment hook '/home/kkkk/bxi_arm_v2/install/bxi_example_arm/share/bxi_example_arm/hook/cmake_prefix_path.sh'
[2.012s] [34mcolcon.colcon_core.environment[0m [1;30mLevel 1[0m checking '/home/kkkk/bxi_arm_v2/install/bxi_example_arm/lib'
[2.012s] [34mcolcon.colcon_core.environment[0m [1;30mLevel 1[0m checking '/home/kkkk/bxi_arm_v2/install/bxi_example_arm/bin'
[2.012s] [34mcolcon.colcon_core.environment[0m [1;30mLevel 1[0m checking '/home/kkkk/bxi_arm_v2/install/bxi_example_arm/lib/pkgconfig/bxi_example_arm.pc'
[2.012s] [34mcolcon.colcon_core.environment[0m [1;30mLevel 1[0m checking '/home/kkkk/bxi_arm_v2/install/bxi_example_arm/lib/python3.10/site-packages'
[2.012s] [34mcolcon.colcon_core.environment[0m [1;30mLevel 1[0m checking '/home/kkkk/bxi_arm_v2/install/bxi_example_arm/bin'
[2.013s] [34mcolcon.colcon_core.shell[0m [1;30mINFO[0m Creating package script '/home/kkkk/bxi_arm_v2/install/bxi_example_arm/share/bxi_example_arm/package.ps1'
[2.013s] [34mcolcon.colcon_core.shell[0m [1;30mINFO[0m Creating package descriptor '/home/kkkk/bxi_arm_v2/install/bxi_example_arm/share/bxi_example_arm/package.dsv'
[2.013s] [34mcolcon.colcon_core.shell[0m [1;30mINFO[0m Creating package script '/home/kkkk/bxi_arm_v2/install/bxi_example_arm/share/bxi_example_arm/package.sh'
[2.014s] [34mcolcon.colcon_core.shell[0m [1;30mINFO[0m Creating package script '/home/kkkk/bxi_arm_v2/install/bxi_example_arm/share/bxi_example_arm/package.bash'
[2.014s] [34mcolcon.colcon_core.shell[0m [1;30mINFO[0m Creating package script '/home/kkkk/bxi_arm_v2/install/bxi_example_arm/share/bxi_example_arm/package.zsh'
[2.014s] [34mcolcon.colcon_core.environment[0m [1;30mLevel 1[0m create_file_with_runtime_dependencies(/home/kkkk/bxi_arm_v2/install/bxi_example_arm/share/colcon-core/packages/bxi_example_arm)
[2.015s] [34mcolcon.colcon_core.environment[0m [1;30mLevel 1[0m create_environment_scripts_only(bxi_example)
[2.015s] [34mcolcon.colcon_core.environment[0m [1;30mLevel 1[0m checking '/home/kkkk/bxi_arm_v2/install/bxi_example' for CMake module files
[2.015s] [34mcolcon.colcon_core.environment[0m [1;30mLevel 1[0m checking '/home/kkkk/bxi_arm_v2/install/bxi_example' for CMake config files
[2.016s] [34mcolcon.colcon_core.shell[0m [1;30mLevel 1[0m create_environment_hook('bxi_example', 'cmake_prefix_path')
[2.016s] [34mcolcon.colcon_core.shell[0m [1;30mINFO[0m Creating environment hook '/home/kkkk/bxi_arm_v2/install/bxi_example/share/bxi_example/hook/cmake_prefix_path.ps1'
[2.016s] [34mcolcon.colcon_core.shell[0m [1;30mINFO[0m Creating environment descriptor '/home/kkkk/bxi_arm_v2/install/bxi_example/share/bxi_example/hook/cmake_prefix_path.dsv'
[2.017s] [34mcolcon.colcon_core.shell[0m [1;30mINFO[0m Creating environment hook '/home/kkkk/bxi_arm_v2/install/bxi_example/share/bxi_example/hook/cmake_prefix_path.sh'
[2.017s] [34mcolcon.colcon_core.environment[0m [1;30mLevel 1[0m checking '/home/kkkk/bxi_arm_v2/install/bxi_example/lib'
[2.017s] [34mcolcon.colcon_core.environment[0m [1;30mLevel 1[0m checking '/home/kkkk/bxi_arm_v2/install/bxi_example/bin'
[2.017s] [34mcolcon.colcon_core.environment[0m [1;30mLevel 1[0m checking '/home/kkkk/bxi_arm_v2/install/bxi_example/lib/pkgconfig/bxi_example.pc'
[2.017s] [34mcolcon.colcon_core.environment[0m [1;30mLevel 1[0m checking '/home/kkkk/bxi_arm_v2/install/bxi_example/lib/python3.10/site-packages'
[2.018s] [34mcolcon.colcon_core.environment[0m [1;30mLevel 1[0m checking '/home/kkkk/bxi_arm_v2/install/bxi_example/bin'
[2.018s] [34mcolcon.colcon_core.shell[0m [1;30mINFO[0m Creating package script '/home/kkkk/bxi_arm_v2/install/bxi_example/share/bxi_example/package.ps1'
[2.018s] [34mcolcon.colcon_core.shell[0m [1;30mINFO[0m Creating package descriptor '/home/kkkk/bxi_arm_v2/install/bxi_example/share/bxi_example/package.dsv'
[2.019s] [34mcolcon.colcon_core.shell[0m [1;30mINFO[0m Creating package script '/home/kkkk/bxi_arm_v2/install/bxi_example/share/bxi_example/package.sh'
[2.019s] [34mcolcon.colcon_core.event_handler.log_command[0m [1;30mDEBUG[0m [32mInvoked command in '/home/kkkk/bxi_arm_v2/build/bxi_example' returned '0': CMAKE_PREFIX_PATH=${CMAKE_PREFIX_PATH}:/home/kkkk/bxi_arm_v2/install/hand_control:/home/kkkk/bxi_arm_v2/install/fake_trigger:/home/kkkk/bxi_arm_v2/install/elf3_arm_ikpy_control_pico:/home/kkkk/bxi_arm_v2/install/elf3_arm_bringup:/home/kkkk/bxi_arm_v2/install/bxi_example_py_trunk_neck:/home/kkkk/bxi_arm_v2/install/bxi_example_py_trunk:/home/kkkk/bxi_arm_v2/install/bxi_example_py_foot:/home/kkkk/bxi_arm_v2/install/bxi_example_py_elf3:/home/kkkk/bxi_arm_v2/install/bxi_example_py_armrc:/home/kkkk/bxi_arm_v2/install/bxi_example_py_arm:/home/kkkk/bxi_arm_v2/install/bxi_example_py_ankle:/home/kkkk/bxi_arm_v2/install/bxi_example_py:/home/kkkk/bxi_arm_v2/install/aero_hand_open_teleop:/home/kkkk/bxi_arm_v2/install/aero_hand_open_rl:/home/kkkk/bxi_arm_v2/install/aero_hand_open:/home/kkkk/bxi_arm_v2/install/aero_hand_open_description:/home/kkkk/moveit2/install/moveit_configs_utils:/home/kkkk/moveit2/install/launch_param_builder:/opt/ros/humble CONDA_PROMPT_MODIFIER=(ikpy) /usr/bin/cmake --install /home/kkkk/bxi_arm_v2/build/bxi_example[0m
[2.020s] [34mcolcon.colcon_core.shell[0m [1;30mINFO[0m Creating package script '/home/kkkk/bxi_arm_v2/install/bxi_example/share/bxi_example/package.bash'
[2.021s] [34mcolcon.colcon_core.shell[0m [1;30mINFO[0m Creating package script '/home/kkkk/bxi_arm_v2/install/bxi_example/share/bxi_example/package.zsh'
[2.021s] [34mcolcon.colcon_core.environment[0m [1;30mLevel 1[0m create_file_with_runtime_dependencies(/home/kkkk/bxi_arm_v2/install/bxi_example/share/colcon-core/packages/bxi_example)
[2.022s] [34mcolcon.colcon_core.environment[0m [1;30mLevel 1[0m create_environment_scripts_only(bxi_example)
[2.022s] [34mcolcon.colcon_core.environment[0m [1;30mLevel 1[0m checking '/home/kkkk/bxi_arm_v2/install/bxi_example' for CMake module files
[2.022s] [34mcolcon.colcon_core.environment[0m [1;30mLevel 1[0m checking '/home/kkkk/bxi_arm_v2/install/bxi_example' for CMake config files
[2.022s] [34mcolcon.colcon_core.shell[0m [1;30mLevel 1[0m create_environment_hook('bxi_example', 'cmake_prefix_path')
[2.023s] [34mcolcon.colcon_core.shell[0m [1;30mINFO[0m Creating environment hook '/home/kkkk/bxi_arm_v2/install/bxi_example/share/bxi_example/hook/cmake_prefix_path.ps1'
[2.023s] [34mcolcon.colcon_core.shell[0m [1;30mINFO[0m Creating environment descriptor '/home/kkkk/bxi_arm_v2/install/bxi_example/share/bxi_example/hook/cmake_prefix_path.dsv'
[2.024s] [34mcolcon.colcon_core.shell[0m [1;30mINFO[0m Creating environment hook '/home/kkkk/bxi_arm_v2/install/bxi_example/share/bxi_example/hook/cmake_prefix_path.sh'
[2.024s] [34mcolcon.colcon_core.environment[0m [1;30mLevel 1[0m checking '/home/kkkk/bxi_arm_v2/install/bxi_example/lib'
[2.024s] [34mcolcon.colcon_core.environment[0m [1;30mLevel 1[0m checking '/home/kkkk/bxi_arm_v2/install/bxi_example/bin'
[2.024s] [34mcolcon.colcon_core.environment[0m [1;30mLevel 1[0m checking '/home/kkkk/bxi_arm_v2/install/bxi_example/lib/pkgconfig/bxi_example.pc'
[2.025s] [34mcolcon.colcon_core.environment[0m [1;30mLevel 1[0m checking '/home/kkkk/bxi_arm_v2/install/bxi_example/lib/python3.10/site-packages'
[2.025s] [34mcolcon.colcon_core.environment[0m [1;30mLevel 1[0m checking '/home/kkkk/bxi_arm_v2/install/bxi_example/bin'
[2.025s] [34mcolcon.colcon_core.shell[0m [1;30mINFO[0m Creating package script '/home/kkkk/bxi_arm_v2/install/bxi_example/share/bxi_example/package.ps1'
[2.026s] [34mcolcon.colcon_core.shell[0m [1;30mINFO[0m Creating package descriptor '/home/kkkk/bxi_arm_v2/install/bxi_example/share/bxi_example/package.dsv'
[2.027s] [34mcolcon.colcon_core.shell[0m [1;30mINFO[0m Creating package script '/home/kkkk/bxi_arm_v2/install/bxi_example/share/bxi_example/package.sh'
[2.028s] [34mcolcon.colcon_core.shell[0m [1;30mINFO[0m Creating package script '/home/kkkk/bxi_arm_v2/install/bxi_example/share/bxi_example/package.bash'
[2.029s] [34mcolcon.colcon_core.shell[0m [1;30mINFO[0m Creating package script '/home/kkkk/bxi_arm_v2/install/bxi_example/share/bxi_example/package.zsh'
[2.029s] [34mcolcon.colcon_core.environment[0m [1;30mLevel 1[0m create_file_with_runtime_dependencies(/home/kkkk/bxi_arm_v2/install/bxi_example/share/colcon-core/packages/bxi_example)
[2.032s] [34mcolcon.colcon_ros.task.ament_cmake.build[0m [1;30mINFO[0m Building ROS package in '/home/kkkk/bxi_arm_v2/src/pico_bxi_server' with build type 'ament_cmake'
[2.032s] [34mcolcon.colcon_cmake.task.cmake.build[0m [1;30mINFO[0m Building CMake package in '/home/kkkk/bxi_arm_v2/src/pico_bxi_server'
[2.032s] [34mcolcon.colcon_core.shell[0m [1;30mINFO[0m Skip shell extension 'powershell' for command environment: Not usable outside of PowerShell
[2.033s] [34mcolcon.colcon_core.shell[0m [1;30mDEBUG[0m [32mSkip shell extension 'dsv' for command environment[0m
[2.056s] [34mcolcon.colcon_ros.task.ament_cmake.build[0m [1;30mINFO[0m Building ROS package in '/home/kkkk/bxi_arm_v2/src/bxi_rl_controller_ros2_example/src/remote_controller' with build type 'ament_cmake'
[2.056s] [34mcolcon.colcon_cmake.task.cmake.build[0m [1;30mINFO[0m Building CMake package in '/home/kkkk/bxi_arm_v2/src/bxi_rl_controller_ros2_example/src/remote_controller'
[2.057s] [34mcolcon.colcon_core.shell[0m [1;30mINFO[0m Skip shell extension 'powershell' for command environment: Not usable outside of PowerShell
[2.057s] [34mcolcon.colcon_core.shell[0m [1;30mDEBUG[0m [32mSkip shell extension 'dsv' for command environment[0m
[2.089s] [34mcolcon.colcon_core.event_handler.log_command[0m [1;30mDEBUG[0m [32mInvoking command in '/home/kkkk/bxi_arm_v2/build/pico_bxi_server': CMAKE_PREFIX_PATH=${CMAKE_PREFIX_PATH}:/home/kkkk/bxi_arm_v2/install/hand_control:/home/kkkk/bxi_arm_v2/install/fake_trigger:/home/kkkk/bxi_arm_v2/install/elf3_arm_ikpy_control_pico:/home/kkkk/bxi_arm_v2/install/elf3_arm_bringup:/home/kkkk/bxi_arm_v2/install/bxi_example_py_trunk_neck:/home/kkkk/bxi_arm_v2/install/bxi_example_py_trunk:/home/kkkk/bxi_arm_v2/install/bxi_example_py_foot:/home/kkkk/bxi_arm_v2/install/bxi_example_py_elf3:/home/kkkk/bxi_arm_v2/install/bxi_example_py_armrc:/home/kkkk/bxi_arm_v2/install/bxi_example_py_arm:/home/kkkk/bxi_arm_v2/install/bxi_example_py_ankle:/home/kkkk/bxi_arm_v2/install/bxi_example_py:/home/kkkk/bxi_arm_v2/install/aero_hand_open_teleop:/home/kkkk/bxi_arm_v2/install/aero_hand_open_rl:/home/kkkk/bxi_arm_v2/install/aero_hand_open:/home/kkkk/bxi_arm_v2/install/aero_hand_open_description:/home/kkkk/moveit2/install/moveit_configs_utils:/home/kkkk/moveit2/install/launch_param_builder:/opt/ros/humble CONDA_PROMPT_MODIFIER=(ikpy) /usr/bin/cmake --build /home/kkkk/bxi_arm_v2/build/pico_bxi_server -- -j16 -l16[0m
[2.100s] [34mcolcon.colcon_core.event_handler.log_command[0m [1;30mDEBUG[0m [32mInvoking command in '/home/kkkk/bxi_arm_v2/build/remote_controller': CMAKE_PREFIX_PATH=${CMAKE_PREFIX_PATH}:/home/kkkk/bxi_arm_v2/install/hand_control:/home/kkkk/bxi_arm_v2/install/fake_trigger:/home/kkkk/bxi_arm_v2/install/elf3_arm_ikpy_control_pico:/home/kkkk/bxi_arm_v2/install/elf3_arm_bringup:/home/kkkk/bxi_arm_v2/install/bxi_example_py_trunk_neck:/home/kkkk/bxi_arm_v2/install/bxi_example_py_trunk:/home/kkkk/bxi_arm_v2/install/bxi_example_py_foot:/home/kkkk/bxi_arm_v2/install/bxi_example_py_elf3:/home/kkkk/bxi_arm_v2/install/bxi_example_py_armrc:/home/kkkk/bxi_arm_v2/install/bxi_example_py_arm:/home/kkkk/bxi_arm_v2/install/bxi_example_py_ankle:/home/kkkk/bxi_arm_v2/install/bxi_example_py:/home/kkkk/bxi_arm_v2/install/aero_hand_open_teleop:/home/kkkk/bxi_arm_v2/install/aero_hand_open_rl:/home/kkkk/bxi_arm_v2/install/aero_hand_open:/home/kkkk/bxi_arm_v2/install/aero_hand_open_description:/home/kkkk/moveit2/install/moveit_configs_utils:/home/kkkk/moveit2/install/launch_param_builder:/opt/ros/humble CONDA_PROMPT_MODIFIER=(ikpy) /usr/bin/cmake --build /home/kkkk/bxi_arm_v2/build/remote_controller -- -j16 -l16[0m
[2.101s] [34mcolcon.colcon_core.environment[0m [1;30mLevel 1[0m create_environment_scripts_only(aero_hand_open_msgs)
[2.102s] [34mcolcon.colcon_core.environment[0m [1;30mLevel 1[0m checking '/home/kkkk/bxi_arm_v2/install/aero_hand_open_msgs' for CMake module files
[2.103s] [34mcolcon.colcon_core.environment[0m [1;30mLevel 1[0m checking '/home/kkkk/bxi_arm_v2/install/aero_hand_open_msgs' for CMake config files
[2.103s] [34mcolcon.colcon_core.shell[0m [1;30mLevel 1[0m create_environment_hook('aero_hand_open_msgs', 'cmake_prefix_path')
[2.103s] [34mcolcon.colcon_core.shell[0m [1;30mINFO[0m Creating environment hook '/home/kkkk/bxi_arm_v2/install/aero_hand_open_msgs/share/aero_hand_open_msgs/hook/cmake_prefix_path.ps1'
[2.104s] [34mcolcon.colcon_core.event_handler.log_command[0m [1;30mDEBUG[0m [32mInvoked command in '/home/kkkk/bxi_arm_v2/build/aero_hand_open_msgs' returned '0': CMAKE_PREFIX_PATH=${CMAKE_PREFIX_PATH}:/home/kkkk/bxi_arm_v2/install/hand_control:/home/kkkk/bxi_arm_v2/install/fake_trigger:/home/kkkk/bxi_arm_v2/install/elf3_arm_ikpy_control_pico:/home/kkkk/bxi_arm_v2/install/elf3_arm_bringup:/home/kkkk/bxi_arm_v2/install/bxi_example_py_trunk_neck:/home/kkkk/bxi_arm_v2/install/bxi_example_py_trunk:/home/kkkk/bxi_arm_v2/install/bxi_example_py_foot:/home/kkkk/bxi_arm_v2/install/bxi_example_py_elf3:/home/kkkk/bxi_arm_v2/install/bxi_example_py_armrc:/home/kkkk/bxi_arm_v2/install/bxi_example_py_arm:/home/kkkk/bxi_arm_v2/install/bxi_example_py_ankle:/home/kkkk/bxi_arm_v2/install/bxi_example_py:/home/kkkk/bxi_arm_v2/install/aero_hand_open_teleop:/home/kkkk/bxi_arm_v2/install/aero_hand_open_rl:/home/kkkk/bxi_arm_v2/install/aero_hand_open:/home/kkkk/bxi_arm_v2/install/aero_hand_open_description:/home/kkkk/moveit2/install/moveit_configs_utils:/home/kkkk/moveit2/install/launch_param_builder:/opt/ros/humble CONDA_PROMPT_MODIFIER=(ikpy) /usr/bin/cmake --install /home/kkkk/bxi_arm_v2/build/aero_hand_open_msgs[0m
[2.105s] [34mcolcon.colcon_core.shell[0m [1;30mINFO[0m Creating environment descriptor '/home/kkkk/bxi_arm_v2/install/aero_hand_open_msgs/share/aero_hand_open_msgs/hook/cmake_prefix_path.dsv'
[2.106s] [34mcolcon.colcon_core.shell[0m [1;30mINFO[0m Creating environment hook '/home/kkkk/bxi_arm_v2/install/aero_hand_open_msgs/share/aero_hand_open_msgs/hook/cmake_prefix_path.sh'
[2.107s] [34mcolcon.colcon_core.environment[0m [1;30mLevel 1[0m checking '/home/kkkk/bxi_arm_v2/install/aero_hand_open_msgs/lib'
[2.107s] [34mcolcon.colcon_core.shell[0m [1;30mLevel 1[0m create_environment_hook('aero_hand_open_msgs', 'ld_library_path_lib')
[2.108s] [34mcolcon.colcon_core.shell[0m [1;30mINFO[0m Creating environment hook '/home/kkkk/bxi_arm_v2/install/aero_hand_open_msgs/share/aero_hand_open_msgs/hook/ld_library_path_lib.ps1'
[2.108s] [34mcolcon.colcon_core.shell[0m [1;30mINFO[0m Creating environment descriptor '/home/kkkk/bxi_arm_v2/install/aero_hand_open_msgs/share/aero_hand_open_msgs/hook/ld_library_path_lib.dsv'
[2.108s] [34mcolcon.colcon_core.shell[0m [1;30mINFO[0m Creating environment hook '/home/kkkk/bxi_arm_v2/install/aero_hand_open_msgs/share/aero_hand_open_msgs/hook/ld_library_path_lib.sh'
[2.109s] [34mcolcon.colcon_core.environment[0m [1;30mLevel 1[0m checking '/home/kkkk/bxi_arm_v2/install/aero_hand_open_msgs/bin'
[2.109s] [34mcolcon.colcon_core.environment[0m [1;30mLevel 1[0m checking '/home/kkkk/bxi_arm_v2/install/aero_hand_open_msgs/lib/pkgconfig/aero_hand_open_msgs.pc'
[2.109s] [34mcolcon.colcon_core.environment[0m [1;30mLevel 1[0m checking '/home/kkkk/bxi_arm_v2/install/aero_hand_open_msgs/lib/python3.10/site-packages'
[2.110s] [34mcolcon.colcon_core.shell[0m [1;30mLevel 1[0m create_environment_hook('aero_hand_open_msgs', 'pythonpath')
[2.110s] [34mcolcon.colcon_core.shell[0m [1;30mINFO[0m Creating environment hook '/home/kkkk/bxi_arm_v2/install/aero_hand_open_msgs/share/aero_hand_open_msgs/hook/pythonpath.ps1'
[2.110s] [34mcolcon.colcon_core.shell[0m [1;30mINFO[0m Creating environment descriptor '/home/kkkk/bxi_arm_v2/install/aero_hand_open_msgs/share/aero_hand_open_msgs/hook/pythonpath.dsv'
[2.111s] [34mcolcon.colcon_core.shell[0m [1;30mINFO[0m Creating environment hook '/home/kkkk/bxi_arm_v2/install/aero_hand_open_msgs/share/aero_hand_open_msgs/hook/pythonpath.sh'
[2.112s] [34mcolcon.colcon_core.environment[0m [1;30mLevel 1[0m checking '/home/kkkk/bxi_arm_v2/install/aero_hand_open_msgs/bin'
[2.112s] [34mcolcon.colcon_core.shell[0m [1;30mINFO[0m Creating package script '/home/kkkk/bxi_arm_v2/install/aero_hand_open_msgs/share/aero_hand_open_msgs/package.ps1'
[2.113s] [34mcolcon.colcon_core.shell[0m [1;30mINFO[0m Creating package descriptor '/home/kkkk/bxi_arm_v2/install/aero_hand_open_msgs/share/aero_hand_open_msgs/package.dsv'
[2.113s] [34mcolcon.colcon_core.shell[0m [1;30mINFO[0m Creating package script '/home/kkkk/bxi_arm_v2/install/aero_hand_open_msgs/share/aero_hand_open_msgs/package.sh'
[2.114s] [34mcolcon.colcon_core.shell[0m [1;30mINFO[0m Creating package script '/home/kkkk/bxi_arm_v2/install/aero_hand_open_msgs/share/aero_hand_open_msgs/package.bash'
[2.114s] [34mcolcon.colcon_core.shell[0m [1;30mINFO[0m Creating package script '/home/kkkk/bxi_arm_v2/install/aero_hand_open_msgs/share/aero_hand_open_msgs/package.zsh'
[2.115s] [34mcolcon.colcon_core.environment[0m [1;30mLevel 1[0m create_file_with_runtime_dependencies(/home/kkkk/bxi_arm_v2/install/aero_hand_open_msgs/share/colcon-core/packages/aero_hand_open_msgs)
[2.115s] [34mcolcon.colcon_core.environment[0m [1;30mLevel 1[0m create_environment_scripts_only(aero_hand_open_msgs)
[2.116s] [34mcolcon.colcon_core.environment[0m [1;30mLevel 1[0m checking '/home/kkkk/bxi_arm_v2/install/aero_hand_open_msgs' for CMake module files
[2.116s] [34mcolcon.colcon_core.environment[0m [1;30mLevel 1[0m checking '/home/kkkk/bxi_arm_v2/install/aero_hand_open_msgs' for CMake config files
[2.117s] [34mcolcon.colcon_core.shell[0m [1;30mLevel 1[0m create_environment_hook('aero_hand_open_msgs', 'cmake_prefix_path')
[2.117s] [34mcolcon.colcon_core.shell[0m [1;30mINFO[0m Creating environment hook '/home/kkkk/bxi_arm_v2/install/aero_hand_open_msgs/share/aero_hand_open_msgs/hook/cmake_prefix_path.ps1'
[2.118s] [34mcolcon.colcon_core.shell[0m [1;30mINFO[0m Creating environment descriptor '/home/kkkk/bxi_arm_v2/install/aero_hand_open_msgs/share/aero_hand_open_msgs/hook/cmake_prefix_path.dsv'
[2.119s] [34mcolcon.colcon_core.shell[0m [1;30mINFO[0m Creating environment hook '/home/kkkk/bxi_arm_v2/install/aero_hand_open_msgs/share/aero_hand_open_msgs/hook/cmake_prefix_path.sh'
[2.120s] [34mcolcon.colcon_core.environment[0m [1;30mLevel 1[0m checking '/home/kkkk/bxi_arm_v2/install/aero_hand_open_msgs/lib'
[2.120s] [34mcolcon.colcon_core.shell[0m [1;30mLevel 1[0m create_environment_hook('aero_hand_open_msgs', 'ld_library_path_lib')
[2.120s] [34mcolcon.colcon_core.shell[0m [1;30mINFO[0m Creating environment hook '/home/kkkk/bxi_arm_v2/install/aero_hand_open_msgs/share/aero_hand_open_msgs/hook/ld_library_path_lib.ps1'
[2.121s] [34mcolcon.colcon_core.shell[0m [1;30mINFO[0m Creating environment descriptor '/home/kkkk/bxi_arm_v2/install/aero_hand_open_msgs/share/aero_hand_open_msgs/hook/ld_library_path_lib.dsv'
[2.121s] [34mcolcon.colcon_core.shell[0m [1;30mINFO[0m Creating environment hook '/home/kkkk/bxi_arm_v2/install/aero_hand_open_msgs/share/aero_hand_open_msgs/hook/ld_library_path_lib.sh'
[2.122s] [34mcolcon.colcon_core.environment[0m [1;30mLevel 1[0m checking '/home/kkkk/bxi_arm_v2/install/aero_hand_open_msgs/bin'
[2.122s] [34mcolcon.colcon_core.environment[0m [1;30mLevel 1[0m checking '/home/kkkk/bxi_arm_v2/install/aero_hand_open_msgs/lib/pkgconfig/aero_hand_open_msgs.pc'
[2.122s] [34mcolcon.colcon_core.environment[0m [1;30mLevel 1[0m checking '/home/kkkk/bxi_arm_v2/install/aero_hand_open_msgs/lib/python3.10/site-packages'
[2.122s] [34mcolcon.colcon_core.shell[0m [1;30mLevel 1[0m create_environment_hook('aero_hand_open_msgs', 'pythonpath')
[2.122s] [34mcolcon.colcon_core.shell[0m [1;30mINFO[0m Creating environment hook '/home/kkkk/bxi_arm_v2/install/aero_hand_open_msgs/share/aero_hand_open_msgs/hook/pythonpath.ps1'
[2.123s] [34mcolcon.colcon_core.shell[0m [1;30mINFO[0m Creating environment descriptor '/home/kkkk/bxi_arm_v2/install/aero_hand_open_msgs/share/aero_hand_open_msgs/hook/pythonpath.dsv'
[2.123s] [34mcolcon.colcon_core.shell[0m [1;30mINFO[0m Creating environment hook '/home/kkkk/bxi_arm_v2/install/aero_hand_open_msgs/share/aero_hand_open_msgs/hook/pythonpath.sh'
[2.124s] [34mcolcon.colcon_core.environment[0m [1;30mLevel 1[0m checking '/home/kkkk/bxi_arm_v2/install/aero_hand_open_msgs/bin'
[2.124s] [34mcolcon.colcon_core.shell[0m [1;30mINFO[0m Creating package script '/home/kkkk/bxi_arm_v2/install/aero_hand_open_msgs/share/aero_hand_open_msgs/package.ps1'
[2.125s] [34mcolcon.colcon_core.shell[0m [1;30mINFO[0m Creating package descriptor '/home/kkkk/bxi_arm_v2/install/aero_hand_open_msgs/share/aero_hand_open_msgs/package.dsv'
[2.125s] [34mcolcon.colcon_core.shell[0m [1;30mINFO[0m Creating package script '/home/kkkk/bxi_arm_v2/install/aero_hand_open_msgs/share/aero_hand_open_msgs/package.sh'
[2.125s] [34mcolcon.colcon_core.shell[0m [1;30mINFO[0m Creating package script '/home/kkkk/bxi_arm_v2/install/aero_hand_open_msgs/share/aero_hand_open_msgs/package.bash'
[2.126s] [34mcolcon.colcon_core.shell[0m [1;30mINFO[0m Creating package script '/home/kkkk/bxi_arm_v2/install/aero_hand_open_msgs/share/aero_hand_open_msgs/package.zsh'
[2.126s] [34mcolcon.colcon_core.environment[0m [1;30mLevel 1[0m create_file_with_runtime_dependencies(/home/kkkk/bxi_arm_v2/install/aero_hand_open_msgs/share/colcon-core/packages/aero_hand_open_msgs)
[2.127s] [34mcolcon.colcon_ros.task.ament_python.build[0m [1;30mINFO[0m Building ROS package in '/home/kkkk/bxi_arm_v2/src/aero-hand-open/src/aero_hand_open' with build type 'ament_python'
[2.129s] [34mcolcon.colcon_core.shell[0m [1;30mLevel 1[0m create_environment_hook('aero_hand_open', 'ament_prefix_path')
[2.129s] [34mcolcon.colcon_core.shell[0m [1;30mINFO[0m Creating environment hook '/home/kkkk/bxi_arm_v2/install/aero_hand_open/share/aero_hand_open/hook/ament_prefix_path.ps1'
[2.130s] [34mcolcon.colcon_core.shell[0m [1;30mINFO[0m Creating environment descriptor '/home/kkkk/bxi_arm_v2/install/aero_hand_open/share/aero_hand_open/hook/ament_prefix_path.dsv'
[2.130s] [34mcolcon.colcon_core.shell[0m [1;30mINFO[0m Creating environment hook '/home/kkkk/bxi_arm_v2/install/aero_hand_open/share/aero_hand_open/hook/ament_prefix_path.sh'
[2.131s] [34mcolcon.colcon_core.shell[0m [1;30mINFO[0m Skip shell extension 'powershell' for command environment: Not usable outside of PowerShell
[2.131s] [34mcolcon.colcon_core.shell[0m [1;30mDEBUG[0m [32mSkip shell extension 'dsv' for command environment[0m
[2.380s] [34mcolcon.colcon_core.task.python.build[0m [1;30mINFO[0m Building Python package in '/home/kkkk/bxi_arm_v2/src/aero-hand-open/src/aero_hand_open'
[2.381s] [34mcolcon.colcon_core.shell[0m [1;30mINFO[0m Skip shell extension 'powershell' for command environment: Not usable outside of PowerShell
[2.381s] [34mcolcon.colcon_core.shell[0m [1;30mDEBUG[0m [32mSkip shell extension 'dsv' for command environment[0m
[2.396s] [34mcolcon.colcon_core.event_handler.log_command[0m [1;30mDEBUG[0m [32mInvoked command in '/home/kkkk/bxi_arm_v2/build/remote_controller' returned '0': CMAKE_PREFIX_PATH=${CMAKE_PREFIX_PATH}:/home/kkkk/bxi_arm_v2/install/hand_control:/home/kkkk/bxi_arm_v2/install/fake_trigger:/home/kkkk/bxi_arm_v2/install/elf3_arm_ikpy_control_pico:/home/kkkk/bxi_arm_v2/install/elf3_arm_bringup:/home/kkkk/bxi_arm_v2/install/bxi_example_py_trunk_neck:/home/kkkk/bxi_arm_v2/install/bxi_example_py_trunk:/home/kkkk/bxi_arm_v2/install/bxi_example_py_foot:/home/kkkk/bxi_arm_v2/install/bxi_example_py_elf3:/home/kkkk/bxi_arm_v2/install/bxi_example_py_armrc:/home/kkkk/bxi_arm_v2/install/bxi_example_py_arm:/home/kkkk/bxi_arm_v2/install/bxi_example_py_ankle:/home/kkkk/bxi_arm_v2/install/bxi_example_py:/home/kkkk/bxi_arm_v2/install/aero_hand_open_teleop:/home/kkkk/bxi_arm_v2/install/aero_hand_open_rl:/home/kkkk/bxi_arm_v2/install/aero_hand_open:/home/kkkk/bxi_arm_v2/install/aero_hand_open_description:/home/kkkk/moveit2/install/moveit_configs_utils:/home/kkkk/moveit2/install/launch_param_builder:/opt/ros/humble CONDA_PROMPT_MODIFIER=(ikpy) /usr/bin/cmake --build /home/kkkk/bxi_arm_v2/build/remote_controller -- -j16 -l16[0m
[2.398s] [34mcolcon.colcon_core.event_handler.log_command[0m [1;30mDEBUG[0m [32mInvoking command in '/home/kkkk/bxi_arm_v2/build/remote_controller': CMAKE_PREFIX_PATH=${CMAKE_PREFIX_PATH}:/home/kkkk/bxi_arm_v2/install/hand_control:/home/kkkk/bxi_arm_v2/install/fake_trigger:/home/kkkk/bxi_arm_v2/install/elf3_arm_ikpy_control_pico:/home/kkkk/bxi_arm_v2/install/elf3_arm_bringup:/home/kkkk/bxi_arm_v2/install/bxi_example_py_trunk_neck:/home/kkkk/bxi_arm_v2/install/bxi_example_py_trunk:/home/kkkk/bxi_arm_v2/install/bxi_example_py_foot:/home/kkkk/bxi_arm_v2/install/bxi_example_py_elf3:/home/kkkk/bxi_arm_v2/install/bxi_example_py_armrc:/home/kkkk/bxi_arm_v2/install/bxi_example_py_arm:/home/kkkk/bxi_arm_v2/install/bxi_example_py_ankle:/home/kkkk/bxi_arm_v2/install/bxi_example_py:/home/kkkk/bxi_arm_v2/install/aero_hand_open_teleop:/home/kkkk/bxi_arm_v2/install/aero_hand_open_rl:/home/kkkk/bxi_arm_v2/install/aero_hand_open:/home/kkkk/bxi_arm_v2/install/aero_hand_open_description:/home/kkkk/moveit2/install/moveit_configs_utils:/home/kkkk/moveit2/install/launch_param_builder:/opt/ros/humble CONDA_PROMPT_MODIFIER=(ikpy) /usr/bin/cmake --install /home/kkkk/bxi_arm_v2/build/remote_controller[0m
[2.409s] [34mcolcon.colcon_core.environment[0m [1;30mLevel 1[0m create_environment_scripts_only(remote_controller)
[2.409s] [34mcolcon.colcon_core.environment[0m [1;30mLevel 1[0m checking '/home/kkkk/bxi_arm_v2/install/remote_controller' for CMake module files
[2.409s] [34mcolcon.colcon_core.environment[0m [1;30mLevel 1[0m checking '/home/kkkk/bxi_arm_v2/install/remote_controller' for CMake config files
[2.410s] [34mcolcon.colcon_core.shell[0m [1;30mLevel 1[0m create_environment_hook('remote_controller', 'cmake_prefix_path')
[2.410s] [34mcolcon.colcon_core.shell[0m [1;30mINFO[0m Creating environment hook '/home/kkkk/bxi_arm_v2/install/remote_controller/share/remote_controller/hook/cmake_prefix_path.ps1'
[2.410s] [34mcolcon.colcon_core.shell[0m [1;30mINFO[0m Creating environment descriptor '/home/kkkk/bxi_arm_v2/install/remote_controller/share/remote_controller/hook/cmake_prefix_path.dsv'
[2.411s] [34mcolcon.colcon_core.shell[0m [1;30mINFO[0m Creating environment hook '/home/kkkk/bxi_arm_v2/install/remote_controller/share/remote_controller/hook/cmake_prefix_path.sh'
[2.411s] [34mcolcon.colcon_core.event_handler.log_command[0m [1;30mDEBUG[0m [32mInvoked command in '/home/kkkk/bxi_arm_v2/build/remote_controller' returned '0': CMAKE_PREFIX_PATH=${CMAKE_PREFIX_PATH}:/home/kkkk/bxi_arm_v2/install/hand_control:/home/kkkk/bxi_arm_v2/install/fake_trigger:/home/kkkk/bxi_arm_v2/install/elf3_arm_ikpy_control_pico:/home/kkkk/bxi_arm_v2/install/elf3_arm_bringup:/home/kkkk/bxi_arm_v2/install/bxi_example_py_trunk_neck:/home/kkkk/bxi_arm_v2/install/bxi_example_py_trunk:/home/kkkk/bxi_arm_v2/install/bxi_example_py_foot:/home/kkkk/bxi_arm_v2/install/bxi_example_py_elf3:/home/kkkk/bxi_arm_v2/install/bxi_example_py_armrc:/home/kkkk/bxi_arm_v2/install/bxi_example_py_arm:/home/kkkk/bxi_arm_v2/install/bxi_example_py_ankle:/home/kkkk/bxi_arm_v2/install/bxi_example_py:/home/kkkk/bxi_arm_v2/install/aero_hand_open_teleop:/home/kkkk/bxi_arm_v2/install/aero_hand_open_rl:/home/kkkk/bxi_arm_v2/install/aero_hand_open:/home/kkkk/bxi_arm_v2/install/aero_hand_open_description:/home/kkkk/moveit2/install/moveit_configs_utils:/home/kkkk/moveit2/install/launch_param_builder:/opt/ros/humble CONDA_PROMPT_MODIFIER=(ikpy) /usr/bin/cmake --install /home/kkkk/bxi_arm_v2/build/remote_controller[0m
[2.412s] [34mcolcon.colcon_core.environment[0m [1;30mLevel 1[0m checking '/home/kkkk/bxi_arm_v2/install/remote_controller/lib'
[2.412s] [34mcolcon.colcon_core.environment[0m [1;30mLevel 1[0m checking '/home/kkkk/bxi_arm_v2/install/remote_controller/bin'
[2.412s] [34mcolcon.colcon_core.environment[0m [1;30mLevel 1[0m checking '/home/kkkk/bxi_arm_v2/install/remote_controller/lib/pkgconfig/remote_controller.pc'
[2.412s] [34mcolcon.colcon_core.environment[0m [1;30mLevel 1[0m checking '/home/kkkk/bxi_arm_v2/install/remote_controller/lib/python3.10/site-packages'
[2.413s] [34mcolcon.colcon_core.environment[0m [1;30mLevel 1[0m checking '/home/kkkk/bxi_arm_v2/install/remote_controller/bin'
[2.413s] [34mcolcon.colcon_core.shell[0m [1;30mINFO[0m Creating package script '/home/kkkk/bxi_arm_v2/install/remote_controller/share/remote_controller/package.ps1'
[2.413s] [34mcolcon.colcon_core.shell[0m [1;30mINFO[0m Creating package descriptor '/home/kkkk/bxi_arm_v2/install/remote_controller/share/remote_controller/package.dsv'
[2.414s] [34mcolcon.colcon_core.shell[0m [1;30mINFO[0m Creating package script '/home/kkkk/bxi_arm_v2/install/remote_controller/share/remote_controller/package.sh'
[2.414s] [34mcolcon.colcon_core.shell[0m [1;30mINFO[0m Creating package script '/home/kkkk/bxi_arm_v2/install/remote_controller/share/remote_controller/package.bash'
[2.415s] [34mcolcon.colcon_core.shell[0m [1;30mINFO[0m Creating package script '/home/kkkk/bxi_arm_v2/install/remote_controller/share/remote_controller/package.zsh'
[2.415s] [34mcolcon.colcon_core.environment[0m [1;30mLevel 1[0m create_file_with_runtime_dependencies(/home/kkkk/bxi_arm_v2/install/remote_controller/share/colcon-core/packages/remote_controller)
[2.415s] [34mcolcon.colcon_core.environment[0m [1;30mLevel 1[0m create_environment_scripts_only(remote_controller)
[2.416s] [34mcolcon.colcon_core.environment[0m [1;30mLevel 1[0m checking '/home/kkkk/bxi_arm_v2/install/remote_controller' for CMake module files
[2.416s] [34mcolcon.colcon_core.environment[0m [1;30mLevel 1[0m checking '/home/kkkk/bxi_arm_v2/install/remote_controller' for CMake config files
[2.416s] [34mcolcon.colcon_core.shell[0m [1;30mLevel 1[0m create_environment_hook('remote_controller', 'cmake_prefix_path')
[2.416s] [34mcolcon.colcon_core.shell[0m [1;30mINFO[0m Creating environment hook '/home/kkkk/bxi_arm_v2/install/remote_controller/share/remote_controller/hook/cmake_prefix_path.ps1'
[2.417s] [34mcolcon.colcon_core.shell[0m [1;30mINFO[0m Creating environment descriptor '/home/kkkk/bxi_arm_v2/install/remote_controller/share/remote_controller/hook/cmake_prefix_path.dsv'
[2.417s] [34mcolcon.colcon_core.shell[0m [1;30mINFO[0m Creating environment hook '/home/kkkk/bxi_arm_v2/install/remote_controller/share/remote_controller/hook/cmake_prefix_path.sh'
[2.418s] [34mcolcon.colcon_core.environment[0m [1;30mLevel 1[0m checking '/home/kkkk/bxi_arm_v2/install/remote_controller/lib'
[2.418s] [34mcolcon.colcon_core.environment[0m [1;30mLevel 1[0m checking '/home/kkkk/bxi_arm_v2/install/remote_controller/bin'
[2.418s] [34mcolcon.colcon_core.environment[0m [1;30mLevel 1[0m checking '/home/kkkk/bxi_arm_v2/install/remote_controller/lib/pkgconfig/remote_controller.pc'
[2.418s] [34mcolcon.colcon_core.environment[0m [1;30mLevel 1[0m checking '/home/kkkk/bxi_arm_v2/install/remote_controller/lib/python3.10/site-packages'
[2.419s] [34mcolcon.colcon_core.environment[0m [1;30mLevel 1[0m checking '/home/kkkk/bxi_arm_v2/install/remote_controller/bin'
[2.419s] [34mcolcon.colcon_core.shell[0m [1;30mINFO[0m Creating package script '/home/kkkk/bxi_arm_v2/install/remote_controller/share/remote_controller/package.ps1'
[2.420s] [34mcolcon.colcon_core.shell[0m [1;30mINFO[0m Creating package descriptor '/home/kkkk/bxi_arm_v2/install/remote_controller/share/remote_controller/package.dsv'
[2.420s] [34mcolcon.colcon_core.shell[0m [1;30mINFO[0m Creating package script '/home/kkkk/bxi_arm_v2/install/remote_controller/share/remote_controller/package.sh'
[2.421s] [34mcolcon.colcon_core.shell[0m [1;30mINFO[0m Creating package script '/home/kkkk/bxi_arm_v2/install/remote_controller/share/remote_controller/package.bash'
[2.421s] [34mcolcon.colcon_core.shell[0m [1;30mINFO[0m Creating package script '/home/kkkk/bxi_arm_v2/install/remote_controller/share/remote_controller/package.zsh'
[2.422s] [34mcolcon.colcon_core.environment[0m [1;30mLevel 1[0m create_file_with_runtime_dependencies(/home/kkkk/bxi_arm_v2/install/remote_controller/share/colcon-core/packages/remote_controller)
[2.422s] [34mcolcon.colcon_ros.task.ament_python.build[0m [1;30mINFO[0m Building ROS package in '/home/kkkk/bxi_arm_v2/src/aero-hand-open/src/aero_hand_open_rl' with build type 'ament_python'
[2.423s] [34mcolcon.colcon_core.shell[0m [1;30mLevel 1[0m create_environment_hook('aero_hand_open_rl', 'ament_prefix_path')
[2.423s] [34mcolcon.colcon_core.shell[0m [1;30mINFO[0m Creating environment hook '/home/kkkk/bxi_arm_v2/install/aero_hand_open_rl/share/aero_hand_open_rl/hook/ament_prefix_path.ps1'
[2.424s] [34mcolcon.colcon_core.shell[0m [1;30mINFO[0m Creating environment descriptor '/home/kkkk/bxi_arm_v2/install/aero_hand_open_rl/share/aero_hand_open_rl/hook/ament_prefix_path.dsv'
[2.425s] [34mcolcon.colcon_core.shell[0m [1;30mINFO[0m Creating environment hook '/home/kkkk/bxi_arm_v2/install/aero_hand_open_rl/share/aero_hand_open_rl/hook/ament_prefix_path.sh'
[2.425s] [34mcolcon.colcon_core.shell[0m [1;30mINFO[0m Skip shell extension 'powershell' for command environment: Not usable outside of PowerShell
[2.426s] [34mcolcon.colcon_core.shell[0m [1;30mDEBUG[0m [32mSkip shell extension 'dsv' for command environment[0m
[2.749s] [34mcolcon.colcon_core.task.python.build[0m [1;30mINFO[0m Building Python package in '/home/kkkk/bxi_arm_v2/src/aero-hand-open/src/aero_hand_open_rl'
[2.749s] [34mcolcon.colcon_core.shell[0m [1;30mINFO[0m Skip shell extension 'powershell' for command environment: Not usable outside of PowerShell
[2.750s] [34mcolcon.colcon_core.shell[0m [1;30mDEBUG[0m [32mSkip shell extension 'dsv' for command environment[0m
[2.758s] [34mcolcon.colcon_core.event_handler.log_command[0m [1;30mDEBUG[0m [32mInvoking command in '/home/kkkk/bxi_arm_v2/src/bxi_rl_controller_ros2_example/src/bxi_example_py_trunk_neck': CONDA_PROMPT_MODIFIER=(ikpy) PYTHONPATH=/home/kkkk/bxi_arm_v2/build/bxi_example_py_trunk_neck/prefix_override:/home/kkkk/miniconda3/envs/ikpy/lib/python3.10/site-packages/colcon_core/task/python/colcon_distutils_commands:/home/kkkk/bxi_arm_v2/install/bxi_example_py_trunk_neck/lib/python3.10/site-packages:${PYTHONPATH} /home/kkkk/miniconda3/envs/ikpy/bin/python3.10 -W ignore:setup.py install is deprecated -W ignore:easy_install command is deprecated setup.py egg_info --egg-base ../../../../build/bxi_example_py_trunk_neck build --build-base /home/kkkk/bxi_arm_v2/build/bxi_example_py_trunk_neck/build install --record /home/kkkk/bxi_arm_v2/build/bxi_example_py_trunk_neck/install.log --single-version-externally-managed install_data[0m
[2.760s] [34mcolcon.colcon_core.event_handler.log_command[0m [1;30mDEBUG[0m [32mInvoking command in '/home/kkkk/bxi_arm_v2/src/elf3_arm_ikpy_control_pico': CONDA_PROMPT_MODIFIER=(ikpy) PYTHONPATH=/home/kkkk/bxi_arm_v2/build/elf3_arm_ikpy_control_pico/prefix_override:/home/kkkk/miniconda3/envs/ikpy/lib/python3.10/site-packages/colcon_core/task/python/colcon_distutils_commands:/home/kkkk/bxi_arm_v2/install/elf3_arm_ikpy_control_pico/lib/python3.10/site-packages:${PYTHONPATH} /home/kkkk/miniconda3/envs/ikpy/bin/python3.10 -W ignore:setup.py install is deprecated -W ignore:easy_install command is deprecated setup.py egg_info --egg-base ../../build/elf3_arm_ikpy_control_pico build --build-base /home/kkkk/bxi_arm_v2/build/elf3_arm_ikpy_control_pico/build install --record /home/kkkk/bxi_arm_v2/build/elf3_arm_ikpy_control_pico/install.log --single-version-externally-managed install_data[0m
[2.762s] [34mcolcon.colcon_core.event_handler.log_command[0m [1;30mDEBUG[0m [32mInvoking command in '/home/kkkk/bxi_arm_v2/src/bxi_rl_controller_ros2_example/src/bxi_example_py_arm': CONDA_PROMPT_MODIFIER=(ikpy) PYTHONPATH=/home/kkkk/bxi_arm_v2/build/bxi_example_py_arm/prefix_override:/home/kkkk/miniconda3/envs/ikpy/lib/python3.10/site-packages/colcon_core/task/python/colcon_distutils_commands:/home/kkkk/bxi_arm_v2/install/bxi_example_py_arm/lib/python3.10/site-packages:${PYTHONPATH} /home/kkkk/miniconda3/envs/ikpy/bin/python3.10 -W ignore:setup.py install is deprecated -W ignore:easy_install command is deprecated setup.py egg_info --egg-base ../../../../build/bxi_example_py_arm build --build-base /home/kkkk/bxi_arm_v2/build/bxi_example_py_arm/build install --record /home/kkkk/bxi_arm_v2/build/bxi_example_py_arm/install.log --single-version-externally-managed install_data[0m
[2.765s] [34mcolcon.colcon_core.event_handler.log_command[0m [1;30mDEBUG[0m [32mInvoking command in '/home/kkkk/bxi_arm_v2/src/bxi_rl_controller_ros2_example/src/bxi_example_py_foot': CONDA_PROMPT_MODIFIER=(ikpy) PYTHONPATH=/home/kkkk/bxi_arm_v2/build/bxi_example_py_foot/prefix_override:/home/kkkk/miniconda3/envs/ikpy/lib/python3.10/site-packages/colcon_core/task/python/colcon_distutils_commands:/home/kkkk/bxi_arm_v2/install/bxi_example_py_foot/lib/python3.10/site-packages:${PYTHONPATH} /home/kkkk/miniconda3/envs/ikpy/bin/python3.10 -W ignore:setup.py install is deprecated -W ignore:easy_install command is deprecated setup.py egg_info --egg-base ../../../../build/bxi_example_py_foot build --build-base /home/kkkk/bxi_arm_v2/build/bxi_example_py_foot/build install --record /home/kkkk/bxi_arm_v2/build/bxi_example_py_foot/install.log --single-version-externally-managed install_data[0m
[2.769s] [34mcolcon.colcon_core.event_handler.log_command[0m [1;30mDEBUG[0m [32mInvoking command in '/home/kkkk/bxi_arm_v2/src/bxi_rl_controller_ros2_example/src/bxi_example_py': CONDA_PROMPT_MODIFIER=(ikpy) PYTHONPATH=/home/kkkk/bxi_arm_v2/build/bxi_example_py/prefix_override:/home/kkkk/miniconda3/envs/ikpy/lib/python3.10/site-packages/colcon_core/task/python/colcon_distutils_commands:/home/kkkk/bxi_arm_v2/install/bxi_example_py/lib/python3.10/site-packages:${PYTHONPATH} /home/kkkk/miniconda3/envs/ikpy/bin/python3.10 -W ignore:setup.py install is deprecated -W ignore:easy_install command is deprecated setup.py egg_info --egg-base ../../../../build/bxi_example_py build --build-base /home/kkkk/bxi_arm_v2/build/bxi_example_py/build install --record /home/kkkk/bxi_arm_v2/build/bxi_example_py/install.log --single-version-externally-managed install_data[0m
[2.771s] [34mcolcon.colcon_core.event_handler.log_command[0m [1;30mDEBUG[0m [32mInvoking command in '/home/kkkk/bxi_arm_v2/src/elf3_arm_bringup': CONDA_PROMPT_MODIFIER=(ikpy) PYTHONPATH=/home/kkkk/bxi_arm_v2/build/elf3_arm_bringup/prefix_override:/home/kkkk/miniconda3/envs/ikpy/lib/python3.10/site-packages/colcon_core/task/python/colcon_distutils_commands:/home/kkkk/bxi_arm_v2/install/elf3_arm_bringup/lib/python3.10/site-packages:${PYTHONPATH} /home/kkkk/miniconda3/envs/ikpy/bin/python3.10 -W ignore:setup.py install is deprecated -W ignore:easy_install command is deprecated setup.py egg_info --egg-base ../../build/elf3_arm_bringup build --build-base /home/kkkk/bxi_arm_v2/build/elf3_arm_bringup/build install --record /home/kkkk/bxi_arm_v2/build/elf3_arm_bringup/install.log --single-version-externally-managed install_data[0m
[2.772s] [34mcolcon.colcon_core.event_handler.log_command[0m [1;30mDEBUG[0m [32mInvoking command in '/home/kkkk/bxi_arm_v2/src/fake_trigger': CONDA_PROMPT_MODIFIER=(ikpy) PYTHONPATH=/home/kkkk/bxi_arm_v2/build/fake_trigger/prefix_override:/home/kkkk/miniconda3/envs/ikpy/lib/python3.10/site-packages/colcon_core/task/python/colcon_distutils_commands:/home/kkkk/bxi_arm_v2/install/fake_trigger/lib/python3.10/site-packages:${PYTHONPATH} /home/kkkk/miniconda3/envs/ikpy/bin/python3.10 -W ignore:setup.py install is deprecated -W ignore:easy_install command is deprecated setup.py egg_info --egg-base ../../build/fake_trigger build --build-base /home/kkkk/bxi_arm_v2/build/fake_trigger/build install --record /home/kkkk/bxi_arm_v2/build/fake_trigger/install.log --single-version-externally-managed install_data[0m
[2.773s] [34mcolcon.colcon_core.event_handler.log_command[0m [1;30mDEBUG[0m [32mInvoking command in '/home/kkkk/bxi_arm_v2/src/bxi_rl_controller_ros2_example/src/bxi_example_py_ankle': CONDA_PROMPT_MODIFIER=(ikpy) PYTHONPATH=/home/kkkk/bxi_arm_v2/build/bxi_example_py_ankle/prefix_override:/home/kkkk/miniconda3/envs/ikpy/lib/python3.10/site-packages/colcon_core/task/python/colcon_distutils_commands:/home/kkkk/bxi_arm_v2/install/bxi_example_py_ankle/lib/python3.10/site-packages:${PYTHONPATH} /home/kkkk/miniconda3/envs/ikpy/bin/python3.10 -W ignore:setup.py install is deprecated -W ignore:easy_install command is deprecated setup.py egg_info --egg-base ../../../../build/bxi_example_py_ankle build --build-base /home/kkkk/bxi_arm_v2/build/bxi_example_py_ankle/build install --record /home/kkkk/bxi_arm_v2/build/bxi_example_py_ankle/install.log --single-version-externally-managed install_data[0m
[2.773s] [34mcolcon.colcon_core.event_handler.log_command[0m [1;30mDEBUG[0m [32mInvoking command in '/home/kkkk/bxi_arm_v2/src/bxi_rl_controller_ros2_example/src/bxi_example_py_elf3': CONDA_PROMPT_MODIFIER=(ikpy) PYTHONPATH=/home/kkkk/bxi_arm_v2/build/bxi_example_py_elf3/prefix_override:/home/kkkk/miniconda3/envs/ikpy/lib/python3.10/site-packages/colcon_core/task/python/colcon_distutils_commands:/home/kkkk/bxi_arm_v2/install/bxi_example_py_elf3/lib/python3.10/site-packages:${PYTHONPATH} /home/kkkk/miniconda3/envs/ikpy/bin/python3.10 -W ignore:setup.py install is deprecated -W ignore:easy_install command is deprecated setup.py egg_info --egg-base ../../../../build/bxi_example_py_elf3 build --build-base /home/kkkk/bxi_arm_v2/build/bxi_example_py_elf3/build install --record /home/kkkk/bxi_arm_v2/build/bxi_example_py_elf3/install.log --single-version-externally-managed install_data[0m
[2.774s] [34mcolcon.colcon_core.event_handler.log_command[0m [1;30mDEBUG[0m [32mInvoking command in '/home/kkkk/bxi_arm_v2/src/hand_control': CONDA_PROMPT_MODIFIER=(ikpy) PYTHONPATH=/home/kkkk/bxi_arm_v2/build/hand_control/prefix_override:/home/kkkk/miniconda3/envs/ikpy/lib/python3.10/site-packages/colcon_core/task/python/colcon_distutils_commands:/home/kkkk/bxi_arm_v2/install/hand_control/lib/python3.10/site-packages:${PYTHONPATH} /home/kkkk/miniconda3/envs/ikpy/bin/python3.10 -W ignore:setup.py install is deprecated -W ignore:easy_install command is deprecated setup.py egg_info --egg-base ../../build/hand_control build --build-base /home/kkkk/bxi_arm_v2/build/hand_control/build install --record /home/kkkk/bxi_arm_v2/build/hand_control/install.log --single-version-externally-managed install_data[0m
[2.775s] [34mcolcon.colcon_core.event_handler.log_command[0m [1;30mDEBUG[0m [32mInvoking command in '/home/kkkk/bxi_arm_v2/src/bxi_rl_controller_ros2_example/src/bxi_example_py_trunk': CONDA_PROMPT_MODIFIER=(ikpy) PYTHONPATH=/home/kkkk/bxi_arm_v2/build/bxi_example_py_trunk/prefix_override:/home/kkkk/miniconda3/envs/ikpy/lib/python3.10/site-packages/colcon_core/task/python/colcon_distutils_commands:/home/kkkk/bxi_arm_v2/install/bxi_example_py_trunk/lib/python3.10/site-packages:${PYTHONPATH} /home/kkkk/miniconda3/envs/ikpy/bin/python3.10 -W ignore:setup.py install is deprecated -W ignore:easy_install command is deprecated setup.py egg_info --egg-base ../../../../build/bxi_example_py_trunk build --build-base /home/kkkk/bxi_arm_v2/build/bxi_example_py_trunk/build install --record /home/kkkk/bxi_arm_v2/build/bxi_example_py_trunk/install.log --single-version-externally-managed install_data[0m
[2.776s] [34mcolcon.colcon_core.event_handler.log_command[0m [1;30mDEBUG[0m [32mInvoking command in '/home/kkkk/bxi_arm_v2/src/aero-hand-open/src/aero_hand_open_description': CONDA_PROMPT_MODIFIER=(ikpy) PYTHONPATH=/home/kkkk/bxi_arm_v2/build/aero_hand_open_description/prefix_override:/home/kkkk/miniconda3/envs/ikpy/lib/python3.10/site-packages/colcon_core/task/python/colcon_distutils_commands:/home/kkkk/bxi_arm_v2/install/aero_hand_open_description/lib/python3.10/site-packages:${PYTHONPATH} /home/kkkk/miniconda3/envs/ikpy/bin/python3.10 -W ignore:setup.py install is deprecated -W ignore:easy_install command is deprecated setup.py egg_info --egg-base ../../../../build/aero_hand_open_description build --build-base /home/kkkk/bxi_arm_v2/build/aero_hand_open_description/build install --record /home/kkkk/bxi_arm_v2/build/aero_hand_open_description/install.log --single-version-externally-managed install_data[0m
[2.777s] [34mcolcon.colcon_core.event_handler.log_command[0m [1;30mDEBUG[0m [32mInvoking command in '/home/kkkk/bxi_arm_v2/src/bxi_rl_controller_ros2_example/src/bxi_example_py_armrc': CONDA_PROMPT_MODIFIER=(ikpy) PYTHONPATH=/home/kkkk/bxi_arm_v2/build/bxi_example_py_armrc/prefix_override:/home/kkkk/miniconda3/envs/ikpy/lib/python3.10/site-packages/colcon_core/task/python/colcon_distutils_commands:/home/kkkk/bxi_arm_v2/install/bxi_example_py_armrc/lib/python3.10/site-packages:${PYTHONPATH} /home/kkkk/miniconda3/envs/ikpy/bin/python3.10 -W ignore:setup.py install is deprecated -W ignore:easy_install command is deprecated setup.py egg_info --egg-base ../../../../build/bxi_example_py_armrc build --build-base /home/kkkk/bxi_arm_v2/build/bxi_example_py_armrc/build install --record /home/kkkk/bxi_arm_v2/build/bxi_example_py_armrc/install.log --single-version-externally-managed install_data[0m
[2.993s] [34mcolcon.colcon_core.event_handler.log_command[0m [1;30mDEBUG[0m [32mInvoking command in '/home/kkkk/bxi_arm_v2/src/aero-hand-open/src/aero_hand_open': CMAKE_PREFIX_PATH=/home/kkkk/bxi_arm_v2/install/aero_hand_open_msgs:/home/kkkk/bxi_arm_v2/install/remote_controller:/home/kkkk/bxi_arm_v2/install/pico_bxi_server:/home/kkkk/bxi_arm_v2/install/bxi_example_arm:/home/kkkk/bxi_arm_v2/install/bxi_example:/home/kkkk/moveit2/install/pilz_industrial_motion_planner_testutils:/home/kkkk/moveit2/install/moveit_runtime:/home/kkkk/moveit2/install/moveit2_tutorials:/home/kkkk/moveit2/install/moveit:/home/kkkk/moveit2/install/moveit_planners:/home/kkkk/moveit2/install/pilz_industrial_motion_planner:/home/kkkk/moveit2/install/moveit_visual_tools:/home/kkkk/moveit2/install/moveit_task_constructor_visualization:/home/kkkk/moveit2/install/moveit_task_constructor_demo:/home/kkkk/moveit2/install/moveit_task_constructor_capabilities:/home/kkkk/moveit2/install/moveit_task_constructor_core:/home/kkkk/moveit2/install/moveit_ros_control_interface:/home/kkkk/moveit2/install/moveit_plugins:/home/kkkk/moveit2/install/moveit_simple_controller_manager:/home/kkkk/moveit2/install/moveit_setup_assistant:/home/kkkk/moveit2/install/moveit_setup_srdf_plugins:/home/kkkk/moveit2/install/moveit_setup_core_plugins:/home/kkkk/moveit2/install/moveit_setup_controllers:/home/kkkk/moveit2/install/moveit_setup_app_plugins:/home/kkkk/moveit2/install/moveit_setup_framework:/home/kkkk/moveit2/install/moveit_servo:/home/kkkk/moveit2/install/moveit_ros:/home/kkkk/moveit2/install/moveit_ros_visualization:/home/kkkk/moveit2/install/moveit_py:/home/kkkk/moveit2/install/moveit_hybrid_planning:/home/kkkk/moveit2/install/moveit_ros_planning_interface:/home/kkkk/moveit2/install/moveit_ros_benchmarks:/home/kkkk/moveit2/install/moveit_ros_warehouse:/home/kkkk/moveit2/install/moveit_ros_robot_interaction:/home/kkkk/moveit2/install/moveit_ros_perception:/home/kkkk/moveit2/install/moveit_resources_prbt_pg70_support:/home/kkkk/moveit2/install/moveit_resources_prbt_moveit_config:/home/kkkk/moveit2/install/moveit_ros_move_group:/home/kkkk/moveit2/install/moveit_planners_ompl:/home/kkkk/moveit2/install/moveit_ros_planning:/home/kkkk/moveit2/install/moveit_ros_occupancy_map_monitor:/home/kkkk/moveit2/install/moveit_resources_prbt_ikfast_manipulator_plugin:/home/kkkk/moveit2/install/moveit_planners_chomp:/home/kkkk/moveit2/install/moveit_kinematics:/home/kkkk/moveit2/install/moveit_chomp_optimizer_adapter:/home/kkkk/moveit2/install/chomp_motion_planner:/home/kkkk/moveit2/install/moveit_core:/home/kkkk/moveit2/install/srdfdom:/home/kkkk/moveit2/install/rviz_marker_tools:/home/kkkk/moveit2/install/rosparam_shortcuts:/home/kkkk/moveit2/install/moveit_task_constructor_msgs:/home/kkkk/moveit2/install/moveit_resources_prbt_support:/home/kkkk/moveit2/install/moveit_resources:/home/kkkk/moveit2/install/moveit_resources_pr2_description:/home/kkkk/moveit2/install/moveit_resources_panda_moveit_config:/home/kkkk/moveit2/install/moveit_resources_panda_description:/home/kkkk/moveit2/install/moveit_resources_fanuc_moveit_config:/home/kkkk/moveit2/install/moveit_resources_fanuc_description:/home/kkkk/moveit2/install/moveit_common:/home/kkkk/ws_rviz2/install/rviz_visual_testing_framework:/home/kkkk/ws_rviz2/install/rviz_rendering_tests:/home/kkkk/ws_rviz2/install/rviz2:/home/kkkk/ws_rviz2/install/rviz_default_plugins:/home/kkkk/ws_rviz2/install/rviz_common:/home/kkkk/ws_rviz2/install/rviz_rendering:/home/kkkk/ws_rviz2/install/rviz_ogre_vendor:/home/kkkk/ws_rviz2/install/rviz_assimp_vendor:/home/kkkk/bxi_ros2_pkg CONDA_PROMPT_MODIFIER=(ikpy) PYTHONPATH=/home/kkkk/bxi_arm_v2/build/aero_hand_open/prefix_override:/home/kkkk/miniconda3/envs/ikpy/lib/python3.10/site-packages/colcon_core/task/python/colcon_distutils_commands:/home/kkkk/bxi_arm_v2/install/aero_hand_open/lib/python3.10/site-packages:/home/kkkk/bxi_arm_v2/install/aero_hand_open_msgs/lib/python3.10/site-packages:/home/kkkk/bxi_arm_v2/install/hand_control/lib/python3.10/site-packages:/home/kkkk/bxi_arm_v2/install/fake_trigger/lib/python3.10/site-packages:/home/kkkk/bxi_arm_v2/install/elf3_arm_ikpy_control_pico/lib/python3.10/site-packages:/home/kkkk/bxi_arm_v2/install/elf3_arm_bringup/lib/python3.10/site-packages:/home/kkkk/bxi_arm_v2/install/bxi_example_py_trunk_neck/lib/python3.10/site-packages:/home/kkkk/bxi_arm_v2/install/bxi_example_py_trunk/lib/python3.10/site-packages:/home/kkkk/bxi_arm_v2/install/bxi_example_py_foot/lib/python3.10/site-packages:/home/kkkk/bxi_arm_v2/install/bxi_example_py_elf3/lib/python3.10/site-packages:/home/kkkk/bxi_arm_v2/install/bxi_example_py_armrc/lib/python3.10/site-packages:/home/kkkk/bxi_arm_v2/install/bxi_example_py_arm/lib/python3.10/site-packages:/home/kkkk/bxi_arm_v2/install/bxi_example_py_ankle/lib/python3.10/site-packages:/home/kkkk/bxi_arm_v2/install/bxi_example_py/lib/python3.10/site-packages:/home/kkkk/bxi_arm_v2/install/aero_hand_open_teleop/lib/python3.10/site-packages:/home/kkkk/bxi_arm_v2/install/aero_hand_open_rl/lib/python3.10/site-packages:/home/kkkk/bxi_arm_v2/install/aero_hand_open/lib/python3.10/site-packages:/home/kkkk/bxi_arm_v2/install/aero_hand_open_description/lib/python3.10/site-packages:/home/kkkk/moveit2/install/moveit_task_constructor_core/local/lib/python3.10/dist-packages:/home/kkkk/moveit2/install/moveit_py/local/lib/python3.10/dist-packages:/home/kkkk/moveit2/install/moveit_configs_utils/lib/python3.10/site-packages:/home/kkkk/moveit2/install/srdfdom/local/lib/python3.10/dist-packages:/home/kkkk/moveit2/install/moveit_task_constructor_msgs/local/lib/python3.10/dist-packages:/home/kkkk/moveit2/install/launch_param_builder/lib/python3.10/site-packages:/home/kkkk/bxi_ros2_pkg/local/lib/python3.10/dist-packages:/opt/ros/humble/lib/python3.10/site-packages:/opt/ros/humble/local/lib/python3.10/dist-packages /home/kkkk/miniconda3/envs/ikpy/bin/python3.10 -W ignore:setup.py install is deprecated -W ignore:easy_install command is deprecated setup.py egg_info --egg-base ../../../../build/aero_hand_open build --build-base /home/kkkk/bxi_arm_v2/build/aero_hand_open/build install --record /home/kkkk/bxi_arm_v2/build/aero_hand_open/install.log --single-version-externally-managed install_data[0m
[3.369s] [34mcolcon.colcon_core.environment[0m [1;30mLevel 1[0m checking '/home/kkkk/bxi_arm_v2/install/bxi_example_py_elf3' for CMake module files
[3.369s] [34mcolcon.colcon_core.environment[0m [1;30mLevel 1[0m checking '/home/kkkk/bxi_arm_v2/install/bxi_example_py_elf3' for CMake config files
[3.370s] [34mcolcon.colcon_core.environment[0m [1;30mLevel 1[0m checking '/home/kkkk/bxi_arm_v2/install/bxi_example_py_elf3/lib'
[3.371s] [34mcolcon.colcon_core.environment[0m [1;30mLevel 1[0m checking '/home/kkkk/bxi_arm_v2/install/bxi_example_py_elf3/bin'
[3.371s] [34mcolcon.colcon_core.environment[0m [1;30mLevel 1[0m checking '/home/kkkk/bxi_arm_v2/install/bxi_example_py_elf3/lib/pkgconfig/bxi_example_py_elf3.pc'
[3.372s] [34mcolcon.colcon_core.environment[0m [1;30mLevel 1[0m checking '/home/kkkk/bxi_arm_v2/install/bxi_example_py_elf3/lib/python3.10/site-packages'
[3.376s] [34mcolcon.colcon_core.shell[0m [1;30mLevel 1[0m create_environment_hook('bxi_example_py_elf3', 'pythonpath')
[3.377s] [34mcolcon.colcon_core.shell[0m [1;30mINFO[0m Creating environment hook '/home/kkkk/bxi_arm_v2/install/bxi_example_py_elf3/share/bxi_example_py_elf3/hook/pythonpath.ps1'
[3.378s] [34mcolcon.colcon_core.shell[0m [1;30mINFO[0m Creating environment descriptor '/home/kkkk/bxi_arm_v2/install/bxi_example_py_elf3/share/bxi_example_py_elf3/hook/pythonpath.dsv'
[3.378s] [34mcolcon.colcon_core.shell[0m [1;30mINFO[0m Creating environment hook '/home/kkkk/bxi_arm_v2/install/bxi_example_py_elf3/share/bxi_example_py_elf3/hook/pythonpath.sh'
[3.379s] [34mcolcon.colcon_core.environment[0m [1;30mLevel 1[0m checking '/home/kkkk/bxi_arm_v2/install/bxi_example_py_elf3/bin'
[3.379s] [34mcolcon.colcon_core.environment[0m [1;30mLevel 1[0m create_environment_scripts_only(bxi_example_py_elf3)
[3.375s] [34mcolcon.colcon_core.event_handler.log_command[0m [1;30mDEBUG[0m [32mInvoked command in '/home/kkkk/bxi_arm_v2/src/bxi_rl_controller_ros2_example/src/bxi_example_py_elf3' returned '0': CONDA_PROMPT_MODIFIER=(ikpy) PYTHONPATH=/home/kkkk/bxi_arm_v2/build/bxi_example_py_elf3/prefix_override:/home/kkkk/miniconda3/envs/ikpy/lib/python3.10/site-packages/colcon_core/task/python/colcon_distutils_commands:/home/kkkk/bxi_arm_v2/install/bxi_example_py_elf3/lib/python3.10/site-packages:${PYTHONPATH} /home/kkkk/miniconda3/envs/ikpy/bin/python3.10 -W ignore:setup.py install is deprecated -W ignore:easy_install command is deprecated setup.py egg_info --egg-base ../../../../build/bxi_example_py_elf3 build --build-base /home/kkkk/bxi_arm_v2/build/bxi_example_py_elf3/build install --record /home/kkkk/bxi_arm_v2/build/bxi_example_py_elf3/install.log --single-version-externally-managed install_data[0m
[3.384s] [34mcolcon.colcon_core.shell[0m [1;30mINFO[0m Creating package script '/home/kkkk/bxi_arm_v2/install/bxi_example_py_elf3/share/bxi_example_py_elf3/package.ps1'
[3.387s] [34mcolcon.colcon_core.shell[0m [1;30mINFO[0m Creating package descriptor '/home/kkkk/bxi_arm_v2/install/bxi_example_py_elf3/share/bxi_example_py_elf3/package.dsv'
[3.387s] [34mcolcon.colcon_core.shell[0m [1;30mINFO[0m Creating package script '/home/kkkk/bxi_arm_v2/install/bxi_example_py_elf3/share/bxi_example_py_elf3/package.sh'
[3.388s] [34mcolcon.colcon_core.shell[0m [1;30mINFO[0m Creating package script '/home/kkkk/bxi_arm_v2/install/bxi_example_py_elf3/share/bxi_example_py_elf3/package.bash'
[3.389s] [34mcolcon.colcon_core.shell[0m [1;30mINFO[0m Creating package script '/home/kkkk/bxi_arm_v2/install/bxi_example_py_elf3/share/bxi_example_py_elf3/package.zsh'
[3.389s] [34mcolcon.colcon_core.environment[0m [1;30mLevel 1[0m create_file_with_runtime_dependencies(/home/kkkk/bxi_arm_v2/install/bxi_example_py_elf3/share/colcon-core/packages/bxi_example_py_elf3)
[3.392s] [34mcolcon.colcon_core.environment[0m [1;30mLevel 1[0m checking '/home/kkkk/bxi_arm_v2/install/bxi_example_py_foot' for CMake module files
[3.398s] [34mcolcon.colcon_core.event_handler.log_command[0m [1;30mDEBUG[0m [32mInvoked command in '/home/kkkk/bxi_arm_v2/src/bxi_rl_controller_ros2_example/src/bxi_example_py_foot' returned '0': CONDA_PROMPT_MODIFIER=(ikpy) PYTHONPATH=/home/kkkk/bxi_arm_v2/build/bxi_example_py_foot/prefix_override:/home/kkkk/miniconda3/envs/ikpy/lib/python3.10/site-packages/colcon_core/task/python/colcon_distutils_commands:/home/kkkk/bxi_arm_v2/install/bxi_example_py_foot/lib/python3.10/site-packages:${PYTHONPATH} /home/kkkk/miniconda3/envs/ikpy/bin/python3.10 -W ignore:setup.py install is deprecated -W ignore:easy_install command is deprecated setup.py egg_info --egg-base ../../../../build/bxi_example_py_foot build --build-base /home/kkkk/bxi_arm_v2/build/bxi_example_py_foot/build install --record /home/kkkk/bxi_arm_v2/build/bxi_example_py_foot/install.log --single-version-externally-managed install_data[0m
[3.399s] [34mcolcon.colcon_core.environment[0m [1;30mLevel 1[0m checking '/home/kkkk/bxi_arm_v2/install/bxi_example_py_foot' for CMake config files
[3.399s] [34mcolcon.colcon_core.environment[0m [1;30mLevel 1[0m checking '/home/kkkk/bxi_arm_v2/install/bxi_example_py_foot/lib'
[3.400s] [34mcolcon.colcon_core.environment[0m [1;30mLevel 1[0m checking '/home/kkkk/bxi_arm_v2/install/bxi_example_py_foot/bin'
[3.400s] [34mcolcon.colcon_core.environment[0m [1;30mLevel 1[0m checking '/home/kkkk/bxi_arm_v2/install/bxi_example_py_foot/lib/pkgconfig/bxi_example_py_foot.pc'
[3.400s] [34mcolcon.colcon_core.environment[0m [1;30mLevel 1[0m checking '/home/kkkk/bxi_arm_v2/install/bxi_example_py_foot/lib/python3.10/site-packages'
[3.400s] [34mcolcon.colcon_core.shell[0m [1;30mLevel 1[0m create_environment_hook('bxi_example_py_foot', 'pythonpath')
[3.400s] [34mcolcon.colcon_core.shell[0m [1;30mINFO[0m Creating environment hook '/home/kkkk/bxi_arm_v2/install/bxi_example_py_foot/share/bxi_example_py_foot/hook/pythonpath.ps1'
[3.401s] [34mcolcon.colcon_core.shell[0m [1;30mINFO[0m Creating environment descriptor '/home/kkkk/bxi_arm_v2/install/bxi_example_py_foot/share/bxi_example_py_foot/hook/pythonpath.dsv'
[3.402s] [34mcolcon.colcon_core.shell[0m [1;30mINFO[0m Creating environment hook '/home/kkkk/bxi_arm_v2/install/bxi_example_py_foot/share/bxi_example_py_foot/hook/pythonpath.sh'
[3.403s] [34mcolcon.colcon_core.environment[0m [1;30mLevel 1[0m checking '/home/kkkk/bxi_arm_v2/install/bxi_example_py_foot/bin'
[3.403s] [34mcolcon.colcon_core.environment[0m [1;30mLevel 1[0m create_environment_scripts_only(bxi_example_py_foot)
[3.403s] [34mcolcon.colcon_core.shell[0m [1;30mINFO[0m Creating package script '/home/kkkk/bxi_arm_v2/install/bxi_example_py_foot/share/bxi_example_py_foot/package.ps1'
[3.404s] [34mcolcon.colcon_core.shell[0m [1;30mINFO[0m Creating package descriptor '/home/kkkk/bxi_arm_v2/install/bxi_example_py_foot/share/bxi_example_py_foot/package.dsv'
[3.406s] [34mcolcon.colcon_core.shell[0m [1;30mINFO[0m Creating package script '/home/kkkk/bxi_arm_v2/install/bxi_example_py_foot/share/bxi_example_py_foot/package.sh'
[3.406s] [34mcolcon.colcon_core.shell[0m [1;30mINFO[0m Creating package script '/home/kkkk/bxi_arm_v2/install/bxi_example_py_foot/share/bxi_example_py_foot/package.bash'
[3.407s] [34mcolcon.colcon_core.shell[0m [1;30mINFO[0m Creating package script '/home/kkkk/bxi_arm_v2/install/bxi_example_py_foot/share/bxi_example_py_foot/package.zsh'
[3.407s] [34mcolcon.colcon_core.environment[0m [1;30mLevel 1[0m create_file_with_runtime_dependencies(/home/kkkk/bxi_arm_v2/install/bxi_example_py_foot/share/colcon-core/packages/bxi_example_py_foot)
[3.408s] [34mcolcon.colcon_core.environment[0m [1;30mLevel 1[0m checking '/home/kkkk/bxi_arm_v2/install/bxi_example_py_ankle' for CMake module files
[3.408s] [34mcolcon.colcon_core.environment[0m [1;30mLevel 1[0m checking '/home/kkkk/bxi_arm_v2/install/bxi_example_py_ankle' for CMake config files
[3.409s] [34mcolcon.colcon_core.event_handler.log_command[0m [1;30mDEBUG[0m [32mInvoked command in '/home/kkkk/bxi_arm_v2/src/bxi_rl_controller_ros2_example/src/bxi_example_py_ankle' returned '0': CONDA_PROMPT_MODIFIER=(ikpy) PYTHONPATH=/home/kkkk/bxi_arm_v2/build/bxi_example_py_ankle/prefix_override:/home/kkkk/miniconda3/envs/ikpy/lib/python3.10/site-packages/colcon_core/task/python/colcon_distutils_commands:/home/kkkk/bxi_arm_v2/install/bxi_example_py_ankle/lib/python3.10/site-packages:${PYTHONPATH} /home/kkkk/miniconda3/envs/ikpy/bin/python3.10 -W ignore:setup.py install is deprecated -W ignore:easy_install command is deprecated setup.py egg_info --egg-base ../../../../build/bxi_example_py_ankle build --build-base /home/kkkk/bxi_arm_v2/build/bxi_example_py_ankle/build install --record /home/kkkk/bxi_arm_v2/build/bxi_example_py_ankle/install.log --single-version-externally-managed install_data[0m
[3.410s] [34mcolcon.colcon_core.environment[0m [1;30mLevel 1[0m checking '/home/kkkk/bxi_arm_v2/install/bxi_example_py_ankle/lib'
[3.410s] [34mcolcon.colcon_core.environment[0m [1;30mLevel 1[0m checking '/home/kkkk/bxi_arm_v2/install/bxi_example_py_ankle/bin'
[3.410s] [34mcolcon.colcon_core.environment[0m [1;30mLevel 1[0m checking '/home/kkkk/bxi_arm_v2/install/bxi_example_py_ankle/lib/pkgconfig/bxi_example_py_ankle.pc'
[3.410s] [34mcolcon.colcon_core.environment[0m [1;30mLevel 1[0m checking '/home/kkkk/bxi_arm_v2/install/bxi_example_py_ankle/lib/python3.10/site-packages'
[3.410s] [34mcolcon.colcon_core.shell[0m [1;30mLevel 1[0m create_environment_hook('bxi_example_py_ankle', 'pythonpath')
[3.411s] [34mcolcon.colcon_core.shell[0m [1;30mINFO[0m Creating environment hook '/home/kkkk/bxi_arm_v2/install/bxi_example_py_ankle/share/bxi_example_py_ankle/hook/pythonpath.ps1'
[3.411s] [34mcolcon.colcon_core.shell[0m [1;30mINFO[0m Creating environment descriptor '/home/kkkk/bxi_arm_v2/install/bxi_example_py_ankle/share/bxi_example_py_ankle/hook/pythonpath.dsv'
[3.412s] [34mcolcon.colcon_core.shell[0m [1;30mINFO[0m Creating environment hook '/home/kkkk/bxi_arm_v2/install/bxi_example_py_ankle/share/bxi_example_py_ankle/hook/pythonpath.sh'
[3.413s] [34mcolcon.colcon_core.environment[0m [1;30mLevel 1[0m checking '/home/kkkk/bxi_arm_v2/install/bxi_example_py_ankle/bin'
[3.413s] [34mcolcon.colcon_core.environment[0m [1;30mLevel 1[0m create_environment_scripts_only(bxi_example_py_ankle)
[3.413s] [34mcolcon.colcon_core.shell[0m [1;30mINFO[0m Creating package script '/home/kkkk/bxi_arm_v2/install/bxi_example_py_ankle/share/bxi_example_py_ankle/package.ps1'
[3.414s] [34mcolcon.colcon_core.shell[0m [1;30mINFO[0m Creating package descriptor '/home/kkkk/bxi_arm_v2/install/bxi_example_py_ankle/share/bxi_example_py_ankle/package.dsv'
[3.415s] [34mcolcon.colcon_core.shell[0m [1;30mINFO[0m Creating package script '/home/kkkk/bxi_arm_v2/install/bxi_example_py_ankle/share/bxi_example_py_ankle/package.sh'
[3.415s] [34mcolcon.colcon_core.shell[0m [1;30mINFO[0m Creating package script '/home/kkkk/bxi_arm_v2/install/bxi_example_py_ankle/share/bxi_example_py_ankle/package.bash'
[3.416s] [34mcolcon.colcon_core.shell[0m [1;30mINFO[0m Creating package script '/home/kkkk/bxi_arm_v2/install/bxi_example_py_ankle/share/bxi_example_py_ankle/package.zsh'
[3.416s] [34mcolcon.colcon_core.environment[0m [1;30mLevel 1[0m create_file_with_runtime_dependencies(/home/kkkk/bxi_arm_v2/install/bxi_example_py_ankle/share/colcon-core/packages/bxi_example_py_ankle)
[3.417s] [34mcolcon.colcon_core.environment[0m [1;30mLevel 1[0m checking '/home/kkkk/bxi_arm_v2/install/fake_trigger' for CMake module files
[3.418s] [34mcolcon.colcon_core.event_handler.log_command[0m [1;30mDEBUG[0m [32mInvoked command in '/home/kkkk/bxi_arm_v2/src/fake_trigger' returned '0': CONDA_PROMPT_MODIFIER=(ikpy) PYTHONPATH=/home/kkkk/bxi_arm_v2/build/fake_trigger/prefix_override:/home/kkkk/miniconda3/envs/ikpy/lib/python3.10/site-packages/colcon_core/task/python/colcon_distutils_commands:/home/kkkk/bxi_arm_v2/install/fake_trigger/lib/python3.10/site-packages:${PYTHONPATH} /home/kkkk/miniconda3/envs/ikpy/bin/python3.10 -W ignore:setup.py install is deprecated -W ignore:easy_install command is deprecated setup.py egg_info --egg-base ../../build/fake_trigger build --build-base /home/kkkk/bxi_arm_v2/build/fake_trigger/build install --record /home/kkkk/bxi_arm_v2/build/fake_trigger/install.log --single-version-externally-managed install_data[0m
[3.418s] [34mcolcon.colcon_core.environment[0m [1;30mLevel 1[0m checking '/home/kkkk/bxi_arm_v2/install/fake_trigger' for CMake config files
[3.419s] [34mcolcon.colcon_core.environment[0m [1;30mLevel 1[0m checking '/home/kkkk/bxi_arm_v2/install/fake_trigger/lib'
[3.419s] [34mcolcon.colcon_core.environment[0m [1;30mLevel 1[0m checking '/home/kkkk/bxi_arm_v2/install/fake_trigger/bin'
[3.419s] [34mcolcon.colcon_core.environment[0m [1;30mLevel 1[0m checking '/home/kkkk/bxi_arm_v2/install/fake_trigger/lib/pkgconfig/fake_trigger.pc'
[3.419s] [34mcolcon.colcon_core.environment[0m [1;30mLevel 1[0m checking '/home/kkkk/bxi_arm_v2/install/fake_trigger/lib/python3.10/site-packages'
[3.420s] [34mcolcon.colcon_core.shell[0m [1;30mLevel 1[0m create_environment_hook('fake_trigger', 'pythonpath')
[3.420s] [34mcolcon.colcon_core.shell[0m [1;30mINFO[0m Creating environment hook '/home/kkkk/bxi_arm_v2/install/fake_trigger/share/fake_trigger/hook/pythonpath.ps1'
[3.421s] [34mcolcon.colcon_core.shell[0m [1;30mINFO[0m Creating environment descriptor '/home/kkkk/bxi_arm_v2/install/fake_trigger/share/fake_trigger/hook/pythonpath.dsv'
[3.421s] [34mcolcon.colcon_core.shell[0m [1;30mINFO[0m Creating environment hook '/home/kkkk/bxi_arm_v2/install/fake_trigger/share/fake_trigger/hook/pythonpath.sh'
[3.422s] [34mcolcon.colcon_core.environment[0m [1;30mLevel 1[0m checking '/home/kkkk/bxi_arm_v2/install/fake_trigger/bin'
[3.422s] [34mcolcon.colcon_core.environment[0m [1;30mLevel 1[0m create_environment_scripts_only(fake_trigger)
[3.423s] [34mcolcon.colcon_core.shell[0m [1;30mINFO[0m Creating package script '/home/kkkk/bxi_arm_v2/install/fake_trigger/share/fake_trigger/package.ps1'
[3.423s] [34mcolcon.colcon_core.shell[0m [1;30mINFO[0m Creating package descriptor '/home/kkkk/bxi_arm_v2/install/fake_trigger/share/fake_trigger/package.dsv'
[3.423s] [34mcolcon.colcon_core.shell[0m [1;30mINFO[0m Creating package script '/home/kkkk/bxi_arm_v2/install/fake_trigger/share/fake_trigger/package.sh'
[3.424s] [34mcolcon.colcon_core.shell[0m [1;30mINFO[0m Creating package script '/home/kkkk/bxi_arm_v2/install/fake_trigger/share/fake_trigger/package.bash'
[3.424s] [34mcolcon.colcon_core.shell[0m [1;30mINFO[0m Creating package script '/home/kkkk/bxi_arm_v2/install/fake_trigger/share/fake_trigger/package.zsh'
[3.424s] [34mcolcon.colcon_core.environment[0m [1;30mLevel 1[0m create_file_with_runtime_dependencies(/home/kkkk/bxi_arm_v2/install/fake_trigger/share/colcon-core/packages/fake_trigger)
[3.426s] [34mcolcon.colcon_core.environment[0m [1;30mLevel 1[0m checking '/home/kkkk/bxi_arm_v2/install/aero_hand_open_description' for CMake module files
[3.429s] [34mcolcon.colcon_core.event_handler.log_command[0m [1;30mDEBUG[0m [32mInvoked command in '/home/kkkk/bxi_arm_v2/src/aero-hand-open/src/aero_hand_open_description' returned '0': CONDA_PROMPT_MODIFIER=(ikpy) PYTHONPATH=/home/kkkk/bxi_arm_v2/build/aero_hand_open_description/prefix_override:/home/kkkk/miniconda3/envs/ikpy/lib/python3.10/site-packages/colcon_core/task/python/colcon_distutils_commands:/home/kkkk/bxi_arm_v2/install/aero_hand_open_description/lib/python3.10/site-packages:${PYTHONPATH} /home/kkkk/miniconda3/envs/ikpy/bin/python3.10 -W ignore:setup.py install is deprecated -W ignore:easy_install command is deprecated setup.py egg_info --egg-base ../../../../build/aero_hand_open_description build --build-base /home/kkkk/bxi_arm_v2/build/aero_hand_open_description/build install --record /home/kkkk/bxi_arm_v2/build/aero_hand_open_description/install.log --single-version-externally-managed install_data[0m
[3.430s] [34mcolcon.colcon_core.environment[0m [1;30mLevel 1[0m checking '/home/kkkk/bxi_arm_v2/install/aero_hand_open_description' for CMake config files
[3.430s] [34mcolcon.colcon_core.environment[0m [1;30mLevel 1[0m checking '/home/kkkk/bxi_arm_v2/install/aero_hand_open_description/lib'
[3.430s] [34mcolcon.colcon_core.environment[0m [1;30mLevel 1[0m checking '/home/kkkk/bxi_arm_v2/install/aero_hand_open_description/bin'
[3.431s] [34mcolcon.colcon_core.environment[0m [1;30mLevel 1[0m checking '/home/kkkk/bxi_arm_v2/install/aero_hand_open_description/lib/pkgconfig/aero_hand_open_description.pc'
[3.431s] [34mcolcon.colcon_core.environment[0m [1;30mLevel 1[0m checking '/home/kkkk/bxi_arm_v2/install/aero_hand_open_description/lib/python3.10/site-packages'
[3.431s] [34mcolcon.colcon_core.shell[0m [1;30mLevel 1[0m create_environment_hook('aero_hand_open_description', 'pythonpath')
[3.431s] [34mcolcon.colcon_core.shell[0m [1;30mINFO[0m Creating environment hook '/home/kkkk/bxi_arm_v2/install/aero_hand_open_description/share/aero_hand_open_description/hook/pythonpath.ps1'
[3.432s] [34mcolcon.colcon_core.shell[0m [1;30mINFO[0m Creating environment descriptor '/home/kkkk/bxi_arm_v2/install/aero_hand_open_description/share/aero_hand_open_description/hook/pythonpath.dsv'
[3.432s] [34mcolcon.colcon_core.shell[0m [1;30mINFO[0m Creating environment hook '/home/kkkk/bxi_arm_v2/install/aero_hand_open_description/share/aero_hand_open_description/hook/pythonpath.sh'
[3.433s] [34mcolcon.colcon_core.environment[0m [1;30mLevel 1[0m checking '/home/kkkk/bxi_arm_v2/install/aero_hand_open_description/bin'
[3.434s] [34mcolcon.colcon_core.environment[0m [1;30mLevel 1[0m create_environment_scripts_only(aero_hand_open_description)
[3.434s] [34mcolcon.colcon_core.shell[0m [1;30mINFO[0m Creating package script '/home/kkkk/bxi_arm_v2/install/aero_hand_open_description/share/aero_hand_open_description/package.ps1'
[3.435s] [34mcolcon.colcon_core.shell[0m [1;30mINFO[0m Creating package descriptor '/home/kkkk/bxi_arm_v2/install/aero_hand_open_description/share/aero_hand_open_description/package.dsv'
[3.435s] [34mcolcon.colcon_core.shell[0m [1;30mINFO[0m Creating package script '/home/kkkk/bxi_arm_v2/install/aero_hand_open_description/share/aero_hand_open_description/package.sh'
[3.435s] [34mcolcon.colcon_core.shell[0m [1;30mINFO[0m Creating package script '/home/kkkk/bxi_arm_v2/install/aero_hand_open_description/share/aero_hand_open_description/package.bash'
[3.436s] [34mcolcon.colcon_core.shell[0m [1;30mINFO[0m Creating package script '/home/kkkk/bxi_arm_v2/install/aero_hand_open_description/share/aero_hand_open_description/package.zsh'
[3.436s] [34mcolcon.colcon_core.environment[0m [1;30mLevel 1[0m create_file_with_runtime_dependencies(/home/kkkk/bxi_arm_v2/install/aero_hand_open_description/share/colcon-core/packages/aero_hand_open_description)
[3.438s] [34mcolcon.colcon_core.environment[0m [1;30mLevel 1[0m checking '/home/kkkk/bxi_arm_v2/install/bxi_example_py_arm' for CMake module files
[3.438s] [34mcolcon.colcon_core.environment[0m [1;30mLevel 1[0m checking '/home/kkkk/bxi_arm_v2/install/bxi_example_py_arm' for CMake config files
[3.439s] [34mcolcon.colcon_core.environment[0m [1;30mLevel 1[0m checking '/home/kkkk/bxi_arm_v2/install/bxi_example_py_arm/lib'
[3.439s] [34mcolcon.colcon_core.environment[0m [1;30mLevel 1[0m checking '/home/kkkk/bxi_arm_v2/install/bxi_example_py_arm/bin'
[3.439s] [34mcolcon.colcon_core.environment[0m [1;30mLevel 1[0m checking '/home/kkkk/bxi_arm_v2/install/bxi_example_py_arm/lib/pkgconfig/bxi_example_py_arm.pc'
[3.440s] [34mcolcon.colcon_core.environment[0m [1;30mLevel 1[0m checking '/home/kkkk/bxi_arm_v2/install/bxi_example_py_arm/lib/python3.10/site-packages'
[3.440s] [34mcolcon.colcon_core.shell[0m [1;30mLevel 1[0m create_environment_hook('bxi_example_py_arm', 'pythonpath')
[3.441s] [34mcolcon.colcon_core.shell[0m [1;30mINFO[0m Creating environment hook '/home/kkkk/bxi_arm_v2/install/bxi_example_py_arm/share/bxi_example_py_arm/hook/pythonpath.ps1'
[3.442s] [34mcolcon.colcon_core.event_handler.log_command[0m [1;30mDEBUG[0m [32mInvoked command in '/home/kkkk/bxi_arm_v2/src/bxi_rl_controller_ros2_example/src/bxi_example_py_arm' returned '0': CONDA_PROMPT_MODIFIER=(ikpy) PYTHONPATH=/home/kkkk/bxi_arm_v2/build/bxi_example_py_arm/prefix_override:/home/kkkk/miniconda3/envs/ikpy/lib/python3.10/site-packages/colcon_core/task/python/colcon_distutils_commands:/home/kkkk/bxi_arm_v2/install/bxi_example_py_arm/lib/python3.10/site-packages:${PYTHONPATH} /home/kkkk/miniconda3/envs/ikpy/bin/python3.10 -W ignore:setup.py install is deprecated -W ignore:easy_install command is deprecated setup.py egg_info --egg-base ../../../../build/bxi_example_py_arm build --build-base /home/kkkk/bxi_arm_v2/build/bxi_example_py_arm/build install --record /home/kkkk/bxi_arm_v2/build/bxi_example_py_arm/install.log --single-version-externally-managed install_data[0m
[3.442s] [34mcolcon.colcon_core.shell[0m [1;30mINFO[0m Creating environment descriptor '/home/kkkk/bxi_arm_v2/install/bxi_example_py_arm/share/bxi_example_py_arm/hook/pythonpath.dsv'
[3.443s] [34mcolcon.colcon_core.shell[0m [1;30mINFO[0m Creating environment hook '/home/kkkk/bxi_arm_v2/install/bxi_example_py_arm/share/bxi_example_py_arm/hook/pythonpath.sh'
[3.444s] [34mcolcon.colcon_core.environment[0m [1;30mLevel 1[0m checking '/home/kkkk/bxi_arm_v2/install/bxi_example_py_arm/bin'
[3.444s] [34mcolcon.colcon_core.environment[0m [1;30mLevel 1[0m create_environment_scripts_only(bxi_example_py_arm)
[3.444s] [34mcolcon.colcon_core.shell[0m [1;30mINFO[0m Creating package script '/home/kkkk/bxi_arm_v2/install/bxi_example_py_arm/share/bxi_example_py_arm/package.ps1'
[3.445s] [34mcolcon.colcon_core.shell[0m [1;30mINFO[0m Creating package descriptor '/home/kkkk/bxi_arm_v2/install/bxi_example_py_arm/share/bxi_example_py_arm/package.dsv'
[3.446s] [34mcolcon.colcon_core.shell[0m [1;30mINFO[0m Creating package script '/home/kkkk/bxi_arm_v2/install/bxi_example_py_arm/share/bxi_example_py_arm/package.sh'
[3.446s] [34mcolcon.colcon_core.shell[0m [1;30mINFO[0m Creating package script '/home/kkkk/bxi_arm_v2/install/bxi_example_py_arm/share/bxi_example_py_arm/package.bash'
[3.446s] [34mcolcon.colcon_core.shell[0m [1;30mINFO[0m Creating package script '/home/kkkk/bxi_arm_v2/install/bxi_example_py_arm/share/bxi_example_py_arm/package.zsh'
[3.447s] [34mcolcon.colcon_core.environment[0m [1;30mLevel 1[0m create_file_with_runtime_dependencies(/home/kkkk/bxi_arm_v2/install/bxi_example_py_arm/share/colcon-core/packages/bxi_example_py_arm)
[3.448s] [34mcolcon.colcon_core.environment[0m [1;30mLevel 1[0m checking '/home/kkkk/bxi_arm_v2/install/bxi_example_py_trunk' for CMake module files
[3.449s] [34mcolcon.colcon_core.environment[0m [1;30mLevel 1[0m checking '/home/kkkk/bxi_arm_v2/install/bxi_example_py_trunk' for CMake config files
[3.450s] [34mcolcon.colcon_core.event_handler.log_command[0m [1;30mDEBUG[0m [32mInvoked command in '/home/kkkk/bxi_arm_v2/src/bxi_rl_controller_ros2_example/src/bxi_example_py_trunk' returned '0': CONDA_PROMPT_MODIFIER=(ikpy) PYTHONPATH=/home/kkkk/bxi_arm_v2/build/bxi_example_py_trunk/prefix_override:/home/kkkk/miniconda3/envs/ikpy/lib/python3.10/site-packages/colcon_core/task/python/colcon_distutils_commands:/home/kkkk/bxi_arm_v2/install/bxi_example_py_trunk/lib/python3.10/site-packages:${PYTHONPATH} /home/kkkk/miniconda3/envs/ikpy/bin/python3.10 -W ignore:setup.py install is deprecated -W ignore:easy_install command is deprecated setup.py egg_info --egg-base ../../../../build/bxi_example_py_trunk build --build-base /home/kkkk/bxi_arm_v2/build/bxi_example_py_trunk/build install --record /home/kkkk/bxi_arm_v2/build/bxi_example_py_trunk/install.log --single-version-externally-managed install_data[0m
[3.450s] [34mcolcon.colcon_core.environment[0m [1;30mLevel 1[0m checking '/home/kkkk/bxi_arm_v2/install/bxi_example_py_trunk/lib'
[3.450s] [34mcolcon.colcon_core.environment[0m [1;30mLevel 1[0m checking '/home/kkkk/bxi_arm_v2/install/bxi_example_py_trunk/bin'
[3.450s] [34mcolcon.colcon_core.environment[0m [1;30mLevel 1[0m checking '/home/kkkk/bxi_arm_v2/install/bxi_example_py_trunk/lib/pkgconfig/bxi_example_py_trunk.pc'
[3.451s] [34mcolcon.colcon_core.environment[0m [1;30mLevel 1[0m checking '/home/kkkk/bxi_arm_v2/install/bxi_example_py_trunk/lib/python3.10/site-packages'
[3.451s] [34mcolcon.colcon_core.shell[0m [1;30mLevel 1[0m create_environment_hook('bxi_example_py_trunk', 'pythonpath')
[3.451s] [34mcolcon.colcon_core.shell[0m [1;30mINFO[0m Creating environment hook '/home/kkkk/bxi_arm_v2/install/bxi_example_py_trunk/share/bxi_example_py_trunk/hook/pythonpath.ps1'
[3.452s] [34mcolcon.colcon_core.shell[0m [1;30mINFO[0m Creating environment descriptor '/home/kkkk/bxi_arm_v2/install/bxi_example_py_trunk/share/bxi_example_py_trunk/hook/pythonpath.dsv'
[3.452s] [34mcolcon.colcon_core.shell[0m [1;30mINFO[0m Creating environment hook '/home/kkkk/bxi_arm_v2/install/bxi_example_py_trunk/share/bxi_example_py_trunk/hook/pythonpath.sh'
[3.453s] [34mcolcon.colcon_core.environment[0m [1;30mLevel 1[0m checking '/home/kkkk/bxi_arm_v2/install/bxi_example_py_trunk/bin'
[3.453s] [34mcolcon.colcon_core.environment[0m [1;30mLevel 1[0m create_environment_scripts_only(bxi_example_py_trunk)
[3.453s] [34mcolcon.colcon_core.shell[0m [1;30mINFO[0m Creating package script '/home/kkkk/bxi_arm_v2/install/bxi_example_py_trunk/share/bxi_example_py_trunk/package.ps1'
[3.454s] [34mcolcon.colcon_core.shell[0m [1;30mINFO[0m Creating package descriptor '/home/kkkk/bxi_arm_v2/install/bxi_example_py_trunk/share/bxi_example_py_trunk/package.dsv'
[3.455s] [34mcolcon.colcon_core.shell[0m [1;30mINFO[0m Creating package script '/home/kkkk/bxi_arm_v2/install/bxi_example_py_trunk/share/bxi_example_py_trunk/package.sh'
[3.455s] [34mcolcon.colcon_core.shell[0m [1;30mINFO[0m Creating package script '/home/kkkk/bxi_arm_v2/install/bxi_example_py_trunk/share/bxi_example_py_trunk/package.bash'
[3.455s] [34mcolcon.colcon_core.shell[0m [1;30mINFO[0m Creating package script '/home/kkkk/bxi_arm_v2/install/bxi_example_py_trunk/share/bxi_example_py_trunk/package.zsh'
[3.455s] [34mcolcon.colcon_core.environment[0m [1;30mLevel 1[0m create_file_with_runtime_dependencies(/home/kkkk/bxi_arm_v2/install/bxi_example_py_trunk/share/colcon-core/packages/bxi_example_py_trunk)
[3.456s] [34mcolcon.colcon_core.environment[0m [1;30mLevel 1[0m checking '/home/kkkk/bxi_arm_v2/install/hand_control' for CMake module files
[3.457s] [34mcolcon.colcon_core.event_handler.log_command[0m [1;30mDEBUG[0m [32mInvoked command in '/home/kkkk/bxi_arm_v2/src/hand_control' returned '0': CONDA_PROMPT_MODIFIER=(ikpy) PYTHONPATH=/home/kkkk/bxi_arm_v2/build/hand_control/prefix_override:/home/kkkk/miniconda3/envs/ikpy/lib/python3.10/site-packages/colcon_core/task/python/colcon_distutils_commands:/home/kkkk/bxi_arm_v2/install/hand_control/lib/python3.10/site-packages:${PYTHONPATH} /home/kkkk/miniconda3/envs/ikpy/bin/python3.10 -W ignore:setup.py install is deprecated -W ignore:easy_install command is deprecated setup.py egg_info --egg-base ../../build/hand_control build --build-base /home/kkkk/bxi_arm_v2/build/hand_control/build install --record /home/kkkk/bxi_arm_v2/build/hand_control/install.log --single-version-externally-managed install_data[0m
[3.458s] [34mcolcon.colcon_core.environment[0m [1;30mLevel 1[0m checking '/home/kkkk/bxi_arm_v2/install/hand_control' for CMake config files
[3.458s] [34mcolcon.colcon_core.environment[0m [1;30mLevel 1[0m checking '/home/kkkk/bxi_arm_v2/install/hand_control/lib'
[3.458s] [34mcolcon.colcon_core.environment[0m [1;30mLevel 1[0m checking '/home/kkkk/bxi_arm_v2/install/hand_control/bin'
[3.458s] [34mcolcon.colcon_core.environment[0m [1;30mLevel 1[0m checking '/home/kkkk/bxi_arm_v2/install/hand_control/lib/pkgconfig/hand_control.pc'
[3.458s] [34mcolcon.colcon_core.environment[0m [1;30mLevel 1[0m checking '/home/kkkk/bxi_arm_v2/install/hand_control/lib/python3.10/site-packages'
[3.459s] [34mcolcon.colcon_core.shell[0m [1;30mLevel 1[0m create_environment_hook('hand_control', 'pythonpath')
[3.459s] [34mcolcon.colcon_core.shell[0m [1;30mINFO[0m Creating environment hook '/home/kkkk/bxi_arm_v2/install/hand_control/share/hand_control/hook/pythonpath.ps1'
[3.459s] [34mcolcon.colcon_core.shell[0m [1;30mINFO[0m Creating environment descriptor '/home/kkkk/bxi_arm_v2/install/hand_control/share/hand_control/hook/pythonpath.dsv'
[3.460s] [34mcolcon.colcon_core.shell[0m [1;30mINFO[0m Creating environment hook '/home/kkkk/bxi_arm_v2/install/hand_control/share/hand_control/hook/pythonpath.sh'
[3.460s] [34mcolcon.colcon_core.environment[0m [1;30mLevel 1[0m checking '/home/kkkk/bxi_arm_v2/install/hand_control/bin'
[3.460s] [34mcolcon.colcon_core.environment[0m [1;30mLevel 1[0m create_environment_scripts_only(hand_control)
[3.461s] [34mcolcon.colcon_core.shell[0m [1;30mINFO[0m Creating package script '/home/kkkk/bxi_arm_v2/install/hand_control/share/hand_control/package.ps1'
[3.461s] [34mcolcon.colcon_core.shell[0m [1;30mINFO[0m Creating package descriptor '/home/kkkk/bxi_arm_v2/install/hand_control/share/hand_control/package.dsv'
[3.462s] [34mcolcon.colcon_core.shell[0m [1;30mINFO[0m Creating package script '/home/kkkk/bxi_arm_v2/install/hand_control/share/hand_control/package.sh'
[3.462s] [34mcolcon.colcon_core.shell[0m [1;30mINFO[0m Creating package script '/home/kkkk/bxi_arm_v2/install/hand_control/share/hand_control/package.bash'
[3.462s] [34mcolcon.colcon_core.shell[0m [1;30mINFO[0m Creating package script '/home/kkkk/bxi_arm_v2/install/hand_control/share/hand_control/package.zsh'
[3.462s] [34mcolcon.colcon_core.environment[0m [1;30mLevel 1[0m create_file_with_runtime_dependencies(/home/kkkk/bxi_arm_v2/install/hand_control/share/colcon-core/packages/hand_control)
[3.469s] [34mcolcon.colcon_core.environment[0m [1;30mLevel 1[0m checking '/home/kkkk/bxi_arm_v2/install/bxi_example_py_armrc' for CMake module files
[3.470s] [34mcolcon.colcon_core.event_handler.log_command[0m [1;30mDEBUG[0m [32mInvoked command in '/home/kkkk/bxi_arm_v2/src/bxi_rl_controller_ros2_example/src/bxi_example_py_armrc' returned '0': CONDA_PROMPT_MODIFIER=(ikpy) PYTHONPATH=/home/kkkk/bxi_arm_v2/build/bxi_example_py_armrc/prefix_override:/home/kkkk/miniconda3/envs/ikpy/lib/python3.10/site-packages/colcon_core/task/python/colcon_distutils_commands:/home/kkkk/bxi_arm_v2/install/bxi_example_py_armrc/lib/python3.10/site-packages:${PYTHONPATH} /home/kkkk/miniconda3/envs/ikpy/bin/python3.10 -W ignore:setup.py install is deprecated -W ignore:easy_install command is deprecated setup.py egg_info --egg-base ../../../../build/bxi_example_py_armrc build --build-base /home/kkkk/bxi_arm_v2/build/bxi_example_py_armrc/build install --record /home/kkkk/bxi_arm_v2/build/bxi_example_py_armrc/install.log --single-version-externally-managed install_data[0m
[3.471s] [34mcolcon.colcon_core.environment[0m [1;30mLevel 1[0m checking '/home/kkkk/bxi_arm_v2/install/bxi_example_py_armrc' for CMake config files
[3.471s] [34mcolcon.colcon_core.environment[0m [1;30mLevel 1[0m checking '/home/kkkk/bxi_arm_v2/install/bxi_example_py_armrc/lib'
[3.471s] [34mcolcon.colcon_core.environment[0m [1;30mLevel 1[0m checking '/home/kkkk/bxi_arm_v2/install/bxi_example_py_armrc/bin'
[3.471s] [34mcolcon.colcon_core.environment[0m [1;30mLevel 1[0m checking '/home/kkkk/bxi_arm_v2/install/bxi_example_py_armrc/lib/pkgconfig/bxi_example_py_armrc.pc'
[3.472s] [34mcolcon.colcon_core.environment[0m [1;30mLevel 1[0m checking '/home/kkkk/bxi_arm_v2/install/bxi_example_py_armrc/lib/python3.10/site-packages'
[3.472s] [34mcolcon.colcon_core.shell[0m [1;30mLevel 1[0m create_environment_hook('bxi_example_py_armrc', 'pythonpath')
[3.472s] [34mcolcon.colcon_core.shell[0m [1;30mINFO[0m Creating environment hook '/home/kkkk/bxi_arm_v2/install/bxi_example_py_armrc/share/bxi_example_py_armrc/hook/pythonpath.ps1'
[3.473s] [34mcolcon.colcon_core.shell[0m [1;30mINFO[0m Creating environment descriptor '/home/kkkk/bxi_arm_v2/install/bxi_example_py_armrc/share/bxi_example_py_armrc/hook/pythonpath.dsv'
[3.473s] [34mcolcon.colcon_core.shell[0m [1;30mINFO[0m Creating environment hook '/home/kkkk/bxi_arm_v2/install/bxi_example_py_armrc/share/bxi_example_py_armrc/hook/pythonpath.sh'
[3.474s] [34mcolcon.colcon_core.environment[0m [1;30mLevel 1[0m checking '/home/kkkk/bxi_arm_v2/install/bxi_example_py_armrc/bin'
[3.474s] [34mcolcon.colcon_core.environment[0m [1;30mLevel 1[0m create_environment_scripts_only(bxi_example_py_armrc)
[3.474s] [34mcolcon.colcon_core.shell[0m [1;30mINFO[0m Creating package script '/home/kkkk/bxi_arm_v2/install/bxi_example_py_armrc/share/bxi_example_py_armrc/package.ps1'
[3.475s] [34mcolcon.colcon_core.shell[0m [1;30mINFO[0m Creating package descriptor '/home/kkkk/bxi_arm_v2/install/bxi_example_py_armrc/share/bxi_example_py_armrc/package.dsv'
[3.475s] [34mcolcon.colcon_core.shell[0m [1;30mINFO[0m Creating package script '/home/kkkk/bxi_arm_v2/install/bxi_example_py_armrc/share/bxi_example_py_armrc/package.sh'
[3.475s] [34mcolcon.colcon_core.shell[0m [1;30mINFO[0m Creating package script '/home/kkkk/bxi_arm_v2/install/bxi_example_py_armrc/share/bxi_example_py_armrc/package.bash'
[3.475s] [34mcolcon.colcon_core.shell[0m [1;30mINFO[0m Creating package script '/home/kkkk/bxi_arm_v2/install/bxi_example_py_armrc/share/bxi_example_py_armrc/package.zsh'
[3.476s] [34mcolcon.colcon_core.environment[0m [1;30mLevel 1[0m create_file_with_runtime_dependencies(/home/kkkk/bxi_arm_v2/install/bxi_example_py_armrc/share/colcon-core/packages/bxi_example_py_armrc)
[3.497s] [34mcolcon.colcon_core.event_handler.log_command[0m [1;30mDEBUG[0m [32mInvoking command in '/home/kkkk/bxi_arm_v2/src/aero-hand-open/src/aero_hand_open_rl': CMAKE_PREFIX_PATH=/home/kkkk/bxi_arm_v2/install/aero_hand_open_msgs:/home/kkkk/bxi_arm_v2/install/remote_controller:/home/kkkk/bxi_arm_v2/install/pico_bxi_server:/home/kkkk/bxi_arm_v2/install/bxi_example_arm:/home/kkkk/bxi_arm_v2/install/bxi_example:/home/kkkk/moveit2/install/pilz_industrial_motion_planner_testutils:/home/kkkk/moveit2/install/moveit_runtime:/home/kkkk/moveit2/install/moveit2_tutorials:/home/kkkk/moveit2/install/moveit:/home/kkkk/moveit2/install/moveit_planners:/home/kkkk/moveit2/install/pilz_industrial_motion_planner:/home/kkkk/moveit2/install/moveit_visual_tools:/home/kkkk/moveit2/install/moveit_task_constructor_visualization:/home/kkkk/moveit2/install/moveit_task_constructor_demo:/home/kkkk/moveit2/install/moveit_task_constructor_capabilities:/home/kkkk/moveit2/install/moveit_task_constructor_core:/home/kkkk/moveit2/install/moveit_ros_control_interface:/home/kkkk/moveit2/install/moveit_plugins:/home/kkkk/moveit2/install/moveit_simple_controller_manager:/home/kkkk/moveit2/install/moveit_setup_assistant:/home/kkkk/moveit2/install/moveit_setup_srdf_plugins:/home/kkkk/moveit2/install/moveit_setup_core_plugins:/home/kkkk/moveit2/install/moveit_setup_controllers:/home/kkkk/moveit2/install/moveit_setup_app_plugins:/home/kkkk/moveit2/install/moveit_setup_framework:/home/kkkk/moveit2/install/moveit_servo:/home/kkkk/moveit2/install/moveit_ros:/home/kkkk/moveit2/install/moveit_ros_visualization:/home/kkkk/moveit2/install/moveit_py:/home/kkkk/moveit2/install/moveit_hybrid_planning:/home/kkkk/moveit2/install/moveit_ros_planning_interface:/home/kkkk/moveit2/install/moveit_ros_benchmarks:/home/kkkk/moveit2/install/moveit_ros_warehouse:/home/kkkk/moveit2/install/moveit_ros_robot_interaction:/home/kkkk/moveit2/install/moveit_ros_perception:/home/kkkk/moveit2/install/moveit_resources_prbt_pg70_support:/home/kkkk/moveit2/install/moveit_resources_prbt_moveit_config:/home/kkkk/moveit2/install/moveit_ros_move_group:/home/kkkk/moveit2/install/moveit_planners_ompl:/home/kkkk/moveit2/install/moveit_ros_planning:/home/kkkk/moveit2/install/moveit_ros_occupancy_map_monitor:/home/kkkk/moveit2/install/moveit_resources_prbt_ikfast_manipulator_plugin:/home/kkkk/moveit2/install/moveit_planners_chomp:/home/kkkk/moveit2/install/moveit_kinematics:/home/kkkk/moveit2/install/moveit_chomp_optimizer_adapter:/home/kkkk/moveit2/install/chomp_motion_planner:/home/kkkk/moveit2/install/moveit_core:/home/kkkk/moveit2/install/srdfdom:/home/kkkk/moveit2/install/rviz_marker_tools:/home/kkkk/moveit2/install/rosparam_shortcuts:/home/kkkk/moveit2/install/moveit_task_constructor_msgs:/home/kkkk/moveit2/install/moveit_resources_prbt_support:/home/kkkk/moveit2/install/moveit_resources:/home/kkkk/moveit2/install/moveit_resources_pr2_description:/home/kkkk/moveit2/install/moveit_resources_panda_moveit_config:/home/kkkk/moveit2/install/moveit_resources_panda_description:/home/kkkk/moveit2/install/moveit_resources_fanuc_moveit_config:/home/kkkk/moveit2/install/moveit_resources_fanuc_description:/home/kkkk/moveit2/install/moveit_common:/home/kkkk/ws_rviz2/install/rviz_visual_testing_framework:/home/kkkk/ws_rviz2/install/rviz_rendering_tests:/home/kkkk/ws_rviz2/install/rviz2:/home/kkkk/ws_rviz2/install/rviz_default_plugins:/home/kkkk/ws_rviz2/install/rviz_common:/home/kkkk/ws_rviz2/install/rviz_rendering:/home/kkkk/ws_rviz2/install/rviz_ogre_vendor:/home/kkkk/ws_rviz2/install/rviz_assimp_vendor:/home/kkkk/bxi_ros2_pkg CONDA_PROMPT_MODIFIER=(ikpy) PYTHONPATH=/home/kkkk/bxi_arm_v2/build/aero_hand_open_rl/prefix_override:/home/kkkk/miniconda3/envs/ikpy/lib/python3.10/site-packages/colcon_core/task/python/colcon_distutils_commands:/home/kkkk/bxi_arm_v2/install/aero_hand_open_rl/lib/python3.10/site-packages:/home/kkkk/bxi_arm_v2/install/aero_hand_open_msgs/lib/python3.10/site-packages:/home/kkkk/bxi_arm_v2/install/hand_control/lib/python3.10/site-packages:/home/kkkk/bxi_arm_v2/install/fake_trigger/lib/python3.10/site-packages:/home/kkkk/bxi_arm_v2/install/elf3_arm_ikpy_control_pico/lib/python3.10/site-packages:/home/kkkk/bxi_arm_v2/install/elf3_arm_bringup/lib/python3.10/site-packages:/home/kkkk/bxi_arm_v2/install/bxi_example_py_trunk_neck/lib/python3.10/site-packages:/home/kkkk/bxi_arm_v2/install/bxi_example_py_trunk/lib/python3.10/site-packages:/home/kkkk/bxi_arm_v2/install/bxi_example_py_foot/lib/python3.10/site-packages:/home/kkkk/bxi_arm_v2/install/bxi_example_py_elf3/lib/python3.10/site-packages:/home/kkkk/bxi_arm_v2/install/bxi_example_py_armrc/lib/python3.10/site-packages:/home/kkkk/bxi_arm_v2/install/bxi_example_py_arm/lib/python3.10/site-packages:/home/kkkk/bxi_arm_v2/install/bxi_example_py_ankle/lib/python3.10/site-packages:/home/kkkk/bxi_arm_v2/install/bxi_example_py/lib/python3.10/site-packages:/home/kkkk/bxi_arm_v2/install/aero_hand_open_teleop/lib/python3.10/site-packages:/home/kkkk/bxi_arm_v2/install/aero_hand_open_rl/lib/python3.10/site-packages:/home/kkkk/bxi_arm_v2/install/aero_hand_open/lib/python3.10/site-packages:/home/kkkk/bxi_arm_v2/install/aero_hand_open_description/lib/python3.10/site-packages:/home/kkkk/moveit2/install/moveit_task_constructor_core/local/lib/python3.10/dist-packages:/home/kkkk/moveit2/install/moveit_py/local/lib/python3.10/dist-packages:/home/kkkk/moveit2/install/moveit_configs_utils/lib/python3.10/site-packages:/home/kkkk/moveit2/install/srdfdom/local/lib/python3.10/dist-packages:/home/kkkk/moveit2/install/moveit_task_constructor_msgs/local/lib/python3.10/dist-packages:/home/kkkk/moveit2/install/launch_param_builder/lib/python3.10/site-packages:/home/kkkk/bxi_ros2_pkg/local/lib/python3.10/dist-packages:/opt/ros/humble/lib/python3.10/site-packages:/opt/ros/humble/local/lib/python3.10/dist-packages /home/kkkk/miniconda3/envs/ikpy/bin/python3.10 -W ignore:setup.py install is deprecated -W ignore:easy_install command is deprecated setup.py egg_info --egg-base ../../../../build/aero_hand_open_rl build --build-base /home/kkkk/bxi_arm_v2/build/aero_hand_open_rl/build install --record /home/kkkk/bxi_arm_v2/build/aero_hand_open_rl/install.log --single-version-externally-managed install_data[0m
[3.498s] [34mcolcon.colcon_core.environment[0m [1;30mLevel 1[0m checking '/home/kkkk/bxi_arm_v2/install/elf3_arm_ikpy_control_pico' for CMake module files
[3.499s] [34mcolcon.colcon_core.event_handler.log_command[0m [1;30mDEBUG[0m [32mInvoked command in '/home/kkkk/bxi_arm_v2/src/elf3_arm_ikpy_control_pico' returned '0': CONDA_PROMPT_MODIFIER=(ikpy) PYTHONPATH=/home/kkkk/bxi_arm_v2/build/elf3_arm_ikpy_control_pico/prefix_override:/home/kkkk/miniconda3/envs/ikpy/lib/python3.10/site-packages/colcon_core/task/python/colcon_distutils_commands:/home/kkkk/bxi_arm_v2/install/elf3_arm_ikpy_control_pico/lib/python3.10/site-packages:${PYTHONPATH} /home/kkkk/miniconda3/envs/ikpy/bin/python3.10 -W ignore:setup.py install is deprecated -W ignore:easy_install command is deprecated setup.py egg_info --egg-base ../../build/elf3_arm_ikpy_control_pico build --build-base /home/kkkk/bxi_arm_v2/build/elf3_arm_ikpy_control_pico/build install --record /home/kkkk/bxi_arm_v2/build/elf3_arm_ikpy_control_pico/install.log --single-version-externally-managed install_data[0m
[3.499s] [34mcolcon.colcon_core.environment[0m [1;30mLevel 1[0m checking '/home/kkkk/bxi_arm_v2/install/elf3_arm_ikpy_control_pico' for CMake config files
[3.500s] [34mcolcon.colcon_core.environment[0m [1;30mLevel 1[0m checking '/home/kkkk/bxi_arm_v2/install/elf3_arm_ikpy_control_pico/lib'
[3.500s] [34mcolcon.colcon_core.environment[0m [1;30mLevel 1[0m checking '/home/kkkk/bxi_arm_v2/install/elf3_arm_ikpy_control_pico/bin'
[3.500s] [34mcolcon.colcon_core.environment[0m [1;30mLevel 1[0m checking '/home/kkkk/bxi_arm_v2/install/elf3_arm_ikpy_control_pico/lib/pkgconfig/elf3_arm_ikpy_control_pico.pc'
[3.500s] [34mcolcon.colcon_core.environment[0m [1;30mLevel 1[0m checking '/home/kkkk/bxi_arm_v2/install/elf3_arm_ikpy_control_pico/lib/python3.10/site-packages'
[3.500s] [34mcolcon.colcon_core.shell[0m [1;30mLevel 1[0m create_environment_hook('elf3_arm_ikpy_control_pico', 'pythonpath')
[3.501s] [34mcolcon.colcon_core.shell[0m [1;30mINFO[0m Creating environment hook '/home/kkkk/bxi_arm_v2/install/elf3_arm_ikpy_control_pico/share/elf3_arm_ikpy_control_pico/hook/pythonpath.ps1'
[3.501s] [34mcolcon.colcon_core.shell[0m [1;30mINFO[0m Creating environment descriptor '/home/kkkk/bxi_arm_v2/install/elf3_arm_ikpy_control_pico/share/elf3_arm_ikpy_control_pico/hook/pythonpath.dsv'
[3.502s] [34mcolcon.colcon_core.shell[0m [1;30mINFO[0m Creating environment hook '/home/kkkk/bxi_arm_v2/install/elf3_arm_ikpy_control_pico/share/elf3_arm_ikpy_control_pico/hook/pythonpath.sh'
[3.502s] [34mcolcon.colcon_core.environment[0m [1;30mLevel 1[0m checking '/home/kkkk/bxi_arm_v2/install/elf3_arm_ikpy_control_pico/bin'
[3.503s] [34mcolcon.colcon_core.environment[0m [1;30mLevel 1[0m create_environment_scripts_only(elf3_arm_ikpy_control_pico)
[3.503s] [34mcolcon.colcon_core.shell[0m [1;30mINFO[0m Creating package script '/home/kkkk/bxi_arm_v2/install/elf3_arm_ikpy_control_pico/share/elf3_arm_ikpy_control_pico/package.ps1'
[3.503s] [34mcolcon.colcon_core.shell[0m [1;30mINFO[0m Creating package descriptor '/home/kkkk/bxi_arm_v2/install/elf3_arm_ikpy_control_pico/share/elf3_arm_ikpy_control_pico/package.dsv'
[3.504s] [34mcolcon.colcon_core.shell[0m [1;30mINFO[0m Creating package script '/home/kkkk/bxi_arm_v2/install/elf3_arm_ikpy_control_pico/share/elf3_arm_ikpy_control_pico/package.sh'
[3.504s] [34mcolcon.colcon_core.shell[0m [1;30mINFO[0m Creating package script '/home/kkkk/bxi_arm_v2/install/elf3_arm_ikpy_control_pico/share/elf3_arm_ikpy_control_pico/package.bash'
[3.504s] [34mcolcon.colcon_core.shell[0m [1;30mINFO[0m Creating package script '/home/kkkk/bxi_arm_v2/install/elf3_arm_ikpy_control_pico/share/elf3_arm_ikpy_control_pico/package.zsh'
[3.504s] [34mcolcon.colcon_core.environment[0m [1;30mLevel 1[0m create_file_with_runtime_dependencies(/home/kkkk/bxi_arm_v2/install/elf3_arm_ikpy_control_pico/share/colcon-core/packages/elf3_arm_ikpy_control_pico)
[3.505s] [34mcolcon.colcon_core.environment[0m [1;30mLevel 1[0m checking '/home/kkkk/bxi_arm_v2/install/elf3_arm_bringup' for CMake module files
[3.505s] [34mcolcon.colcon_core.environment[0m [1;30mLevel 1[0m checking '/home/kkkk/bxi_arm_v2/install/elf3_arm_bringup' for CMake config files
[3.506s] [34mcolcon.colcon_core.event_handler.log_command[0m [1;30mDEBUG[0m [32mInvoked command in '/home/kkkk/bxi_arm_v2/src/elf3_arm_bringup' returned '0': CONDA_PROMPT_MODIFIER=(ikpy) PYTHONPATH=/home/kkkk/bxi_arm_v2/build/elf3_arm_bringup/prefix_override:/home/kkkk/miniconda3/envs/ikpy/lib/python3.10/site-packages/colcon_core/task/python/colcon_distutils_commands:/home/kkkk/bxi_arm_v2/install/elf3_arm_bringup/lib/python3.10/site-packages:${PYTHONPATH} /home/kkkk/miniconda3/envs/ikpy/bin/python3.10 -W ignore:setup.py install is deprecated -W ignore:easy_install command is deprecated setup.py egg_info --egg-base ../../build/elf3_arm_bringup build --build-base /home/kkkk/bxi_arm_v2/build/elf3_arm_bringup/build install --record /home/kkkk/bxi_arm_v2/build/elf3_arm_bringup/install.log --single-version-externally-managed install_data[0m
[3.506s] [34mcolcon.colcon_core.environment[0m [1;30mLevel 1[0m checking '/home/kkkk/bxi_arm_v2/install/elf3_arm_bringup/lib'
[3.506s] [34mcolcon.colcon_core.environment[0m [1;30mLevel 1[0m checking '/home/kkkk/bxi_arm_v2/install/elf3_arm_bringup/bin'
[3.506s] [34mcolcon.colcon_core.environment[0m [1;30mLevel 1[0m checking '/home/kkkk/bxi_arm_v2/install/elf3_arm_bringup/lib/pkgconfig/elf3_arm_bringup.pc'
[3.506s] [34mcolcon.colcon_core.environment[0m [1;30mLevel 1[0m checking '/home/kkkk/bxi_arm_v2/install/elf3_arm_bringup/lib/python3.10/site-packages'
[3.506s] [34mcolcon.colcon_core.shell[0m [1;30mLevel 1[0m create_environment_hook('elf3_arm_bringup', 'pythonpath')
[3.507s] [34mcolcon.colcon_core.shell[0m [1;30mINFO[0m Creating environment hook '/home/kkkk/bxi_arm_v2/install/elf3_arm_bringup/share/elf3_arm_bringup/hook/pythonpath.ps1'
[3.507s] [34mcolcon.colcon_core.shell[0m [1;30mINFO[0m Creating environment descriptor '/home/kkkk/bxi_arm_v2/install/elf3_arm_bringup/share/elf3_arm_bringup/hook/pythonpath.dsv'
[3.508s] [34mcolcon.colcon_core.shell[0m [1;30mINFO[0m Creating environment hook '/home/kkkk/bxi_arm_v2/install/elf3_arm_bringup/share/elf3_arm_bringup/hook/pythonpath.sh'
[3.508s] [34mcolcon.colcon_core.environment[0m [1;30mLevel 1[0m checking '/home/kkkk/bxi_arm_v2/install/elf3_arm_bringup/bin'
[3.508s] [34mcolcon.colcon_core.environment[0m [1;30mLevel 1[0m create_environment_scripts_only(elf3_arm_bringup)
[3.508s] [34mcolcon.colcon_core.shell[0m [1;30mINFO[0m Creating package script '/home/kkkk/bxi_arm_v2/install/elf3_arm_bringup/share/elf3_arm_bringup/package.ps1'
[3.509s] [34mcolcon.colcon_core.shell[0m [1;30mINFO[0m Creating package descriptor '/home/kkkk/bxi_arm_v2/install/elf3_arm_bringup/share/elf3_arm_bringup/package.dsv'
[3.509s] [34mcolcon.colcon_core.shell[0m [1;30mINFO[0m Creating package script '/home/kkkk/bxi_arm_v2/install/elf3_arm_bringup/share/elf3_arm_bringup/package.sh'
[3.509s] [34mcolcon.colcon_core.shell[0m [1;30mINFO[0m Creating package script '/home/kkkk/bxi_arm_v2/install/elf3_arm_bringup/share/elf3_arm_bringup/package.bash'
[3.509s] [34mcolcon.colcon_core.shell[0m [1;30mINFO[0m Creating package script '/home/kkkk/bxi_arm_v2/install/elf3_arm_bringup/share/elf3_arm_bringup/package.zsh'
[3.510s] [34mcolcon.colcon_core.environment[0m [1;30mLevel 1[0m create_file_with_runtime_dependencies(/home/kkkk/bxi_arm_v2/install/elf3_arm_bringup/share/colcon-core/packages/elf3_arm_bringup)
[3.511s] [34mcolcon.colcon_core.environment[0m [1;30mLevel 1[0m checking '/home/kkkk/bxi_arm_v2/install/bxi_example_py_trunk_neck' for CMake module files
[3.512s] [34mcolcon.colcon_core.event_handler.log_command[0m [1;30mDEBUG[0m [32mInvoked command in '/home/kkkk/bxi_arm_v2/src/bxi_rl_controller_ros2_example/src/bxi_example_py_trunk_neck' returned '0': CONDA_PROMPT_MODIFIER=(ikpy) PYTHONPATH=/home/kkkk/bxi_arm_v2/build/bxi_example_py_trunk_neck/prefix_override:/home/kkkk/miniconda3/envs/ikpy/lib/python3.10/site-packages/colcon_core/task/python/colcon_distutils_commands:/home/kkkk/bxi_arm_v2/install/bxi_example_py_trunk_neck/lib/python3.10/site-packages:${PYTHONPATH} /home/kkkk/miniconda3/envs/ikpy/bin/python3.10 -W ignore:setup.py install is deprecated -W ignore:easy_install command is deprecated setup.py egg_info --egg-base ../../../../build/bxi_example_py_trunk_neck build --build-base /home/kkkk/bxi_arm_v2/build/bxi_example_py_trunk_neck/build install --record /home/kkkk/bxi_arm_v2/build/bxi_example_py_trunk_neck/install.log --single-version-externally-managed install_data[0m
[3.512s] [34mcolcon.colcon_core.environment[0m [1;30mLevel 1[0m checking '/home/kkkk/bxi_arm_v2/install/bxi_example_py_trunk_neck' for CMake config files
[3.513s] [34mcolcon.colcon_core.environment[0m [1;30mLevel 1[0m checking '/home/kkkk/bxi_arm_v2/install/bxi_example_py_trunk_neck/lib'
[3.513s] [34mcolcon.colcon_core.environment[0m [1;30mLevel 1[0m checking '/home/kkkk/bxi_arm_v2/install/bxi_example_py_trunk_neck/bin'
[3.513s] [34mcolcon.colcon_core.environment[0m [1;30mLevel 1[0m checking '/home/kkkk/bxi_arm_v2/install/bxi_example_py_trunk_neck/lib/pkgconfig/bxi_example_py_trunk_neck.pc'
[3.513s] [34mcolcon.colcon_core.environment[0m [1;30mLevel 1[0m checking '/home/kkkk/bxi_arm_v2/install/bxi_example_py_trunk_neck/lib/python3.10/site-packages'
[3.513s] [34mcolcon.colcon_core.shell[0m [1;30mLevel 1[0m create_environment_hook('bxi_example_py_trunk_neck', 'pythonpath')
[3.513s] [34mcolcon.colcon_core.shell[0m [1;30mINFO[0m Creating environment hook '/home/kkkk/bxi_arm_v2/install/bxi_example_py_trunk_neck/share/bxi_example_py_trunk_neck/hook/pythonpath.ps1'
[3.514s] [34mcolcon.colcon_core.shell[0m [1;30mINFO[0m Creating environment descriptor '/home/kkkk/bxi_arm_v2/install/bxi_example_py_trunk_neck/share/bxi_example_py_trunk_neck/hook/pythonpath.dsv'
[3.514s] [34mcolcon.colcon_core.shell[0m [1;30mINFO[0m Creating environment hook '/home/kkkk/bxi_arm_v2/install/bxi_example_py_trunk_neck/share/bxi_example_py_trunk_neck/hook/pythonpath.sh'
[3.515s] [34mcolcon.colcon_core.environment[0m [1;30mLevel 1[0m checking '/home/kkkk/bxi_arm_v2/install/bxi_example_py_trunk_neck/bin'
[3.515s] [34mcolcon.colcon_core.environment[0m [1;30mLevel 1[0m create_environment_scripts_only(bxi_example_py_trunk_neck)
[3.516s] [34mcolcon.colcon_core.shell[0m [1;30mINFO[0m Creating package script '/home/kkkk/bxi_arm_v2/install/bxi_example_py_trunk_neck/share/bxi_example_py_trunk_neck/package.ps1'
[3.516s] [34mcolcon.colcon_core.shell[0m [1;30mINFO[0m Creating package descriptor '/home/kkkk/bxi_arm_v2/install/bxi_example_py_trunk_neck/share/bxi_example_py_trunk_neck/package.dsv'
[3.516s] [34mcolcon.colcon_core.shell[0m [1;30mINFO[0m Creating package script '/home/kkkk/bxi_arm_v2/install/bxi_example_py_trunk_neck/share/bxi_example_py_trunk_neck/package.sh'
[3.516s] [34mcolcon.colcon_core.shell[0m [1;30mINFO[0m Creating package script '/home/kkkk/bxi_arm_v2/install/bxi_example_py_trunk_neck/share/bxi_example_py_trunk_neck/package.bash'
[3.517s] [34mcolcon.colcon_core.shell[0m [1;30mINFO[0m Creating package script '/home/kkkk/bxi_arm_v2/install/bxi_example_py_trunk_neck/share/bxi_example_py_trunk_neck/package.zsh'
[3.517s] [34mcolcon.colcon_core.environment[0m [1;30mLevel 1[0m create_file_with_runtime_dependencies(/home/kkkk/bxi_arm_v2/install/bxi_example_py_trunk_neck/share/colcon-core/packages/bxi_example_py_trunk_neck)
[3.517s] [34mcolcon.colcon_core.environment[0m [1;30mLevel 1[0m checking '/home/kkkk/bxi_arm_v2/install/bxi_example_py' for CMake module files
[3.518s] [34mcolcon.colcon_core.environment[0m [1;30mLevel 1[0m checking '/home/kkkk/bxi_arm_v2/install/bxi_example_py' for CMake config files
[3.518s] [34mcolcon.colcon_core.event_handler.log_command[0m [1;30mDEBUG[0m [32mInvoked command in '/home/kkkk/bxi_arm_v2/src/bxi_rl_controller_ros2_example/src/bxi_example_py' returned '0': CONDA_PROMPT_MODIFIER=(ikpy) PYTHONPATH=/home/kkkk/bxi_arm_v2/build/bxi_example_py/prefix_override:/home/kkkk/miniconda3/envs/ikpy/lib/python3.10/site-packages/colcon_core/task/python/colcon_distutils_commands:/home/kkkk/bxi_arm_v2/install/bxi_example_py/lib/python3.10/site-packages:${PYTHONPATH} /home/kkkk/miniconda3/envs/ikpy/bin/python3.10 -W ignore:setup.py install is deprecated -W ignore:easy_install command is deprecated setup.py egg_info --egg-base ../../../../build/bxi_example_py build --build-base /home/kkkk/bxi_arm_v2/build/bxi_example_py/build install --record /home/kkkk/bxi_arm_v2/build/bxi_example_py/install.log --single-version-externally-managed install_data[0m
[3.519s] [34mcolcon.colcon_core.environment[0m [1;30mLevel 1[0m checking '/home/kkkk/bxi_arm_v2/install/bxi_example_py/lib'
[3.519s] [34mcolcon.colcon_core.environment[0m [1;30mLevel 1[0m checking '/home/kkkk/bxi_arm_v2/install/bxi_example_py/bin'
[3.519s] [34mcolcon.colcon_core.environment[0m [1;30mLevel 1[0m checking '/home/kkkk/bxi_arm_v2/install/bxi_example_py/lib/pkgconfig/bxi_example_py.pc'
[3.519s] [34mcolcon.colcon_core.environment[0m [1;30mLevel 1[0m checking '/home/kkkk/bxi_arm_v2/install/bxi_example_py/lib/python3.10/site-packages'
[3.519s] [34mcolcon.colcon_core.shell[0m [1;30mLevel 1[0m create_environment_hook('bxi_example_py', 'pythonpath')
[3.519s] [34mcolcon.colcon_core.shell[0m [1;30mINFO[0m Creating environment hook '/home/kkkk/bxi_arm_v2/install/bxi_example_py/share/bxi_example_py/hook/pythonpath.ps1'
[3.520s] [34mcolcon.colcon_core.shell[0m [1;30mINFO[0m Creating environment descriptor '/home/kkkk/bxi_arm_v2/install/bxi_example_py/share/bxi_example_py/hook/pythonpath.dsv'
[3.520s] [34mcolcon.colcon_core.shell[0m [1;30mINFO[0m Creating environment hook '/home/kkkk/bxi_arm_v2/install/bxi_example_py/share/bxi_example_py/hook/pythonpath.sh'
[3.520s] [34mcolcon.colcon_core.environment[0m [1;30mLevel 1[0m checking '/home/kkkk/bxi_arm_v2/install/bxi_example_py/bin'
[3.520s] [34mcolcon.colcon_core.environment[0m [1;30mLevel 1[0m create_environment_scripts_only(bxi_example_py)
[3.520s] [34mcolcon.colcon_core.shell[0m [1;30mINFO[0m Creating package script '/home/kkkk/bxi_arm_v2/install/bxi_example_py/share/bxi_example_py/package.ps1'
[3.521s] [34mcolcon.colcon_core.shell[0m [1;30mINFO[0m Creating package descriptor '/home/kkkk/bxi_arm_v2/install/bxi_example_py/share/bxi_example_py/package.dsv'
[3.521s] [34mcolcon.colcon_core.shell[0m [1;30mINFO[0m Creating package script '/home/kkkk/bxi_arm_v2/install/bxi_example_py/share/bxi_example_py/package.sh'
[3.521s] [34mcolcon.colcon_core.shell[0m [1;30mINFO[0m Creating package script '/home/kkkk/bxi_arm_v2/install/bxi_example_py/share/bxi_example_py/package.bash'
[3.521s] [34mcolcon.colcon_core.shell[0m [1;30mINFO[0m Creating package script '/home/kkkk/bxi_arm_v2/install/bxi_example_py/share/bxi_example_py/package.zsh'
[3.521s] [34mcolcon.colcon_core.environment[0m [1;30mLevel 1[0m create_file_with_runtime_dependencies(/home/kkkk/bxi_arm_v2/install/bxi_example_py/share/colcon-core/packages/bxi_example_py)
[3.523s] [34mcolcon.colcon_core.environment[0m [1;30mLevel 1[0m checking '/home/kkkk/bxi_arm_v2/install/aero_hand_open' for CMake module files
[3.523s] [34mcolcon.colcon_core.event_handler.log_command[0m [1;30mDEBUG[0m [32mInvoked command in '/home/kkkk/bxi_arm_v2/src/aero-hand-open/src/aero_hand_open' returned '0': CMAKE_PREFIX_PATH=/home/kkkk/bxi_arm_v2/install/aero_hand_open_msgs:/home/kkkk/bxi_arm_v2/install/remote_controller:/home/kkkk/bxi_arm_v2/install/pico_bxi_server:/home/kkkk/bxi_arm_v2/install/bxi_example_arm:/home/kkkk/bxi_arm_v2/install/bxi_example:/home/kkkk/moveit2/install/pilz_industrial_motion_planner_testutils:/home/kkkk/moveit2/install/moveit_runtime:/home/kkkk/moveit2/install/moveit2_tutorials:/home/kkkk/moveit2/install/moveit:/home/kkkk/moveit2/install/moveit_planners:/home/kkkk/moveit2/install/pilz_industrial_motion_planner:/home/kkkk/moveit2/install/moveit_visual_tools:/home/kkkk/moveit2/install/moveit_task_constructor_visualization:/home/kkkk/moveit2/install/moveit_task_constructor_demo:/home/kkkk/moveit2/install/moveit_task_constructor_capabilities:/home/kkkk/moveit2/install/moveit_task_constructor_core:/home/kkkk/moveit2/install/moveit_ros_control_interface:/home/kkkk/moveit2/install/moveit_plugins:/home/kkkk/moveit2/install/moveit_simple_controller_manager:/home/kkkk/moveit2/install/moveit_setup_assistant:/home/kkkk/moveit2/install/moveit_setup_srdf_plugins:/home/kkkk/moveit2/install/moveit_setup_core_plugins:/home/kkkk/moveit2/install/moveit_setup_controllers:/home/kkkk/moveit2/install/moveit_setup_app_plugins:/home/kkkk/moveit2/install/moveit_setup_framework:/home/kkkk/moveit2/install/moveit_servo:/home/kkkk/moveit2/install/moveit_ros:/home/kkkk/moveit2/install/moveit_ros_visualization:/home/kkkk/moveit2/install/moveit_py:/home/kkkk/moveit2/install/moveit_hybrid_planning:/home/kkkk/moveit2/install/moveit_ros_planning_interface:/home/kkkk/moveit2/install/moveit_ros_benchmarks:/home/kkkk/moveit2/install/moveit_ros_warehouse:/home/kkkk/moveit2/install/moveit_ros_robot_interaction:/home/kkkk/moveit2/install/moveit_ros_perception:/home/kkkk/moveit2/install/moveit_resources_prbt_pg70_support:/home/kkkk/moveit2/install/moveit_resources_prbt_moveit_config:/home/kkkk/moveit2/install/moveit_ros_move_group:/home/kkkk/moveit2/install/moveit_planners_ompl:/home/kkkk/moveit2/install/moveit_ros_planning:/home/kkkk/moveit2/install/moveit_ros_occupancy_map_monitor:/home/kkkk/moveit2/install/moveit_resources_prbt_ikfast_manipulator_plugin:/home/kkkk/moveit2/install/moveit_planners_chomp:/home/kkkk/moveit2/install/moveit_kinematics:/home/kkkk/moveit2/install/moveit_chomp_optimizer_adapter:/home/kkkk/moveit2/install/chomp_motion_planner:/home/kkkk/moveit2/install/moveit_core:/home/kkkk/moveit2/install/srdfdom:/home/kkkk/moveit2/install/rviz_marker_tools:/home/kkkk/moveit2/install/rosparam_shortcuts:/home/kkkk/moveit2/install/moveit_task_constructor_msgs:/home/kkkk/moveit2/install/moveit_resources_prbt_support:/home/kkkk/moveit2/install/moveit_resources:/home/kkkk/moveit2/install/moveit_resources_pr2_description:/home/kkkk/moveit2/install/moveit_resources_panda_moveit_config:/home/kkkk/moveit2/install/moveit_resources_panda_description:/home/kkkk/moveit2/install/moveit_resources_fanuc_moveit_config:/home/kkkk/moveit2/install/moveit_resources_fanuc_description:/home/kkkk/moveit2/install/moveit_common:/home/kkkk/ws_rviz2/install/rviz_visual_testing_framework:/home/kkkk/ws_rviz2/install/rviz_rendering_tests:/home/kkkk/ws_rviz2/install/rviz2:/home/kkkk/ws_rviz2/install/rviz_default_plugins:/home/kkkk/ws_rviz2/install/rviz_common:/home/kkkk/ws_rviz2/install/rviz_rendering:/home/kkkk/ws_rviz2/install/rviz_ogre_vendor:/home/kkkk/ws_rviz2/install/rviz_assimp_vendor:/home/kkkk/bxi_ros2_pkg CONDA_PROMPT_MODIFIER=(ikpy) PYTHONPATH=/home/kkkk/bxi_arm_v2/build/aero_hand_open/prefix_override:/home/kkkk/miniconda3/envs/ikpy/lib/python3.10/site-packages/colcon_core/task/python/colcon_distutils_commands:/home/kkkk/bxi_arm_v2/install/aero_hand_open/lib/python3.10/site-packages:/home/kkkk/bxi_arm_v2/install/aero_hand_open_msgs/lib/python3.10/site-packages:/home/kkkk/bxi_arm_v2/install/hand_control/lib/python3.10/site-packages:/home/kkkk/bxi_arm_v2/install/fake_trigger/lib/python3.10/site-packages:/home/kkkk/bxi_arm_v2/install/elf3_arm_ikpy_control_pico/lib/python3.10/site-packages:/home/kkkk/bxi_arm_v2/install/elf3_arm_bringup/lib/python3.10/site-packages:/home/kkkk/bxi_arm_v2/install/bxi_example_py_trunk_neck/lib/python3.10/site-packages:/home/kkkk/bxi_arm_v2/install/bxi_example_py_trunk/lib/python3.10/site-packages:/home/kkkk/bxi_arm_v2/install/bxi_example_py_foot/lib/python3.10/site-packages:/home/kkkk/bxi_arm_v2/install/bxi_example_py_elf3/lib/python3.10/site-packages:/home/kkkk/bxi_arm_v2/install/bxi_example_py_armrc/lib/python3.10/site-packages:/home/kkkk/bxi_arm_v2/install/bxi_example_py_arm/lib/python3.10/site-packages:/home/kkkk/bxi_arm_v2/install/bxi_example_py_ankle/lib/python3.10/site-packages:/home/kkkk/bxi_arm_v2/install/bxi_example_py/lib/python3.10/site-packages:/home/kkkk/bxi_arm_v2/install/aero_hand_open_teleop/lib/python3.10/site-packages:/home/kkkk/bxi_arm_v2/install/aero_hand_open_rl/lib/python3.10/site-packages:/home/kkkk/bxi_arm_v2/install/aero_hand_open/lib/python3.10/site-packages:/home/kkkk/bxi_arm_v2/install/aero_hand_open_description/lib/python3.10/site-packages:/home/kkkk/moveit2/install/moveit_task_constructor_core/local/lib/python3.10/dist-packages:/home/kkkk/moveit2/install/moveit_py/local/lib/python3.10/dist-packages:/home/kkkk/moveit2/install/moveit_configs_utils/lib/python3.10/site-packages:/home/kkkk/moveit2/install/srdfdom/local/lib/python3.10/dist-packages:/home/kkkk/moveit2/install/moveit_task_constructor_msgs/local/lib/python3.10/dist-packages:/home/kkkk/moveit2/install/launch_param_builder/lib/python3.10/site-packages:/home/kkkk/bxi_ros2_pkg/local/lib/python3.10/dist-packages:/opt/ros/humble/lib/python3.10/site-packages:/opt/ros/humble/local/lib/python3.10/dist-packages /home/kkkk/miniconda3/envs/ikpy/bin/python3.10 -W ignore:setup.py install is deprecated -W ignore:easy_install command is deprecated setup.py egg_info --egg-base ../../../../build/aero_hand_open build --build-base /home/kkkk/bxi_arm_v2/build/aero_hand_open/build install --record /home/kkkk/bxi_arm_v2/build/aero_hand_open/install.log --single-version-externally-managed install_data[0m
[3.524s] [34mcolcon.colcon_core.environment[0m [1;30mLevel 1[0m checking '/home/kkkk/bxi_arm_v2/install/aero_hand_open' for CMake config files
[3.524s] [34mcolcon.colcon_core.environment[0m [1;30mLevel 1[0m checking '/home/kkkk/bxi_arm_v2/install/aero_hand_open/lib'
[3.524s] [34mcolcon.colcon_core.environment[0m [1;30mLevel 1[0m checking '/home/kkkk/bxi_arm_v2/install/aero_hand_open/bin'
[3.524s] [34mcolcon.colcon_core.environment[0m [1;30mLevel 1[0m checking '/home/kkkk/bxi_arm_v2/install/aero_hand_open/lib/pkgconfig/aero_hand_open.pc'
[3.524s] [34mcolcon.colcon_core.environment[0m [1;30mLevel 1[0m checking '/home/kkkk/bxi_arm_v2/install/aero_hand_open/lib/python3.10/site-packages'
[3.524s] [34mcolcon.colcon_core.shell[0m [1;30mLevel 1[0m create_environment_hook('aero_hand_open', 'pythonpath')
[3.524s] [34mcolcon.colcon_core.shell[0m [1;30mINFO[0m Creating environment hook '/home/kkkk/bxi_arm_v2/install/aero_hand_open/share/aero_hand_open/hook/pythonpath.ps1'
[3.525s] [34mcolcon.colcon_core.shell[0m [1;30mINFO[0m Creating environment descriptor '/home/kkkk/bxi_arm_v2/install/aero_hand_open/share/aero_hand_open/hook/pythonpath.dsv'
[3.525s] [34mcolcon.colcon_core.shell[0m [1;30mINFO[0m Creating environment hook '/home/kkkk/bxi_arm_v2/install/aero_hand_open/share/aero_hand_open/hook/pythonpath.sh'
[3.525s] [34mcolcon.colcon_core.environment[0m [1;30mLevel 1[0m checking '/home/kkkk/bxi_arm_v2/install/aero_hand_open/bin'
[3.525s] [34mcolcon.colcon_core.environment[0m [1;30mLevel 1[0m create_environment_scripts_only(aero_hand_open)
[3.526s] [34mcolcon.colcon_core.shell[0m [1;30mINFO[0m Creating package script '/home/kkkk/bxi_arm_v2/install/aero_hand_open/share/aero_hand_open/package.ps1'
[3.526s] [34mcolcon.colcon_core.shell[0m [1;30mINFO[0m Creating package descriptor '/home/kkkk/bxi_arm_v2/install/aero_hand_open/share/aero_hand_open/package.dsv'
[3.526s] [34mcolcon.colcon_core.shell[0m [1;30mINFO[0m Creating package script '/home/kkkk/bxi_arm_v2/install/aero_hand_open/share/aero_hand_open/package.sh'
[3.526s] [34mcolcon.colcon_core.shell[0m [1;30mINFO[0m Creating package script '/home/kkkk/bxi_arm_v2/install/aero_hand_open/share/aero_hand_open/package.bash'
[3.527s] [34mcolcon.colcon_core.shell[0m [1;30mINFO[0m Creating package script '/home/kkkk/bxi_arm_v2/install/aero_hand_open/share/aero_hand_open/package.zsh'
[3.527s] [34mcolcon.colcon_core.environment[0m [1;30mLevel 1[0m create_file_with_runtime_dependencies(/home/kkkk/bxi_arm_v2/install/aero_hand_open/share/colcon-core/packages/aero_hand_open)
[3.527s] [34mcolcon.colcon_ros.task.ament_python.build[0m [1;30mINFO[0m Building ROS package in '/home/kkkk/bxi_arm_v2/src/aero-hand-open/src/aero_hand_open_teleop' with build type 'ament_python'
[3.527s] [34mcolcon.colcon_core.shell[0m [1;30mLevel 1[0m create_environment_hook('aero_hand_open_teleop', 'ament_prefix_path')
[3.527s] [34mcolcon.colcon_core.shell[0m [1;30mINFO[0m Creating environment hook '/home/kkkk/bxi_arm_v2/install/aero_hand_open_teleop/share/aero_hand_open_teleop/hook/ament_prefix_path.ps1'
[3.528s] [34mcolcon.colcon_core.shell[0m [1;30mINFO[0m Creating environment descriptor '/home/kkkk/bxi_arm_v2/install/aero_hand_open_teleop/share/aero_hand_open_teleop/hook/ament_prefix_path.dsv'
[3.528s] [34mcolcon.colcon_core.shell[0m [1;30mINFO[0m Creating environment hook '/home/kkkk/bxi_arm_v2/install/aero_hand_open_teleop/share/aero_hand_open_teleop/hook/ament_prefix_path.sh'
[3.528s] [34mcolcon.colcon_core.shell[0m [1;30mINFO[0m Skip shell extension 'powershell' for command environment: Not usable outside of PowerShell
[3.529s] [34mcolcon.colcon_core.shell[0m [1;30mDEBUG[0m [32mSkip shell extension 'dsv' for command environment[0m
[3.674s] [34mcolcon.colcon_core.task.python.build[0m [1;30mINFO[0m Building Python package in '/home/kkkk/bxi_arm_v2/src/aero-hand-open/src/aero_hand_open_teleop'
[3.674s] [34mcolcon.colcon_core.shell[0m [1;30mINFO[0m Skip shell extension 'powershell' for command environment: Not usable outside of PowerShell
[3.674s] [34mcolcon.colcon_core.shell[0m [1;30mDEBUG[0m [32mSkip shell extension 'dsv' for command environment[0m
[3.791s] [34mcolcon.colcon_core.environment[0m [1;30mLevel 1[0m checking '/home/kkkk/bxi_arm_v2/install/aero_hand_open_rl' for CMake module files
[3.791s] [34mcolcon.colcon_core.environment[0m [1;30mLevel 1[0m checking '/home/kkkk/bxi_arm_v2/install/aero_hand_open_rl' for CMake config files
[3.792s] [34mcolcon.colcon_core.event_handler.log_command[0m [1;30mDEBUG[0m [32mInvoked command in '/home/kkkk/bxi_arm_v2/src/aero-hand-open/src/aero_hand_open_rl' returned '0': CMAKE_PREFIX_PATH=/home/kkkk/bxi_arm_v2/install/aero_hand_open_msgs:/home/kkkk/bxi_arm_v2/install/remote_controller:/home/kkkk/bxi_arm_v2/install/pico_bxi_server:/home/kkkk/bxi_arm_v2/install/bxi_example_arm:/home/kkkk/bxi_arm_v2/install/bxi_example:/home/kkkk/moveit2/install/pilz_industrial_motion_planner_testutils:/home/kkkk/moveit2/install/moveit_runtime:/home/kkkk/moveit2/install/moveit2_tutorials:/home/kkkk/moveit2/install/moveit:/home/kkkk/moveit2/install/moveit_planners:/home/kkkk/moveit2/install/pilz_industrial_motion_planner:/home/kkkk/moveit2/install/moveit_visual_tools:/home/kkkk/moveit2/install/moveit_task_constructor_visualization:/home/kkkk/moveit2/install/moveit_task_constructor_demo:/home/kkkk/moveit2/install/moveit_task_constructor_capabilities:/home/kkkk/moveit2/install/moveit_task_constructor_core:/home/kkkk/moveit2/install/moveit_ros_control_interface:/home/kkkk/moveit2/install/moveit_plugins:/home/kkkk/moveit2/install/moveit_simple_controller_manager:/home/kkkk/moveit2/install/moveit_setup_assistant:/home/kkkk/moveit2/install/moveit_setup_srdf_plugins:/home/kkkk/moveit2/install/moveit_setup_core_plugins:/home/kkkk/moveit2/install/moveit_setup_controllers:/home/kkkk/moveit2/install/moveit_setup_app_plugins:/home/kkkk/moveit2/install/moveit_setup_framework:/home/kkkk/moveit2/install/moveit_servo:/home/kkkk/moveit2/install/moveit_ros:/home/kkkk/moveit2/install/moveit_ros_visualization:/home/kkkk/moveit2/install/moveit_py:/home/kkkk/moveit2/install/moveit_hybrid_planning:/home/kkkk/moveit2/install/moveit_ros_planning_interface:/home/kkkk/moveit2/install/moveit_ros_benchmarks:/home/kkkk/moveit2/install/moveit_ros_warehouse:/home/kkkk/moveit2/install/moveit_ros_robot_interaction:/home/kkkk/moveit2/install/moveit_ros_perception:/home/kkkk/moveit2/install/moveit_resources_prbt_pg70_support:/home/kkkk/moveit2/install/moveit_resources_prbt_moveit_config:/home/kkkk/moveit2/install/moveit_ros_move_group:/home/kkkk/moveit2/install/moveit_planners_ompl:/home/kkkk/moveit2/install/moveit_ros_planning:/home/kkkk/moveit2/install/moveit_ros_occupancy_map_monitor:/home/kkkk/moveit2/install/moveit_resources_prbt_ikfast_manipulator_plugin:/home/kkkk/moveit2/install/moveit_planners_chomp:/home/kkkk/moveit2/install/moveit_kinematics:/home/kkkk/moveit2/install/moveit_chomp_optimizer_adapter:/home/kkkk/moveit2/install/chomp_motion_planner:/home/kkkk/moveit2/install/moveit_core:/home/kkkk/moveit2/install/srdfdom:/home/kkkk/moveit2/install/rviz_marker_tools:/home/kkkk/moveit2/install/rosparam_shortcuts:/home/kkkk/moveit2/install/moveit_task_constructor_msgs:/home/kkkk/moveit2/install/moveit_resources_prbt_support:/home/kkkk/moveit2/install/moveit_resources:/home/kkkk/moveit2/install/moveit_resources_pr2_description:/home/kkkk/moveit2/install/moveit_resources_panda_moveit_config:/home/kkkk/moveit2/install/moveit_resources_panda_description:/home/kkkk/moveit2/install/moveit_resources_fanuc_moveit_config:/home/kkkk/moveit2/install/moveit_resources_fanuc_description:/home/kkkk/moveit2/install/moveit_common:/home/kkkk/ws_rviz2/install/rviz_visual_testing_framework:/home/kkkk/ws_rviz2/install/rviz_rendering_tests:/home/kkkk/ws_rviz2/install/rviz2:/home/kkkk/ws_rviz2/install/rviz_default_plugins:/home/kkkk/ws_rviz2/install/rviz_common:/home/kkkk/ws_rviz2/install/rviz_rendering:/home/kkkk/ws_rviz2/install/rviz_ogre_vendor:/home/kkkk/ws_rviz2/install/rviz_assimp_vendor:/home/kkkk/bxi_ros2_pkg CONDA_PROMPT_MODIFIER=(ikpy) PYTHONPATH=/home/kkkk/bxi_arm_v2/build/aero_hand_open_rl/prefix_override:/home/kkkk/miniconda3/envs/ikpy/lib/python3.10/site-packages/colcon_core/task/python/colcon_distutils_commands:/home/kkkk/bxi_arm_v2/install/aero_hand_open_rl/lib/python3.10/site-packages:/home/kkkk/bxi_arm_v2/install/aero_hand_open_msgs/lib/python3.10/site-packages:/home/kkkk/bxi_arm_v2/install/hand_control/lib/python3.10/site-packages:/home/kkkk/bxi_arm_v2/install/fake_trigger/lib/python3.10/site-packages:/home/kkkk/bxi_arm_v2/install/elf3_arm_ikpy_control_pico/lib/python3.10/site-packages:/home/kkkk/bxi_arm_v2/install/elf3_arm_bringup/lib/python3.10/site-packages:/home/kkkk/bxi_arm_v2/install/bxi_example_py_trunk_neck/lib/python3.10/site-packages:/home/kkkk/bxi_arm_v2/install/bxi_example_py_trunk/lib/python3.10/site-packages:/home/kkkk/bxi_arm_v2/install/bxi_example_py_foot/lib/python3.10/site-packages:/home/kkkk/bxi_arm_v2/install/bxi_example_py_elf3/lib/python3.10/site-packages:/home/kkkk/bxi_arm_v2/install/bxi_example_py_armrc/lib/python3.10/site-packages:/home/kkkk/bxi_arm_v2/install/bxi_example_py_arm/lib/python3.10/site-packages:/home/kkkk/bxi_arm_v2/install/bxi_example_py_ankle/lib/python3.10/site-packages:/home/kkkk/bxi_arm_v2/install/bxi_example_py/lib/python3.10/site-packages:/home/kkkk/bxi_arm_v2/install/aero_hand_open_teleop/lib/python3.10/site-packages:/home/kkkk/bxi_arm_v2/install/aero_hand_open_rl/lib/python3.10/site-packages:/home/kkkk/bxi_arm_v2/install/aero_hand_open/lib/python3.10/site-packages:/home/kkkk/bxi_arm_v2/install/aero_hand_open_description/lib/python3.10/site-packages:/home/kkkk/moveit2/install/moveit_task_constructor_core/local/lib/python3.10/dist-packages:/home/kkkk/moveit2/install/moveit_py/local/lib/python3.10/dist-packages:/home/kkkk/moveit2/install/moveit_configs_utils/lib/python3.10/site-packages:/home/kkkk/moveit2/install/srdfdom/local/lib/python3.10/dist-packages:/home/kkkk/moveit2/install/moveit_task_constructor_msgs/local/lib/python3.10/dist-packages:/home/kkkk/moveit2/install/launch_param_builder/lib/python3.10/site-packages:/home/kkkk/bxi_ros2_pkg/local/lib/python3.10/dist-packages:/opt/ros/humble/lib/python3.10/site-packages:/opt/ros/humble/local/lib/python3.10/dist-packages /home/kkkk/miniconda3/envs/ikpy/bin/python3.10 -W ignore:setup.py install is deprecated -W ignore:easy_install command is deprecated setup.py egg_info --egg-base ../../../../build/aero_hand_open_rl build --build-base /home/kkkk/bxi_arm_v2/build/aero_hand_open_rl/build install --record /home/kkkk/bxi_arm_v2/build/aero_hand_open_rl/install.log --single-version-externally-managed install_data[0m
[3.792s] [34mcolcon.colcon_core.environment[0m [1;30mLevel 1[0m checking '/home/kkkk/bxi_arm_v2/install/aero_hand_open_rl/lib'
[3.792s] [34mcolcon.colcon_core.environment[0m [1;30mLevel 1[0m checking '/home/kkkk/bxi_arm_v2/install/aero_hand_open_rl/bin'
[3.792s] [34mcolcon.colcon_core.environment[0m [1;30mLevel 1[0m checking '/home/kkkk/bxi_arm_v2/install/aero_hand_open_rl/lib/pkgconfig/aero_hand_open_rl.pc'
[3.793s] [34mcolcon.colcon_core.environment[0m [1;30mLevel 1[0m checking '/home/kkkk/bxi_arm_v2/install/aero_hand_open_rl/lib/python3.10/site-packages'
[3.793s] [34mcolcon.colcon_core.shell[0m [1;30mLevel 1[0m create_environment_hook('aero_hand_open_rl', 'pythonpath')
[3.793s] [34mcolcon.colcon_core.shell[0m [1;30mINFO[0m Creating environment hook '/home/kkkk/bxi_arm_v2/install/aero_hand_open_rl/share/aero_hand_open_rl/hook/pythonpath.ps1'
[3.793s] [34mcolcon.colcon_core.shell[0m [1;30mINFO[0m Creating environment descriptor '/home/kkkk/bxi_arm_v2/install/aero_hand_open_rl/share/aero_hand_open_rl/hook/pythonpath.dsv'
[3.793s] [34mcolcon.colcon_core.shell[0m [1;30mINFO[0m Creating environment hook '/home/kkkk/bxi_arm_v2/install/aero_hand_open_rl/share/aero_hand_open_rl/hook/pythonpath.sh'
[3.794s] [34mcolcon.colcon_core.environment[0m [1;30mLevel 1[0m checking '/home/kkkk/bxi_arm_v2/install/aero_hand_open_rl/bin'
[3.794s] [34mcolcon.colcon_core.environment[0m [1;30mLevel 1[0m create_environment_scripts_only(aero_hand_open_rl)
[3.794s] [34mcolcon.colcon_core.shell[0m [1;30mINFO[0m Creating package script '/home/kkkk/bxi_arm_v2/install/aero_hand_open_rl/share/aero_hand_open_rl/package.ps1'
[3.794s] [34mcolcon.colcon_core.shell[0m [1;30mINFO[0m Creating package descriptor '/home/kkkk/bxi_arm_v2/install/aero_hand_open_rl/share/aero_hand_open_rl/package.dsv'
[3.795s] [34mcolcon.colcon_core.shell[0m [1;30mINFO[0m Creating package script '/home/kkkk/bxi_arm_v2/install/aero_hand_open_rl/share/aero_hand_open_rl/package.sh'
[3.795s] [34mcolcon.colcon_core.shell[0m [1;30mINFO[0m Creating package script '/home/kkkk/bxi_arm_v2/install/aero_hand_open_rl/share/aero_hand_open_rl/package.bash'
[3.795s] [34mcolcon.colcon_core.shell[0m [1;30mINFO[0m Creating package script '/home/kkkk/bxi_arm_v2/install/aero_hand_open_rl/share/aero_hand_open_rl/package.zsh'
[3.795s] [34mcolcon.colcon_core.environment[0m [1;30mLevel 1[0m create_file_with_runtime_dependencies(/home/kkkk/bxi_arm_v2/install/aero_hand_open_rl/share/colcon-core/packages/aero_hand_open_rl)
[3.989s] [34mcolcon.colcon_core.event_handler.log_command[0m [1;30mDEBUG[0m [32mInvoking command in '/home/kkkk/bxi_arm_v2/src/aero-hand-open/src/aero_hand_open_teleop': AMENT_PREFIX_PATH=/home/kkkk/bxi_arm_v2/install/aero_hand_open:/home/kkkk/bxi_arm_v2/install/remote_controller:/home/kkkk/bxi_arm_v2/install/pico_bxi_server:/home/kkkk/bxi_arm_v2/install/hand_control:/home/kkkk/bxi_arm_v2/install/fake_trigger:/home/kkkk/bxi_arm_v2/install/elf3_arm_ikpy_control_pico:/home/kkkk/bxi_arm_v2/install/elf3_arm_bringup:/home/kkkk/bxi_arm_v2/install/bxi_example_py_trunk_neck:/home/kkkk/bxi_arm_v2/install/bxi_example_py_trunk:/home/kkkk/bxi_arm_v2/install/bxi_example_py_foot:/home/kkkk/bxi_arm_v2/install/bxi_example_py_elf3:/home/kkkk/bxi_arm_v2/install/bxi_example_py_armrc:/home/kkkk/bxi_arm_v2/install/bxi_example_py_arm:/home/kkkk/bxi_arm_v2/install/bxi_example_py_ankle:/home/kkkk/bxi_arm_v2/install/bxi_example_py:/home/kkkk/bxi_arm_v2/install/bxi_example_arm:/home/kkkk/bxi_arm_v2/install/bxi_example:/home/kkkk/bxi_arm_v2/install/aero_hand_open_teleop:/home/kkkk/bxi_arm_v2/install/aero_hand_open_rl:/home/kkkk/bxi_arm_v2/install/aero_hand_open_msgs:/home/kkkk/bxi_arm_v2/install/aero_hand_open_description:/home/kkkk/moveit2/install/pilz_industrial_motion_planner_testutils:/home/kkkk/moveit2/install/moveit_runtime:/home/kkkk/moveit2/install/moveit2_tutorials:/home/kkkk/moveit2/install/moveit:/home/kkkk/moveit2/install/moveit_planners:/home/kkkk/moveit2/install/pilz_industrial_motion_planner:/home/kkkk/moveit2/install/moveit_visual_tools:/home/kkkk/moveit2/install/moveit_task_constructor_visualization:/home/kkkk/moveit2/install/moveit_task_constructor_demo:/home/kkkk/moveit2/install/moveit_task_constructor_capabilities:/home/kkkk/moveit2/install/moveit_task_constructor_core:/home/kkkk/moveit2/install/moveit_ros_control_interface:/home/kkkk/moveit2/install/moveit_plugins:/home/kkkk/moveit2/install/moveit_simple_controller_manager:/home/kkkk/moveit2/install/moveit_setup_assistant:/home/kkkk/moveit2/install/moveit_setup_srdf_plugins:/home/kkkk/moveit2/install/moveit_setup_core_plugins:/home/kkkk/moveit2/install/moveit_setup_controllers:/home/kkkk/moveit2/install/moveit_setup_app_plugins:/home/kkkk/moveit2/install/moveit_setup_framework:/home/kkkk/moveit2/install/moveit_servo:/home/kkkk/moveit2/install/moveit_ros:/home/kkkk/moveit2/install/moveit_ros_visualization:/home/kkkk/moveit2/install/moveit_py:/home/kkkk/moveit2/install/moveit_hybrid_planning:/home/kkkk/moveit2/install/moveit_ros_planning_interface:/home/kkkk/moveit2/install/moveit_ros_benchmarks:/home/kkkk/moveit2/install/moveit_ros_warehouse:/home/kkkk/moveit2/install/moveit_ros_robot_interaction:/home/kkkk/moveit2/install/moveit_ros_perception:/home/kkkk/moveit2/install/moveit_resources_prbt_pg70_support:/home/kkkk/moveit2/install/moveit_resources_prbt_moveit_config:/home/kkkk/moveit2/install/moveit_ros_move_group:/home/kkkk/moveit2/install/moveit_planners_ompl:/home/kkkk/moveit2/install/moveit_ros_planning:/home/kkkk/moveit2/install/moveit_ros_occupancy_map_monitor:/home/kkkk/moveit2/install/moveit_resources_prbt_ikfast_manipulator_plugin:/home/kkkk/moveit2/install/moveit_planners_chomp:/home/kkkk/moveit2/install/moveit_kinematics:/home/kkkk/moveit2/install/moveit_chomp_optimizer_adapter:/home/kkkk/moveit2/install/chomp_motion_planner:/home/kkkk/moveit2/install/moveit_core:/home/kkkk/moveit2/install/moveit_configs_utils:/home/kkkk/moveit2/install/srdfdom:/home/kkkk/moveit2/install/rviz_marker_tools:/home/kkkk/moveit2/install/rosparam_shortcuts:/home/kkkk/moveit2/install/moveit_task_constructor_msgs:/home/kkkk/moveit2/install/moveit_resources_prbt_support:/home/kkkk/moveit2/install/moveit_resources:/home/kkkk/moveit2/install/moveit_resources_pr2_description:/home/kkkk/moveit2/install/moveit_resources_panda_moveit_config:/home/kkkk/moveit2/install/moveit_resources_panda_description:/home/kkkk/moveit2/install/moveit_resources_fanuc_moveit_config:/home/kkkk/moveit2/install/moveit_resources_fanuc_description:/home/kkkk/moveit2/install/moveit_common:/home/kkkk/moveit2/install/launch_param_builder:/home/kkkk/ws_rviz2/install/rviz_visual_testing_framework:/home/kkkk/ws_rviz2/install/rviz_rendering_tests:/home/kkkk/ws_rviz2/install/rviz2:/home/kkkk/ws_rviz2/install/rviz_default_plugins:/home/kkkk/ws_rviz2/install/rviz_common:/home/kkkk/ws_rviz2/install/rviz_rendering:/home/kkkk/ws_rviz2/install/rviz_ogre_vendor:/home/kkkk/ws_rviz2/install/rviz_assimp_vendor:/home/kkkk/bxi_ros2_pkg:/opt/ros/humble CMAKE_PREFIX_PATH=/home/kkkk/bxi_arm_v2/install/aero_hand_open_msgs:/home/kkkk/bxi_arm_v2/install/remote_controller:/home/kkkk/bxi_arm_v2/install/pico_bxi_server:/home/kkkk/bxi_arm_v2/install/bxi_example_arm:/home/kkkk/bxi_arm_v2/install/bxi_example:/home/kkkk/moveit2/install/pilz_industrial_motion_planner_testutils:/home/kkkk/moveit2/install/moveit_runtime:/home/kkkk/moveit2/install/moveit2_tutorials:/home/kkkk/moveit2/install/moveit:/home/kkkk/moveit2/install/moveit_planners:/home/kkkk/moveit2/install/pilz_industrial_motion_planner:/home/kkkk/moveit2/install/moveit_visual_tools:/home/kkkk/moveit2/install/moveit_task_constructor_visualization:/home/kkkk/moveit2/install/moveit_task_constructor_demo:/home/kkkk/moveit2/install/moveit_task_constructor_capabilities:/home/kkkk/moveit2/install/moveit_task_constructor_core:/home/kkkk/moveit2/install/moveit_ros_control_interface:/home/kkkk/moveit2/install/moveit_plugins:/home/kkkk/moveit2/install/moveit_simple_controller_manager:/home/kkkk/moveit2/install/moveit_setup_assistant:/home/kkkk/moveit2/install/moveit_setup_srdf_plugins:/home/kkkk/moveit2/install/moveit_setup_core_plugins:/home/kkkk/moveit2/install/moveit_setup_controllers:/home/kkkk/moveit2/install/moveit_setup_app_plugins:/home/kkkk/moveit2/install/moveit_setup_framework:/home/kkkk/moveit2/install/moveit_servo:/home/kkkk/moveit2/install/moveit_ros:/home/kkkk/moveit2/install/moveit_ros_visualization:/home/kkkk/moveit2/install/moveit_py:/home/kkkk/moveit2/install/moveit_hybrid_planning:/home/kkkk/moveit2/install/moveit_ros_planning_interface:/home/kkkk/moveit2/install/moveit_ros_benchmarks:/home/kkkk/moveit2/install/moveit_ros_warehouse:/home/kkkk/moveit2/install/moveit_ros_robot_interaction:/home/kkkk/moveit2/install/moveit_ros_perception:/home/kkkk/moveit2/install/moveit_resources_prbt_pg70_support:/home/kkkk/moveit2/install/moveit_resources_prbt_moveit_config:/home/kkkk/moveit2/install/moveit_ros_move_group:/home/kkkk/moveit2/install/moveit_planners_ompl:/home/kkkk/moveit2/install/moveit_ros_planning:/home/kkkk/moveit2/install/moveit_ros_occupancy_map_monitor:/home/kkkk/moveit2/install/moveit_resources_prbt_ikfast_manipulator_plugin:/home/kkkk/moveit2/install/moveit_planners_chomp:/home/kkkk/moveit2/install/moveit_kinematics:/home/kkkk/moveit2/install/moveit_chomp_optimizer_adapter:/home/kkkk/moveit2/install/chomp_motion_planner:/home/kkkk/moveit2/install/moveit_core:/home/kkkk/moveit2/install/srdfdom:/home/kkkk/moveit2/install/rviz_marker_tools:/home/kkkk/moveit2/install/rosparam_shortcuts:/home/kkkk/moveit2/install/moveit_task_constructor_msgs:/home/kkkk/moveit2/install/moveit_resources_prbt_support:/home/kkkk/moveit2/install/moveit_resources:/home/kkkk/moveit2/install/moveit_resources_pr2_description:/home/kkkk/moveit2/install/moveit_resources_panda_moveit_config:/home/kkkk/moveit2/install/moveit_resources_panda_description:/home/kkkk/moveit2/install/moveit_resources_fanuc_moveit_config:/home/kkkk/moveit2/install/moveit_resources_fanuc_description:/home/kkkk/moveit2/install/moveit_common:/home/kkkk/ws_rviz2/install/rviz_visual_testing_framework:/home/kkkk/ws_rviz2/install/rviz_rendering_tests:/home/kkkk/ws_rviz2/install/rviz2:/home/kkkk/ws_rviz2/install/rviz_default_plugins:/home/kkkk/ws_rviz2/install/rviz_common:/home/kkkk/ws_rviz2/install/rviz_rendering:/home/kkkk/ws_rviz2/install/rviz_ogre_vendor:/home/kkkk/ws_rviz2/install/rviz_assimp_vendor:/home/kkkk/bxi_ros2_pkg CONDA_PROMPT_MODIFIER=(ikpy) PYTHONPATH=/home/kkkk/bxi_arm_v2/build/aero_hand_open_teleop/prefix_override:/home/kkkk/miniconda3/envs/ikpy/lib/python3.10/site-packages/colcon_core/task/python/colcon_distutils_commands:/home/kkkk/bxi_arm_v2/install/aero_hand_open_teleop/lib/python3.10/site-packages:/home/kkkk/bxi_arm_v2/install/aero_hand_open/lib/python3.10/site-packages:/home/kkkk/bxi_arm_v2/install/aero_hand_open_msgs/lib/python3.10/site-packages:/home/kkkk/bxi_arm_v2/install/hand_control/lib/python3.10/site-packages:/home/kkkk/bxi_arm_v2/install/fake_trigger/lib/python3.10/site-packages:/home/kkkk/bxi_arm_v2/install/elf3_arm_ikpy_control_pico/lib/python3.10/site-packages:/home/kkkk/bxi_arm_v2/install/elf3_arm_bringup/lib/python3.10/site-packages:/home/kkkk/bxi_arm_v2/install/bxi_example_py_trunk_neck/lib/python3.10/site-packages:/home/kkkk/bxi_arm_v2/install/bxi_example_py_trunk/lib/python3.10/site-packages:/home/kkkk/bxi_arm_v2/install/bxi_example_py_foot/lib/python3.10/site-packages:/home/kkkk/bxi_arm_v2/install/bxi_example_py_elf3/lib/python3.10/site-packages:/home/kkkk/bxi_arm_v2/install/bxi_example_py_armrc/lib/python3.10/site-packages:/home/kkkk/bxi_arm_v2/install/bxi_example_py_arm/lib/python3.10/site-packages:/home/kkkk/bxi_arm_v2/install/bxi_example_py_ankle/lib/python3.10/site-packages:/home/kkkk/bxi_arm_v2/install/bxi_example_py/lib/python3.10/site-packages:/home/kkkk/bxi_arm_v2/install/aero_hand_open_teleop/lib/python3.10/site-packages:/home/kkkk/bxi_arm_v2/install/aero_hand_open_rl/lib/python3.10/site-packages:/home/kkkk/bxi_arm_v2/install/aero_hand_open_description/lib/python3.10/site-packages:/home/kkkk/moveit2/install/moveit_task_constructor_core/local/lib/python3.10/dist-packages:/home/kkkk/moveit2/install/moveit_py/local/lib/python3.10/dist-packages:/home/kkkk/moveit2/install/moveit_configs_utils/lib/python3.10/site-packages:/home/kkkk/moveit2/install/srdfdom/local/lib/python3.10/dist-packages:/home/kkkk/moveit2/install/moveit_task_constructor_msgs/local/lib/python3.10/dist-packages:/home/kkkk/moveit2/install/launch_param_builder/lib/python3.10/site-packages:/home/kkkk/bxi_ros2_pkg/local/lib/python3.10/dist-packages:/opt/ros/humble/lib/python3.10/site-packages:/opt/ros/humble/local/lib/python3.10/dist-packages /home/kkkk/miniconda3/envs/ikpy/bin/python3.10 -W ignore:setup.py install is deprecated -W ignore:easy_install command is deprecated setup.py egg_info --egg-base ../../../../build/aero_hand_open_teleop build --build-base /home/kkkk/bxi_arm_v2/build/aero_hand_open_teleop/build install --record /home/kkkk/bxi_arm_v2/build/aero_hand_open_teleop/install.log --single-version-externally-managed install_data[0m
[4.275s] [34mcolcon.colcon_core.environment[0m [1;30mLevel 1[0m checking '/home/kkkk/bxi_arm_v2/install/aero_hand_open_teleop' for CMake module files
[4.275s] [34mcolcon.colcon_core.event_handler.log_command[0m [1;30mDEBUG[0m [32mInvoked command in '/home/kkkk/bxi_arm_v2/src/aero-hand-open/src/aero_hand_open_teleop' returned '0': AMENT_PREFIX_PATH=/home/kkkk/bxi_arm_v2/install/aero_hand_open:/home/kkkk/bxi_arm_v2/install/remote_controller:/home/kkkk/bxi_arm_v2/install/pico_bxi_server:/home/kkkk/bxi_arm_v2/install/hand_control:/home/kkkk/bxi_arm_v2/install/fake_trigger:/home/kkkk/bxi_arm_v2/install/elf3_arm_ikpy_control_pico:/home/kkkk/bxi_arm_v2/install/elf3_arm_bringup:/home/kkkk/bxi_arm_v2/install/bxi_example_py_trunk_neck:/home/kkkk/bxi_arm_v2/install/bxi_example_py_trunk:/home/kkkk/bxi_arm_v2/install/bxi_example_py_foot:/home/kkkk/bxi_arm_v2/install/bxi_example_py_elf3:/home/kkkk/bxi_arm_v2/install/bxi_example_py_armrc:/home/kkkk/bxi_arm_v2/install/bxi_example_py_arm:/home/kkkk/bxi_arm_v2/install/bxi_example_py_ankle:/home/kkkk/bxi_arm_v2/install/bxi_example_py:/home/kkkk/bxi_arm_v2/install/bxi_example_arm:/home/kkkk/bxi_arm_v2/install/bxi_example:/home/kkkk/bxi_arm_v2/install/aero_hand_open_teleop:/home/kkkk/bxi_arm_v2/install/aero_hand_open_rl:/home/kkkk/bxi_arm_v2/install/aero_hand_open_msgs:/home/kkkk/bxi_arm_v2/install/aero_hand_open_description:/home/kkkk/moveit2/install/pilz_industrial_motion_planner_testutils:/home/kkkk/moveit2/install/moveit_runtime:/home/kkkk/moveit2/install/moveit2_tutorials:/home/kkkk/moveit2/install/moveit:/home/kkkk/moveit2/install/moveit_planners:/home/kkkk/moveit2/install/pilz_industrial_motion_planner:/home/kkkk/moveit2/install/moveit_visual_tools:/home/kkkk/moveit2/install/moveit_task_constructor_visualization:/home/kkkk/moveit2/install/moveit_task_constructor_demo:/home/kkkk/moveit2/install/moveit_task_constructor_capabilities:/home/kkkk/moveit2/install/moveit_task_constructor_core:/home/kkkk/moveit2/install/moveit_ros_control_interface:/home/kkkk/moveit2/install/moveit_plugins:/home/kkkk/moveit2/install/moveit_simple_controller_manager:/home/kkkk/moveit2/install/moveit_setup_assistant:/home/kkkk/moveit2/install/moveit_setup_srdf_plugins:/home/kkkk/moveit2/install/moveit_setup_core_plugins:/home/kkkk/moveit2/install/moveit_setup_controllers:/home/kkkk/moveit2/install/moveit_setup_app_plugins:/home/kkkk/moveit2/install/moveit_setup_framework:/home/kkkk/moveit2/install/moveit_servo:/home/kkkk/moveit2/install/moveit_ros:/home/kkkk/moveit2/install/moveit_ros_visualization:/home/kkkk/moveit2/install/moveit_py:/home/kkkk/moveit2/install/moveit_hybrid_planning:/home/kkkk/moveit2/install/moveit_ros_planning_interface:/home/kkkk/moveit2/install/moveit_ros_benchmarks:/home/kkkk/moveit2/install/moveit_ros_warehouse:/home/kkkk/moveit2/install/moveit_ros_robot_interaction:/home/kkkk/moveit2/install/moveit_ros_perception:/home/kkkk/moveit2/install/moveit_resources_prbt_pg70_support:/home/kkkk/moveit2/install/moveit_resources_prbt_moveit_config:/home/kkkk/moveit2/install/moveit_ros_move_group:/home/kkkk/moveit2/install/moveit_planners_ompl:/home/kkkk/moveit2/install/moveit_ros_planning:/home/kkkk/moveit2/install/moveit_ros_occupancy_map_monitor:/home/kkkk/moveit2/install/moveit_resources_prbt_ikfast_manipulator_plugin:/home/kkkk/moveit2/install/moveit_planners_chomp:/home/kkkk/moveit2/install/moveit_kinematics:/home/kkkk/moveit2/install/moveit_chomp_optimizer_adapter:/home/kkkk/moveit2/install/chomp_motion_planner:/home/kkkk/moveit2/install/moveit_core:/home/kkkk/moveit2/install/moveit_configs_utils:/home/kkkk/moveit2/install/srdfdom:/home/kkkk/moveit2/install/rviz_marker_tools:/home/kkkk/moveit2/install/rosparam_shortcuts:/home/kkkk/moveit2/install/moveit_task_constructor_msgs:/home/kkkk/moveit2/install/moveit_resources_prbt_support:/home/kkkk/moveit2/install/moveit_resources:/home/kkkk/moveit2/install/moveit_resources_pr2_description:/home/kkkk/moveit2/install/moveit_resources_panda_moveit_config:/home/kkkk/moveit2/install/moveit_resources_panda_description:/home/kkkk/moveit2/install/moveit_resources_fanuc_moveit_config:/home/kkkk/moveit2/install/moveit_resources_fanuc_description:/home/kkkk/moveit2/install/moveit_common:/home/kkkk/moveit2/install/launch_param_builder:/home/kkkk/ws_rviz2/install/rviz_visual_testing_framework:/home/kkkk/ws_rviz2/install/rviz_rendering_tests:/home/kkkk/ws_rviz2/install/rviz2:/home/kkkk/ws_rviz2/install/rviz_default_plugins:/home/kkkk/ws_rviz2/install/rviz_common:/home/kkkk/ws_rviz2/install/rviz_rendering:/home/kkkk/ws_rviz2/install/rviz_ogre_vendor:/home/kkkk/ws_rviz2/install/rviz_assimp_vendor:/home/kkkk/bxi_ros2_pkg:/opt/ros/humble CMAKE_PREFIX_PATH=/home/kkkk/bxi_arm_v2/install/aero_hand_open_msgs:/home/kkkk/bxi_arm_v2/install/remote_controller:/home/kkkk/bxi_arm_v2/install/pico_bxi_server:/home/kkkk/bxi_arm_v2/install/bxi_example_arm:/home/kkkk/bxi_arm_v2/install/bxi_example:/home/kkkk/moveit2/install/pilz_industrial_motion_planner_testutils:/home/kkkk/moveit2/install/moveit_runtime:/home/kkkk/moveit2/install/moveit2_tutorials:/home/kkkk/moveit2/install/moveit:/home/kkkk/moveit2/install/moveit_planners:/home/kkkk/moveit2/install/pilz_industrial_motion_planner:/home/kkkk/moveit2/install/moveit_visual_tools:/home/kkkk/moveit2/install/moveit_task_constructor_visualization:/home/kkkk/moveit2/install/moveit_task_constructor_demo:/home/kkkk/moveit2/install/moveit_task_constructor_capabilities:/home/kkkk/moveit2/install/moveit_task_constructor_core:/home/kkkk/moveit2/install/moveit_ros_control_interface:/home/kkkk/moveit2/install/moveit_plugins:/home/kkkk/moveit2/install/moveit_simple_controller_manager:/home/kkkk/moveit2/install/moveit_setup_assistant:/home/kkkk/moveit2/install/moveit_setup_srdf_plugins:/home/kkkk/moveit2/install/moveit_setup_core_plugins:/home/kkkk/moveit2/install/moveit_setup_controllers:/home/kkkk/moveit2/install/moveit_setup_app_plugins:/home/kkkk/moveit2/install/moveit_setup_framework:/home/kkkk/moveit2/install/moveit_servo:/home/kkkk/moveit2/install/moveit_ros:/home/kkkk/moveit2/install/moveit_ros_visualization:/home/kkkk/moveit2/install/moveit_py:/home/kkkk/moveit2/install/moveit_hybrid_planning:/home/kkkk/moveit2/install/moveit_ros_planning_interface:/home/kkkk/moveit2/install/moveit_ros_benchmarks:/home/kkkk/moveit2/install/moveit_ros_warehouse:/home/kkkk/moveit2/install/moveit_ros_robot_interaction:/home/kkkk/moveit2/install/moveit_ros_perception:/home/kkkk/moveit2/install/moveit_resources_prbt_pg70_support:/home/kkkk/moveit2/install/moveit_resources_prbt_moveit_config:/home/kkkk/moveit2/install/moveit_ros_move_group:/home/kkkk/moveit2/install/moveit_planners_ompl:/home/kkkk/moveit2/install/moveit_ros_planning:/home/kkkk/moveit2/install/moveit_ros_occupancy_map_monitor:/home/kkkk/moveit2/install/moveit_resources_prbt_ikfast_manipulator_plugin:/home/kkkk/moveit2/install/moveit_planners_chomp:/home/kkkk/moveit2/install/moveit_kinematics:/home/kkkk/moveit2/install/moveit_chomp_optimizer_adapter:/home/kkkk/moveit2/install/chomp_motion_planner:/home/kkkk/moveit2/install/moveit_core:/home/kkkk/moveit2/install/srdfdom:/home/kkkk/moveit2/install/rviz_marker_tools:/home/kkkk/moveit2/install/rosparam_shortcuts:/home/kkkk/moveit2/install/moveit_task_constructor_msgs:/home/kkkk/moveit2/install/moveit_resources_prbt_support:/home/kkkk/moveit2/install/moveit_resources:/home/kkkk/moveit2/install/moveit_resources_pr2_description:/home/kkkk/moveit2/install/moveit_resources_panda_moveit_config:/home/kkkk/moveit2/install/moveit_resources_panda_description:/home/kkkk/moveit2/install/moveit_resources_fanuc_moveit_config:/home/kkkk/moveit2/install/moveit_resources_fanuc_description:/home/kkkk/moveit2/install/moveit_common:/home/kkkk/ws_rviz2/install/rviz_visual_testing_framework:/home/kkkk/ws_rviz2/install/rviz_rendering_tests:/home/kkkk/ws_rviz2/install/rviz2:/home/kkkk/ws_rviz2/install/rviz_default_plugins:/home/kkkk/ws_rviz2/install/rviz_common:/home/kkkk/ws_rviz2/install/rviz_rendering:/home/kkkk/ws_rviz2/install/rviz_ogre_vendor:/home/kkkk/ws_rviz2/install/rviz_assimp_vendor:/home/kkkk/bxi_ros2_pkg CONDA_PROMPT_MODIFIER=(ikpy) PYTHONPATH=/home/kkkk/bxi_arm_v2/build/aero_hand_open_teleop/prefix_override:/home/kkkk/miniconda3/envs/ikpy/lib/python3.10/site-packages/colcon_core/task/python/colcon_distutils_commands:/home/kkkk/bxi_arm_v2/install/aero_hand_open_teleop/lib/python3.10/site-packages:/home/kkkk/bxi_arm_v2/install/aero_hand_open/lib/python3.10/site-packages:/home/kkkk/bxi_arm_v2/install/aero_hand_open_msgs/lib/python3.10/site-packages:/home/kkkk/bxi_arm_v2/install/hand_control/lib/python3.10/site-packages:/home/kkkk/bxi_arm_v2/install/fake_trigger/lib/python3.10/site-packages:/home/kkkk/bxi_arm_v2/install/elf3_arm_ikpy_control_pico/lib/python3.10/site-packages:/home/kkkk/bxi_arm_v2/install/elf3_arm_bringup/lib/python3.10/site-packages:/home/kkkk/bxi_arm_v2/install/bxi_example_py_trunk_neck/lib/python3.10/site-packages:/home/kkkk/bxi_arm_v2/install/bxi_example_py_trunk/lib/python3.10/site-packages:/home/kkkk/bxi_arm_v2/install/bxi_example_py_foot/lib/python3.10/site-packages:/home/kkkk/bxi_arm_v2/install/bxi_example_py_elf3/lib/python3.10/site-packages:/home/kkkk/bxi_arm_v2/install/bxi_example_py_armrc/lib/python3.10/site-packages:/home/kkkk/bxi_arm_v2/install/bxi_example_py_arm/lib/python3.10/site-packages:/home/kkkk/bxi_arm_v2/install/bxi_example_py_ankle/lib/python3.10/site-packages:/home/kkkk/bxi_arm_v2/install/bxi_example_py/lib/python3.10/site-packages:/home/kkkk/bxi_arm_v2/install/aero_hand_open_teleop/lib/python3.10/site-packages:/home/kkkk/bxi_arm_v2/install/aero_hand_open_rl/lib/python3.10/site-packages:/home/kkkk/bxi_arm_v2/install/aero_hand_open_description/lib/python3.10/site-packages:/home/kkkk/moveit2/install/moveit_task_constructor_core/local/lib/python3.10/dist-packages:/home/kkkk/moveit2/install/moveit_py/local/lib/python3.10/dist-packages:/home/kkkk/moveit2/install/moveit_configs_utils/lib/python3.10/site-packages:/home/kkkk/moveit2/install/srdfdom/local/lib/python3.10/dist-packages:/home/kkkk/moveit2/install/moveit_task_constructor_msgs/local/lib/python3.10/dist-packages:/home/kkkk/moveit2/install/launch_param_builder/lib/python3.10/site-packages:/home/kkkk/bxi_ros2_pkg/local/lib/python3.10/dist-packages:/opt/ros/humble/lib/python3.10/site-packages:/opt/ros/humble/local/lib/python3.10/dist-packages /home/kkkk/miniconda3/envs/ikpy/bin/python3.10 -W ignore:setup.py install is deprecated -W ignore:easy_install command is deprecated setup.py egg_info --egg-base ../../../../build/aero_hand_open_teleop build --build-base /home/kkkk/bxi_arm_v2/build/aero_hand_open_teleop/build install --record /home/kkkk/bxi_arm_v2/build/aero_hand_open_teleop/install.log --single-version-externally-managed install_data[0m
[4.276s] [34mcolcon.colcon_core.environment[0m [1;30mLevel 1[0m checking '/home/kkkk/bxi_arm_v2/install/aero_hand_open_teleop' for CMake config files
[4.276s] [34mcolcon.colcon_core.environment[0m [1;30mLevel 1[0m checking '/home/kkkk/bxi_arm_v2/install/aero_hand_open_teleop/lib'
[4.276s] [34mcolcon.colcon_core.environment[0m [1;30mLevel 1[0m checking '/home/kkkk/bxi_arm_v2/install/aero_hand_open_teleop/bin'
[4.277s] [34mcolcon.colcon_core.environment[0m [1;30mLevel 1[0m checking '/home/kkkk/bxi_arm_v2/install/aero_hand_open_teleop/lib/pkgconfig/aero_hand_open_teleop.pc'
[4.277s] [34mcolcon.colcon_core.environment[0m [1;30mLevel 1[0m checking '/home/kkkk/bxi_arm_v2/install/aero_hand_open_teleop/lib/python3.10/site-packages'
[4.277s] [34mcolcon.colcon_core.shell[0m [1;30mLevel 1[0m create_environment_hook('aero_hand_open_teleop', 'pythonpath')
[4.277s] [34mcolcon.colcon_core.shell[0m [1;30mINFO[0m Creating environment hook '/home/kkkk/bxi_arm_v2/install/aero_hand_open_teleop/share/aero_hand_open_teleop/hook/pythonpath.ps1'
[4.277s] [34mcolcon.colcon_core.shell[0m [1;30mINFO[0m Creating environment descriptor '/home/kkkk/bxi_arm_v2/install/aero_hand_open_teleop/share/aero_hand_open_teleop/hook/pythonpath.dsv'
[4.277s] [34mcolcon.colcon_core.shell[0m [1;30mINFO[0m Creating environment hook '/home/kkkk/bxi_arm_v2/install/aero_hand_open_teleop/share/aero_hand_open_teleop/hook/pythonpath.sh'
[4.278s] [34mcolcon.colcon_core.environment[0m [1;30mLevel 1[0m checking '/home/kkkk/bxi_arm_v2/install/aero_hand_open_teleop/bin'
[4.278s] [34mcolcon.colcon_core.environment[0m [1;30mLevel 1[0m create_environment_scripts_only(aero_hand_open_teleop)
[4.278s] [34mcolcon.colcon_core.shell[0m [1;30mINFO[0m Creating package script '/home/kkkk/bxi_arm_v2/install/aero_hand_open_teleop/share/aero_hand_open_teleop/package.ps1'
[4.278s] [34mcolcon.colcon_core.shell[0m [1;30mINFO[0m Creating package descriptor '/home/kkkk/bxi_arm_v2/install/aero_hand_open_teleop/share/aero_hand_open_teleop/package.dsv'
[4.278s] [34mcolcon.colcon_core.shell[0m [1;30mINFO[0m Creating package script '/home/kkkk/bxi_arm_v2/install/aero_hand_open_teleop/share/aero_hand_open_teleop/package.sh'
[4.279s] [34mcolcon.colcon_core.shell[0m [1;30mINFO[0m Creating package script '/home/kkkk/bxi_arm_v2/install/aero_hand_open_teleop/share/aero_hand_open_teleop/package.bash'
[4.279s] [34mcolcon.colcon_core.shell[0m [1;30mINFO[0m Creating package script '/home/kkkk/bxi_arm_v2/install/aero_hand_open_teleop/share/aero_hand_open_teleop/package.zsh'
[4.279s] [34mcolcon.colcon_core.environment[0m [1;30mLevel 1[0m create_file_with_runtime_dependencies(/home/kkkk/bxi_arm_v2/install/aero_hand_open_teleop/share/colcon-core/packages/aero_hand_open_teleop)
[6.234s] [34mcolcon.colcon_core.event_handler.log_command[0m [1;30mDEBUG[0m [32mInvoked command in '/home/kkkk/bxi_arm_v2/build/pico_bxi_server' returned '0': CMAKE_PREFIX_PATH=${CMAKE_PREFIX_PATH}:/home/kkkk/bxi_arm_v2/install/hand_control:/home/kkkk/bxi_arm_v2/install/fake_trigger:/home/kkkk/bxi_arm_v2/install/elf3_arm_ikpy_control_pico:/home/kkkk/bxi_arm_v2/install/elf3_arm_bringup:/home/kkkk/bxi_arm_v2/install/bxi_example_py_trunk_neck:/home/kkkk/bxi_arm_v2/install/bxi_example_py_trunk:/home/kkkk/bxi_arm_v2/install/bxi_example_py_foot:/home/kkkk/bxi_arm_v2/install/bxi_example_py_elf3:/home/kkkk/bxi_arm_v2/install/bxi_example_py_armrc:/home/kkkk/bxi_arm_v2/install/bxi_example_py_arm:/home/kkkk/bxi_arm_v2/install/bxi_example_py_ankle:/home/kkkk/bxi_arm_v2/install/bxi_example_py:/home/kkkk/bxi_arm_v2/install/aero_hand_open_teleop:/home/kkkk/bxi_arm_v2/install/aero_hand_open_rl:/home/kkkk/bxi_arm_v2/install/aero_hand_open:/home/kkkk/bxi_arm_v2/install/aero_hand_open_description:/home/kkkk/moveit2/install/moveit_configs_utils:/home/kkkk/moveit2/install/launch_param_builder:/opt/ros/humble CONDA_PROMPT_MODIFIER=(ikpy) /usr/bin/cmake --build /home/kkkk/bxi_arm_v2/build/pico_bxi_server -- -j16 -l16[0m
[6.235s] [34mcolcon.colcon_core.event_handler.log_command[0m [1;30mDEBUG[0m [32mInvoking command in '/home/kkkk/bxi_arm_v2/build/pico_bxi_server': CMAKE_PREFIX_PATH=${CMAKE_PREFIX_PATH}:/home/kkkk/bxi_arm_v2/install/hand_control:/home/kkkk/bxi_arm_v2/install/fake_trigger:/home/kkkk/bxi_arm_v2/install/elf3_arm_ikpy_control_pico:/home/kkkk/bxi_arm_v2/install/elf3_arm_bringup:/home/kkkk/bxi_arm_v2/install/bxi_example_py_trunk_neck:/home/kkkk/bxi_arm_v2/install/bxi_example_py_trunk:/home/kkkk/bxi_arm_v2/install/bxi_example_py_foot:/home/kkkk/bxi_arm_v2/install/bxi_example_py_elf3:/home/kkkk/bxi_arm_v2/install/bxi_example_py_armrc:/home/kkkk/bxi_arm_v2/install/bxi_example_py_arm:/home/kkkk/bxi_arm_v2/install/bxi_example_py_ankle:/home/kkkk/bxi_arm_v2/install/bxi_example_py:/home/kkkk/bxi_arm_v2/install/aero_hand_open_teleop:/home/kkkk/bxi_arm_v2/install/aero_hand_open_rl:/home/kkkk/bxi_arm_v2/install/aero_hand_open:/home/kkkk/bxi_arm_v2/install/aero_hand_open_description:/home/kkkk/moveit2/install/moveit_configs_utils:/home/kkkk/moveit2/install/launch_param_builder:/opt/ros/humble CONDA_PROMPT_MODIFIER=(ikpy) /usr/bin/cmake --install /home/kkkk/bxi_arm_v2/build/pico_bxi_server[0m
[6.246s] [34mcolcon.colcon_core.environment[0m [1;30mLevel 1[0m create_environment_scripts_only(pico_bxi_server)
[6.246s] [34mcolcon.colcon_core.environment[0m [1;30mLevel 1[0m checking '/home/kkkk/bxi_arm_v2/install/pico_bxi_server' for CMake module files
[6.246s] [34mcolcon.colcon_core.event_handler.log_command[0m [1;30mDEBUG[0m [32mInvoked command in '/home/kkkk/bxi_arm_v2/build/pico_bxi_server' returned '0': CMAKE_PREFIX_PATH=${CMAKE_PREFIX_PATH}:/home/kkkk/bxi_arm_v2/install/hand_control:/home/kkkk/bxi_arm_v2/install/fake_trigger:/home/kkkk/bxi_arm_v2/install/elf3_arm_ikpy_control_pico:/home/kkkk/bxi_arm_v2/install/elf3_arm_bringup:/home/kkkk/bxi_arm_v2/install/bxi_example_py_trunk_neck:/home/kkkk/bxi_arm_v2/install/bxi_example_py_trunk:/home/kkkk/bxi_arm_v2/install/bxi_example_py_foot:/home/kkkk/bxi_arm_v2/install/bxi_example_py_elf3:/home/kkkk/bxi_arm_v2/install/bxi_example_py_armrc:/home/kkkk/bxi_arm_v2/install/bxi_example_py_arm:/home/kkkk/bxi_arm_v2/install/bxi_example_py_ankle:/home/kkkk/bxi_arm_v2/install/bxi_example_py:/home/kkkk/bxi_arm_v2/install/aero_hand_open_teleop:/home/kkkk/bxi_arm_v2/install/aero_hand_open_rl:/home/kkkk/bxi_arm_v2/install/aero_hand_open:/home/kkkk/bxi_arm_v2/install/aero_hand_open_description:/home/kkkk/moveit2/install/moveit_configs_utils:/home/kkkk/moveit2/install/launch_param_builder:/opt/ros/humble CONDA_PROMPT_MODIFIER=(ikpy) /usr/bin/cmake --install /home/kkkk/bxi_arm_v2/build/pico_bxi_server[0m
[6.247s] [34mcolcon.colcon_core.environment[0m [1;30mLevel 1[0m checking '/home/kkkk/bxi_arm_v2/install/pico_bxi_server' for CMake config files
[6.247s] [34mcolcon.colcon_core.shell[0m [1;30mLevel 1[0m create_environment_hook('pico_bxi_server', 'cmake_prefix_path')
[6.247s] [34mcolcon.colcon_core.shell[0m [1;30mINFO[0m Creating environment hook '/home/kkkk/bxi_arm_v2/install/pico_bxi_server/share/pico_bxi_server/hook/cmake_prefix_path.ps1'
[6.247s] [34mcolcon.colcon_core.shell[0m [1;30mINFO[0m Creating environment descriptor '/home/kkkk/bxi_arm_v2/install/pico_bxi_server/share/pico_bxi_server/hook/cmake_prefix_path.dsv'
[6.247s] [34mcolcon.colcon_core.shell[0m [1;30mINFO[0m Creating environment hook '/home/kkkk/bxi_arm_v2/install/pico_bxi_server/share/pico_bxi_server/hook/cmake_prefix_path.sh'
[6.248s] [34mcolcon.colcon_core.environment[0m [1;30mLevel 1[0m checking '/home/kkkk/bxi_arm_v2/install/pico_bxi_server/lib'
[6.248s] [34mcolcon.colcon_core.environment[0m [1;30mLevel 1[0m checking '/home/kkkk/bxi_arm_v2/install/pico_bxi_server/bin'
[6.248s] [34mcolcon.colcon_core.environment[0m [1;30mLevel 1[0m checking '/home/kkkk/bxi_arm_v2/install/pico_bxi_server/lib/pkgconfig/pico_bxi_server.pc'
[6.248s] [34mcolcon.colcon_core.environment[0m [1;30mLevel 1[0m checking '/home/kkkk/bxi_arm_v2/install/pico_bxi_server/lib/python3.10/site-packages'
[6.248s] [34mcolcon.colcon_core.environment[0m [1;30mLevel 1[0m checking '/home/kkkk/bxi_arm_v2/install/pico_bxi_server/bin'
[6.248s] [34mcolcon.colcon_core.shell[0m [1;30mINFO[0m Creating package script '/home/kkkk/bxi_arm_v2/install/pico_bxi_server/share/pico_bxi_server/package.ps1'
[6.248s] [34mcolcon.colcon_core.shell[0m [1;30mINFO[0m Creating package descriptor '/home/kkkk/bxi_arm_v2/install/pico_bxi_server/share/pico_bxi_server/package.dsv'
[6.249s] [34mcolcon.colcon_core.shell[0m [1;30mINFO[0m Creating package script '/home/kkkk/bxi_arm_v2/install/pico_bxi_server/share/pico_bxi_server/package.sh'
[6.249s] [34mcolcon.colcon_core.shell[0m [1;30mINFO[0m Creating package script '/home/kkkk/bxi_arm_v2/install/pico_bxi_server/share/pico_bxi_server/package.bash'
[6.249s] [34mcolcon.colcon_core.shell[0m [1;30mINFO[0m Creating package script '/home/kkkk/bxi_arm_v2/install/pico_bxi_server/share/pico_bxi_server/package.zsh'
[6.249s] [34mcolcon.colcon_core.environment[0m [1;30mLevel 1[0m create_file_with_runtime_dependencies(/home/kkkk/bxi_arm_v2/install/pico_bxi_server/share/colcon-core/packages/pico_bxi_server)
[6.249s] [34mcolcon.colcon_core.environment[0m [1;30mLevel 1[0m create_environment_scripts_only(pico_bxi_server)
[6.249s] [34mcolcon.colcon_core.environment[0m [1;30mLevel 1[0m checking '/home/kkkk/bxi_arm_v2/install/pico_bxi_server' for CMake module files
[6.250s] [34mcolcon.colcon_core.environment[0m [1;30mLevel 1[0m checking '/home/kkkk/bxi_arm_v2/install/pico_bxi_server' for CMake config files
[6.250s] [34mcolcon.colcon_core.shell[0m [1;30mLevel 1[0m create_environment_hook('pico_bxi_server', 'cmake_prefix_path')
[6.250s] [34mcolcon.colcon_core.shell[0m [1;30mINFO[0m Creating environment hook '/home/kkkk/bxi_arm_v2/install/pico_bxi_server/share/pico_bxi_server/hook/cmake_prefix_path.ps1'
[6.250s] [34mcolcon.colcon_core.shell[0m [1;30mINFO[0m Creating environment descriptor '/home/kkkk/bxi_arm_v2/install/pico_bxi_server/share/pico_bxi_server/hook/cmake_prefix_path.dsv'
[6.250s] [34mcolcon.colcon_core.shell[0m [1;30mINFO[0m Creating environment hook '/home/kkkk/bxi_arm_v2/install/pico_bxi_server/share/pico_bxi_server/hook/cmake_prefix_path.sh'
[6.250s] [34mcolcon.colcon_core.environment[0m [1;30mLevel 1[0m checking '/home/kkkk/bxi_arm_v2/install/pico_bxi_server/lib'
[6.250s] [34mcolcon.colcon_core.environment[0m [1;30mLevel 1[0m checking '/home/kkkk/bxi_arm_v2/install/pico_bxi_server/bin'
[6.250s] [34mcolcon.colcon_core.environment[0m [1;30mLevel 1[0m checking '/home/kkkk/bxi_arm_v2/install/pico_bxi_server/lib/pkgconfig/pico_bxi_server.pc'
[6.251s] [34mcolcon.colcon_core.environment[0m [1;30mLevel 1[0m checking '/home/kkkk/bxi_arm_v2/install/pico_bxi_server/lib/python3.10/site-packages'
[6.251s] [34mcolcon.colcon_core.environment[0m [1;30mLevel 1[0m checking '/home/kkkk/bxi_arm_v2/install/pico_bxi_server/bin'
[6.251s] [34mcolcon.colcon_core.shell[0m [1;30mINFO[0m Creating package script '/home/kkkk/bxi_arm_v2/install/pico_bxi_server/share/pico_bxi_server/package.ps1'
[6.251s] [34mcolcon.colcon_core.shell[0m [1;30mINFO[0m Creating package descriptor '/home/kkkk/bxi_arm_v2/install/pico_bxi_server/share/pico_bxi_server/package.dsv'
[6.251s] [34mcolcon.colcon_core.shell[0m [1;30mINFO[0m Creating package script '/home/kkkk/bxi_arm_v2/install/pico_bxi_server/share/pico_bxi_server/package.sh'
[6.251s] [34mcolcon.colcon_core.shell[0m [1;30mINFO[0m Creating package script '/home/kkkk/bxi_arm_v2/install/pico_bxi_server/share/pico_bxi_server/package.bash'
[6.252s] [34mcolcon.colcon_core.shell[0m [1;30mINFO[0m Creating package script '/home/kkkk/bxi_arm_v2/install/pico_bxi_server/share/pico_bxi_server/package.zsh'
[6.252s] [34mcolcon.colcon_core.environment[0m [1;30mLevel 1[0m create_file_with_runtime_dependencies(/home/kkkk/bxi_arm_v2/install/pico_bxi_server/share/colcon-core/packages/pico_bxi_server)
[6.252s] [34mcolcon.colcon_parallel_executor.executor.parallel[0m [1;30mDEBUG[0m [32mclosing loop[0m
[6.252s] [34mcolcon.colcon_parallel_executor.executor.parallel[0m [1;30mDEBUG[0m [32mloop closed[0m
[6.252s] [34mcolcon.colcon_parallel_executor.executor.parallel[0m [1;30mDEBUG[0m [32mrun_until_complete finished with '0'[0m
[6.252s] [34mcolcon.colcon_core.event_reactor[0m [1;30mDEBUG[0m [32mjoining thread[0m
[6.254s] [34mcolcon.colcon_core.plugin_system[0m [1;30mINFO[0m Skipping extension 'colcon_notification.desktop_notification.notify2': 'notify2' not found
[6.254s] [34mcolcon.colcon_core.plugin_system[0m [1;30mINFO[0m Skipping extension 'colcon_notification.desktop_notification.terminal_notifier': Not used on non-Darwin systems
[6.254s] [34mcolcon.colcon_core.plugin_system[0m [1;30mINFO[0m Skipping extension 'colcon_notification.desktop_notification.win32': Not used on non-Windows systems
[6.254s] [34mcolcon.colcon_notification.desktop_notification[0m [1;30mINFO[0m Sending desktop notification using 'notify_send'
[6.264s] [34mcolcon.colcon_core.event_reactor[0m [1;30mDEBUG[0m [32mjoined thread[0m
[6.265s] [34mcolcon.colcon_core.shell[0m [1;30mINFO[0m Creating prefix script '/home/kkkk/bxi_arm_v2/install/local_setup.ps1'
[6.265s] [34mcolcon.colcon_core.shell[0m [1;30mINFO[0m Creating prefix util module '/home/kkkk/bxi_arm_v2/install/_local_setup_util_ps1.py'
[6.266s] [34mcolcon.colcon_core.shell[0m [1;30mINFO[0m Creating prefix chain script '/home/kkkk/bxi_arm_v2/install/setup.ps1'
[6.268s] [34mcolcon.colcon_core.shell[0m [1;30mINFO[0m Creating prefix script '/home/kkkk/bxi_arm_v2/install/local_setup.sh'
[6.268s] [34mcolcon.colcon_core.shell[0m [1;30mINFO[0m Creating prefix util module '/home/kkkk/bxi_arm_v2/install/_local_setup_util_sh.py'
[6.269s] [34mcolcon.colcon_core.shell[0m [1;30mINFO[0m Creating prefix chain script '/home/kkkk/bxi_arm_v2/install/setup.sh'
[6.270s] [34mcolcon.colcon_core.shell[0m [1;30mINFO[0m Creating prefix script '/home/kkkk/bxi_arm_v2/install/local_setup.bash'
[6.270s] [34mcolcon.colcon_core.shell[0m [1;30mINFO[0m Creating prefix chain script '/home/kkkk/bxi_arm_v2/install/setup.bash'
[6.272s] [34mcolcon.colcon_core.shell[0m [1;30mINFO[0m Creating prefix script '/home/kkkk/bxi_arm_v2/install/local_setup.zsh'
[6.272s] [34mcolcon.colcon_core.shell[0m [1;30mINFO[0m Creating prefix chain script '/home/kkkk/bxi_arm_v2/install/setup.zsh'
