[0.079s] [34mcolcon[0m [1;30mDEBUG[0m [32mCommand line arguments: ['/home/kkkk/miniconda3/envs/ikpy/bin/colcon', 'build', '--cmake-args', '-DCMAKE_BUILD_TYPE=Release', '-DCMAKE_EXPORT_COMPILE_COMMANDS=ON'][0m
[0.079s] [34mcolcon[0m [1;30mDEBUG[0m [32mParsed command line arguments: Namespace(log_base=None, log_level=None, verb_name='build', build_base='build', install_base='install', merge_install=False, symlink_install=False, test_result_base=None, continue_on_error=False, executor='parallel', parallel_workers=16, event_handlers=None, ignore_user_meta=False, metas=['./colcon.meta'], base_paths=['.'], packages_ignore=None, packages_ignore_regex=None, paths=None, packages_up_to=None, packages_up_to_regex=None, packages_above=None, packages_above_and_dependencies=None, packages_above_depth=None, packages_select_by_dep=None, packages_skip_by_dep=None, packages_skip_up_to=None, packages_select_build_failed=False, packages_skip_build_finished=False, packages_select_test_failures=False, packages_skip_test_passed=False, packages_select=None, packages_skip=None, packages_select_regex=None, packages_skip_regex=None, packages_start=None, packages_end=None, cmake_args=['-DCMAKE_BUILD_TYPE=Release', '-DCMAKE_EXPORT_COMPILE_COMMANDS=ON'], cmake_target=None, cmake_target_skip_unavailable=False, cmake_clean_cache=False, cmake_clean_first=False, cmake_force_configure=False, ament_cmake_args=None, catkin_cmake_args=None, catkin_skip_building_tests=False, verb_parser=<colcon_defaults.argument_parser.defaults.DefaultArgumentsDecorator object at 0x7e9aa1df8400>, verb_extension=<colcon_core.verb.build.BuildVerb object at 0x7e9aa1dc7e20>, main=<bound method BuildVerb.main of <colcon_core.verb.build.BuildVerb object at 0x7e9aa1dc7e20>>)[0m
[0.098s] [34mcolcon.colcon_core.package_discovery[0m [1;30mLevel 1[0m discover_packages(colcon_meta) check parameters
[0.098s] [34mcolcon.colcon_core.package_discovery[0m [1;30mLevel 1[0m discover_packages(recursive) check parameters
[0.098s] [34mcolcon.colcon_core.package_discovery[0m [1;30mLevel 1[0m discover_packages(ignore) check parameters
[0.098s] [34mcolcon.colcon_core.package_discovery[0m [1;30mLevel 1[0m discover_packages(path) check parameters
[0.098s] [34mcolcon.colcon_core.package_discovery[0m [1;30mLevel 1[0m discover_packages(colcon_meta) discover
[0.098s] [34mcolcon.colcon_core.package_discovery[0m [1;30mLevel 1[0m discover_packages(recursive) discover
[0.098s] [34mcolcon.colcon_core.package_discovery[0m [1;30mINFO[0m Crawling recursively for packages in '/home/kkkk/bxi_arm_v2'
[0.098s] [34mcolcon.colcon_core.package_identification[0m [1;30mLevel 1[0m _identify(.) by extensions ['ignore', 'ignore_ament_install']
[0.098s] [34mcolcon.colcon_core.package_identification[0m [1;30mLevel 1[0m _identify(.) by extension 'ignore'
[0.098s] [34mcolcon.colcon_core.package_identification[0m [1;30mLevel 1[0m _identify(.) by extension 'ignore_ament_install'
[0.098s] [34mcolcon.colcon_core.package_identification[0m [1;30mLevel 1[0m _identify(.) by extensions ['colcon_pkg']
[0.098s] [34mcolcon.colcon_core.package_identification[0m [1;30mLevel 1[0m _identify(.) by extension 'colcon_pkg'
[0.098s] [34mcolcon.colcon_core.package_identification[0m [1;30mLevel 1[0m _identify(.) by extensions ['colcon_meta']
[0.098s] [34mcolcon.colcon_core.package_identification[0m [1;30mLevel 1[0m _identify(.) by extension 'colcon_meta'
[0.098s] [34mcolcon.colcon_core.package_identification[0m [1;30mLevel 1[0m _identify(.) by extensions ['ros']
[0.098s] [34mcolcon.colcon_core.package_identification[0m [1;30mLevel 1[0m _identify(.) by extension 'ros'
[0.114s] [34mcolcon.colcon_core.package_identification[0m [1;30mLevel 1[0m _identify(.) by extensions ['cmake', 'python']
[0.114s] [34mcolcon.colcon_core.package_identification[0m [1;30mLevel 1[0m _identify(.) by extension 'cmake'
[0.114s] [34mcolcon.colcon_core.package_identification[0m [1;30mLevel 1[0m _identify(.) by extension 'python'
[0.114s] [34mcolcon.colcon_core.package_identification[0m [1;30mLevel 1[0m _identify(.) by extensions ['python_setup_py']
[0.114s] [34mcolcon.colcon_core.package_identification[0m [1;30mLevel 1[0m _identify(.) by extension 'python_setup_py'
[0.114s] [34mcolcon.colcon_core.package_identification[0m [1;30mLevel 1[0m _identify(bin) by extensions ['ignore', 'ignore_ament_install']
[0.114s] [34mcolcon.colcon_core.package_identification[0m [1;30mLevel 1[0m _identify(bin) by extension 'ignore'
[0.114s] [34mcolcon.colcon_core.package_identification[0m [1;30mLevel 1[0m _identify(bin) by extension 'ignore_ament_install'
[0.114s] [34mcolcon.colcon_core.package_identification[0m [1;30mLevel 1[0m _identify(bin) by extensions ['colcon_pkg']
[0.114s] [34mcolcon.colcon_core.package_identification[0m [1;30mLevel 1[0m _identify(bin) by extension 'colcon_pkg'
[0.114s] [34mcolcon.colcon_core.package_identification[0m [1;30mLevel 1[0m _identify(bin) by extensions ['colcon_meta']
[0.114s] [34mcolcon.colcon_core.package_identification[0m [1;30mLevel 1[0m _identify(bin) by extension 'colcon_meta'
[0.114s] [34mcolcon.colcon_core.package_identification[0m [1;30mLevel 1[0m _identify(bin) by extensions ['ros']
[0.114s] [34mcolcon.colcon_core.package_identification[0m [1;30mLevel 1[0m _identify(bin) by extension 'ros'
[0.114s] [34mcolcon.colcon_core.package_identification[0m [1;30mLevel 1[0m _identify(bin) by extensions ['cmake', 'python']
[0.114s] [34mcolcon.colcon_core.package_identification[0m [1;30mLevel 1[0m _identify(bin) by extension 'cmake'
[0.114s] [34mcolcon.colcon_core.package_identification[0m [1;30mLevel 1[0m _identify(bin) by extension 'python'
[0.114s] [34mcolcon.colcon_core.package_identification[0m [1;30mLevel 1[0m _identify(bin) by extensions ['python_setup_py']
[0.114s] [34mcolcon.colcon_core.package_identification[0m [1;30mLevel 1[0m _identify(bin) by extension 'python_setup_py'
[0.114s] [34mcolcon.colcon_core.package_identification[0m [1;30mLevel 1[0m _identify(build) by extensions ['ignore', 'ignore_ament_install']
[0.114s] [34mcolcon.colcon_core.package_identification[0m [1;30mLevel 1[0m _identify(build) by extension 'ignore'
[0.114s] [34mcolcon.colcon_core.package_identification[0m [1;30mLevel 1[0m _identify(build) ignored
[0.114s] [34mcolcon.colcon_core.package_identification[0m [1;30mLevel 1[0m _identify(data) by extensions ['ignore', 'ignore_ament_install']
[0.114s] [34mcolcon.colcon_core.package_identification[0m [1;30mLevel 1[0m _identify(data) by extension 'ignore'
[0.115s] [34mcolcon.colcon_core.package_identification[0m [1;30mLevel 1[0m _identify(data) by extension 'ignore_ament_install'
[0.115s] [34mcolcon.colcon_core.package_identification[0m [1;30mLevel 1[0m _identify(data) by extensions ['colcon_pkg']
[0.115s] [34mcolcon.colcon_core.package_identification[0m [1;30mLevel 1[0m _identify(data) by extension 'colcon_pkg'
[0.115s] [34mcolcon.colcon_core.package_identification[0m [1;30mLevel 1[0m _identify(data) by extensions ['colcon_meta']
[0.115s] [34mcolcon.colcon_core.package_identification[0m [1;30mLevel 1[0m _identify(data) by extension 'colcon_meta'
[0.115s] [34mcolcon.colcon_core.package_identification[0m [1;30mLevel 1[0m _identify(data) by extensions ['ros']
[0.115s] [34mcolcon.colcon_core.package_identification[0m [1;30mLevel 1[0m _identify(data) by extension 'ros'
[0.115s] [34mcolcon.colcon_core.package_identification[0m [1;30mLevel 1[0m _identify(data) by extensions ['cmake', 'python']
[0.115s] [34mcolcon.colcon_core.package_identification[0m [1;30mLevel 1[0m _identify(data) by extension 'cmake'
[0.115s] [34mcolcon.colcon_core.package_identification[0m [1;30mLevel 1[0m _identify(data) by extension 'python'
[0.115s] [34mcolcon.colcon_core.package_identification[0m [1;30mLevel 1[0m _identify(data) by extensions ['python_setup_py']
[0.115s] [34mcolcon.colcon_core.package_identification[0m [1;30mLevel 1[0m _identify(data) by extension 'python_setup_py'
[0.115s] [34mcolcon.colcon_core.package_identification[0m [1;30mLevel 1[0m _identify(data/meshes) by extensions ['ignore', 'ignore_ament_install']
[0.115s] [34mcolcon.colcon_core.package_identification[0m [1;30mLevel 1[0m _identify(data/meshes) by extension 'ignore'
[0.115s] [34mcolcon.colcon_core.package_identification[0m [1;30mLevel 1[0m _identify(data/meshes) by extension 'ignore_ament_install'
[0.115s] [34mcolcon.colcon_core.package_identification[0m [1;30mLevel 1[0m _identify(data/meshes) by extensions ['colcon_pkg']
[0.115s] [34mcolcon.colcon_core.package_identification[0m [1;30mLevel 1[0m _identify(data/meshes) by extension 'colcon_pkg'
[0.115s] [34mcolcon.colcon_core.package_identification[0m [1;30mLevel 1[0m _identify(data/meshes) by extensions ['colcon_meta']
[0.115s] [34mcolcon.colcon_core.package_identification[0m [1;30mLevel 1[0m _identify(data/meshes) by extension 'colcon_meta'
[0.115s] [34mcolcon.colcon_core.package_identification[0m [1;30mLevel 1[0m _identify(data/meshes) by extensions ['ros']
[0.115s] [34mcolcon.colcon_core.package_identification[0m [1;30mLevel 1[0m _identify(data/meshes) by extension 'ros'
[0.115s] [34mcolcon.colcon_core.package_identification[0m [1;30mLevel 1[0m _identify(data/meshes) by extensions ['cmake', 'python']
[0.115s] [34mcolcon.colcon_core.package_identification[0m [1;30mLevel 1[0m _identify(data/meshes) by extension 'cmake'
[0.115s] [34mcolcon.colcon_core.package_identification[0m [1;30mLevel 1[0m _identify(data/meshes) by extension 'python'
[0.115s] [34mcolcon.colcon_core.package_identification[0m [1;30mLevel 1[0m _identify(data/meshes) by extensions ['python_setup_py']
[0.115s] [34mcolcon.colcon_core.package_identification[0m [1;30mLevel 1[0m _identify(data/meshes) by extension 'python_setup_py'
[0.115s] [34mcolcon.colcon_core.package_identification[0m [1;30mLevel 1[0m _identify(install) by extensions ['ignore', 'ignore_ament_install']
[0.115s] [34mcolcon.colcon_core.package_identification[0m [1;30mLevel 1[0m _identify(install) by extension 'ignore'
[0.115s] [34mcolcon.colcon_core.package_identification[0m [1;30mLevel 1[0m _identify(install) ignored
[0.115s] [34mcolcon.colcon_core.package_identification[0m [1;30mLevel 1[0m _identify(log) by extensions ['ignore', 'ignore_ament_install']
[0.115s] [34mcolcon.colcon_core.package_identification[0m [1;30mLevel 1[0m _identify(log) by extension 'ignore'
[0.115s] [34mcolcon.colcon_core.package_identification[0m [1;30mLevel 1[0m _identify(log) ignored
[0.115s] [34mcolcon.colcon_core.package_identification[0m [1;30mLevel 1[0m _identify(src) by extensions ['ignore', 'ignore_ament_install']
[0.115s] [34mcolcon.colcon_core.package_identification[0m [1;30mLevel 1[0m _identify(src) by extension 'ignore'
[0.115s] [34mcolcon.colcon_core.package_identification[0m [1;30mLevel 1[0m _identify(src) by extension 'ignore_ament_install'
[0.115s] [34mcolcon.colcon_core.package_identification[0m [1;30mLevel 1[0m _identify(src) by extensions ['colcon_pkg']
[0.115s] [34mcolcon.colcon_core.package_identification[0m [1;30mLevel 1[0m _identify(src) by extension 'colcon_pkg'
[0.115s] [34mcolcon.colcon_core.package_identification[0m [1;30mLevel 1[0m _identify(src) by extensions ['colcon_meta']
[0.115s] [34mcolcon.colcon_core.package_identification[0m [1;30mLevel 1[0m _identify(src) by extension 'colcon_meta'
[0.115s] [34mcolcon.colcon_core.package_identification[0m [1;30mLevel 1[0m _identify(src) by extensions ['ros']
[0.115s] [34mcolcon.colcon_core.package_identification[0m [1;30mLevel 1[0m _identify(src) by extension 'ros'
[0.115s] [34mcolcon.colcon_core.package_identification[0m [1;30mLevel 1[0m _identify(src) by extensions ['cmake', 'python']
[0.115s] [34mcolcon.colcon_core.package_identification[0m [1;30mLevel 1[0m _identify(src) by extension 'cmake'
[0.115s] [34mcolcon.colcon_core.package_identification[0m [1;30mLevel 1[0m _identify(src) by extension 'python'
[0.115s] [34mcolcon.colcon_core.package_identification[0m [1;30mLevel 1[0m _identify(src) by extensions ['python_setup_py']
[0.115s] [34mcolcon.colcon_core.package_identification[0m [1;30mLevel 1[0m _identify(src) by extension 'python_setup_py'
[0.115s] [34mcolcon.colcon_core.package_identification[0m [1;30mLevel 1[0m _identify(src/aero-hand-open) by extensions ['ignore', 'ignore_ament_install']
[0.116s] [34mcolcon.colcon_core.package_identification[0m [1;30mLevel 1[0m _identify(src/aero-hand-open) by extension 'ignore'
[0.116s] [34mcolcon.colcon_core.package_identification[0m [1;30mLevel 1[0m _identify(src/aero-hand-open) by extension 'ignore_ament_install'
[0.116s] [34mcolcon.colcon_core.package_identification[0m [1;30mLevel 1[0m _identify(src/aero-hand-open) by extensions ['colcon_pkg']
[0.116s] [34mcolcon.colcon_core.package_identification[0m [1;30mLevel 1[0m _identify(src/aero-hand-open) by extension 'colcon_pkg'
[0.116s] [34mcolcon.colcon_core.package_identification[0m [1;30mLevel 1[0m _identify(src/aero-hand-open) by extensions ['colcon_meta']
[0.116s] [34mcolcon.colcon_core.package_identification[0m [1;30mLevel 1[0m _identify(src/aero-hand-open) by extension 'colcon_meta'
[0.116s] [34mcolcon.colcon_core.package_identification[0m [1;30mLevel 1[0m _identify(src/aero-hand-open) by extensions ['ros']
[0.116s] [34mcolcon.colcon_core.package_identification[0m [1;30mLevel 1[0m _identify(src/aero-hand-open) by extension 'ros'
[0.116s] [34mcolcon.colcon_core.package_identification[0m [1;30mLevel 1[0m _identify(src/aero-hand-open) by extensions ['cmake', 'python']
[0.116s] [34mcolcon.colcon_core.package_identification[0m [1;30mLevel 1[0m _identify(src/aero-hand-open) by extension 'cmake'
[0.116s] [34mcolcon.colcon_core.package_identification[0m [1;30mLevel 1[0m _identify(src/aero-hand-open) by extension 'python'
[0.116s] [34mcolcon.colcon_core.package_identification[0m [1;30mLevel 1[0m _identify(src/aero-hand-open) by extensions ['python_setup_py']
[0.116s] [34mcolcon.colcon_core.package_identification[0m [1;30mLevel 1[0m _identify(src/aero-hand-open) by extension 'python_setup_py'
[0.116s] [34mcolcon.colcon_core.package_identification[0m [1;30mLevel 1[0m _identify(src/aero-hand-open/src) by extensions ['ignore', 'ignore_ament_install']
[0.116s] [34mcolcon.colcon_core.package_identification[0m [1;30mLevel 1[0m _identify(src/aero-hand-open/src) by extension 'ignore'
[0.116s] [34mcolcon.colcon_core.package_identification[0m [1;30mLevel 1[0m _identify(src/aero-hand-open/src) by extension 'ignore_ament_install'
[0.116s] [34mcolcon.colcon_core.package_identification[0m [1;30mLevel 1[0m _identify(src/aero-hand-open/src) by extensions ['colcon_pkg']
[0.116s] [34mcolcon.colcon_core.package_identification[0m [1;30mLevel 1[0m _identify(src/aero-hand-open/src) by extension 'colcon_pkg'
[0.116s] [34mcolcon.colcon_core.package_identification[0m [1;30mLevel 1[0m _identify(src/aero-hand-open/src) by extensions ['colcon_meta']
[0.116s] [34mcolcon.colcon_core.package_identification[0m [1;30mLevel 1[0m _identify(src/aero-hand-open/src) by extension 'colcon_meta'
[0.116s] [34mcolcon.colcon_core.package_identification[0m [1;30mLevel 1[0m _identify(src/aero-hand-open/src) by extensions ['ros']
[0.116s] [34mcolcon.colcon_core.package_identification[0m [1;30mLevel 1[0m _identify(src/aero-hand-open/src) by extension 'ros'
[0.116s] [34mcolcon.colcon_core.package_identification[0m [1;30mLevel 1[0m _identify(src/aero-hand-open/src) by extensions ['cmake', 'python']
[0.116s] [34mcolcon.colcon_core.package_identification[0m [1;30mLevel 1[0m _identify(src/aero-hand-open/src) by extension 'cmake'
[0.116s] [34mcolcon.colcon_core.package_identification[0m [1;30mLevel 1[0m _identify(src/aero-hand-open/src) by extension 'python'
[0.116s] [34mcolcon.colcon_core.package_identification[0m [1;30mLevel 1[0m _identify(src/aero-hand-open/src) by extensions ['python_setup_py']
[0.116s] [34mcolcon.colcon_core.package_identification[0m [1;30mLevel 1[0m _identify(src/aero-hand-open/src) by extension 'python_setup_py'
[0.116s] [34mcolcon.colcon_core.package_identification[0m [1;30mLevel 1[0m _identify(src/aero-hand-open/src/aero_hand_open) by extensions ['ignore', 'ignore_ament_install']
[0.116s] [34mcolcon.colcon_core.package_identification[0m [1;30mLevel 1[0m _identify(src/aero-hand-open/src/aero_hand_open) by extension 'ignore'
[0.116s] [34mcolcon.colcon_core.package_identification[0m [1;30mLevel 1[0m _identify(src/aero-hand-open/src/aero_hand_open) by extension 'ignore_ament_install'
[0.116s] [34mcolcon.colcon_core.package_identification[0m [1;30mLevel 1[0m _identify(src/aero-hand-open/src/aero_hand_open) by extensions ['colcon_pkg']
[0.116s] [34mcolcon.colcon_core.package_identification[0m [1;30mLevel 1[0m _identify(src/aero-hand-open/src/aero_hand_open) by extension 'colcon_pkg'
[0.116s] [34mcolcon.colcon_core.package_identification[0m [1;30mLevel 1[0m _identify(src/aero-hand-open/src/aero_hand_open) by extensions ['colcon_meta']
[0.116s] [34mcolcon.colcon_core.package_identification[0m [1;30mLevel 1[0m _identify(src/aero-hand-open/src/aero_hand_open) by extension 'colcon_meta'
[0.116s] [34mcolcon.colcon_core.package_identification[0m [1;30mLevel 1[0m _identify(src/aero-hand-open/src/aero_hand_open) by extensions ['ros']
[0.116s] [34mcolcon.colcon_core.package_identification[0m [1;30mLevel 1[0m _identify(src/aero-hand-open/src/aero_hand_open) by extension 'ros'
[0.118s] [34mcolcon.colcon_core.package_identification[0m [1;30mDEBUG[0m [32mPackage 'src/aero-hand-open/src/aero_hand_open' with type 'ros.ament_python' and name 'aero_hand_open'[0m
[0.118s] [34mcolcon.colcon_core.package_identification[0m [1;30mLevel 1[0m _identify(src/aero-hand-open/src/aero_hand_open_description) by extensions ['ignore', 'ignore_ament_install']
[0.118s] [34mcolcon.colcon_core.package_identification[0m [1;30mLevel 1[0m _identify(src/aero-hand-open/src/aero_hand_open_description) by extension 'ignore'
[0.118s] [34mcolcon.colcon_core.package_identification[0m [1;30mLevel 1[0m _identify(src/aero-hand-open/src/aero_hand_open_description) by extension 'ignore_ament_install'
[0.118s] [34mcolcon.colcon_core.package_identification[0m [1;30mLevel 1[0m _identify(src/aero-hand-open/src/aero_hand_open_description) by extensions ['colcon_pkg']
[0.118s] [34mcolcon.colcon_core.package_identification[0m [1;30mLevel 1[0m _identify(src/aero-hand-open/src/aero_hand_open_description) by extension 'colcon_pkg'
[0.118s] [34mcolcon.colcon_core.package_identification[0m [1;30mLevel 1[0m _identify(src/aero-hand-open/src/aero_hand_open_description) by extensions ['colcon_meta']
[0.118s] [34mcolcon.colcon_core.package_identification[0m [1;30mLevel 1[0m _identify(src/aero-hand-open/src/aero_hand_open_description) by extension 'colcon_meta'
[0.118s] [34mcolcon.colcon_core.package_identification[0m [1;30mLevel 1[0m _identify(src/aero-hand-open/src/aero_hand_open_description) by extensions ['ros']
[0.118s] [34mcolcon.colcon_core.package_identification[0m [1;30mLevel 1[0m _identify(src/aero-hand-open/src/aero_hand_open_description) by extension 'ros'
[0.118s] [34mcolcon.colcon_core.package_identification[0m [1;30mDEBUG[0m [32mPackage 'src/aero-hand-open/src/aero_hand_open_description' with type 'ros.ament_python' and name 'aero_hand_open_description'[0m
[0.118s] [34mcolcon.colcon_core.package_identification[0m [1;30mLevel 1[0m _identify(src/aero-hand-open/src/aero_hand_open_msgs) by extensions ['ignore', 'ignore_ament_install']
[0.118s] [34mcolcon.colcon_core.package_identification[0m [1;30mLevel 1[0m _identify(src/aero-hand-open/src/aero_hand_open_msgs) by extension 'ignore'
[0.118s] [34mcolcon.colcon_core.package_identification[0m [1;30mLevel 1[0m _identify(src/aero-hand-open/src/aero_hand_open_msgs) by extension 'ignore_ament_install'
[0.118s] [34mcolcon.colcon_core.package_identification[0m [1;30mLevel 1[0m _identify(src/aero-hand-open/src/aero_hand_open_msgs) by extensions ['colcon_pkg']
[0.118s] [34mcolcon.colcon_core.package_identification[0m [1;30mLevel 1[0m _identify(src/aero-hand-open/src/aero_hand_open_msgs) by extension 'colcon_pkg'
[0.118s] [34mcolcon.colcon_core.package_identification[0m [1;30mLevel 1[0m _identify(src/aero-hand-open/src/aero_hand_open_msgs) by extensions ['colcon_meta']
[0.118s] [34mcolcon.colcon_core.package_identification[0m [1;30mLevel 1[0m _identify(src/aero-hand-open/src/aero_hand_open_msgs) by extension 'colcon_meta'
[0.118s] [34mcolcon.colcon_core.package_identification[0m [1;30mLevel 1[0m _identify(src/aero-hand-open/src/aero_hand_open_msgs) by extensions ['ros']
[0.118s] [34mcolcon.colcon_core.package_identification[0m [1;30mLevel 1[0m _identify(src/aero-hand-open/src/aero_hand_open_msgs) by extension 'ros'
[0.119s] [34mcolcon.colcon_core.package_identification[0m [1;30mDEBUG[0m [32mPackage 'src/aero-hand-open/src/aero_hand_open_msgs' with type 'ros.ament_cmake' and name 'aero_hand_open_msgs'[0m
[0.119s] [34mcolcon.colcon_core.package_identification[0m [1;30mLevel 1[0m _identify(src/aero-hand-open/src/aero_hand_open_rl) by extensions ['ignore', 'ignore_ament_install']
[0.119s] [34mcolcon.colcon_core.package_identification[0m [1;30mLevel 1[0m _identify(src/aero-hand-open/src/aero_hand_open_rl) by extension 'ignore'
[0.119s] [34mcolcon.colcon_core.package_identification[0m [1;30mLevel 1[0m _identify(src/aero-hand-open/src/aero_hand_open_rl) by extension 'ignore_ament_install'
[0.119s] [34mcolcon.colcon_core.package_identification[0m [1;30mLevel 1[0m _identify(src/aero-hand-open/src/aero_hand_open_rl) by extensions ['colcon_pkg']
[0.119s] [34mcolcon.colcon_core.package_identification[0m [1;30mLevel 1[0m _identify(src/aero-hand-open/src/aero_hand_open_rl) by extension 'colcon_pkg'
[0.119s] [34mcolcon.colcon_core.package_identification[0m [1;30mLevel 1[0m _identify(src/aero-hand-open/src/aero_hand_open_rl) by extensions ['colcon_meta']
[0.119s] [34mcolcon.colcon_core.package_identification[0m [1;30mLevel 1[0m _identify(src/aero-hand-open/src/aero_hand_open_rl) by extension 'colcon_meta'
[0.119s] [34mcolcon.colcon_core.package_identification[0m [1;30mLevel 1[0m _identify(src/aero-hand-open/src/aero_hand_open_rl) by extensions ['ros']
[0.119s] [34mcolcon.colcon_core.package_identification[0m [1;30mLevel 1[0m _identify(src/aero-hand-open/src/aero_hand_open_rl) by extension 'ros'
[0.119s] [34mcolcon.colcon_core.package_identification[0m [1;30mDEBUG[0m [32mPackage 'src/aero-hand-open/src/aero_hand_open_rl' with type 'ros.ament_python' and name 'aero_hand_open_rl'[0m
[0.119s] [34mcolcon.colcon_core.package_identification[0m [1;30mLevel 1[0m _identify(src/aero-hand-open/src/aero_hand_open_teleop) by extensions ['ignore', 'ignore_ament_install']
[0.119s] [34mcolcon.colcon_core.package_identification[0m [1;30mLevel 1[0m _identify(src/aero-hand-open/src/aero_hand_open_teleop) by extension 'ignore'
[0.119s] [34mcolcon.colcon_core.package_identification[0m [1;30mLevel 1[0m _identify(src/aero-hand-open/src/aero_hand_open_teleop) by extension 'ignore_ament_install'
[0.119s] [34mcolcon.colcon_core.package_identification[0m [1;30mLevel 1[0m _identify(src/aero-hand-open/src/aero_hand_open_teleop) by extensions ['colcon_pkg']
[0.119s] [34mcolcon.colcon_core.package_identification[0m [1;30mLevel 1[0m _identify(src/aero-hand-open/src/aero_hand_open_teleop) by extension 'colcon_pkg'
[0.119s] [34mcolcon.colcon_core.package_identification[0m [1;30mLevel 1[0m _identify(src/aero-hand-open/src/aero_hand_open_teleop) by extensions ['colcon_meta']
[0.119s] [34mcolcon.colcon_core.package_identification[0m [1;30mLevel 1[0m _identify(src/aero-hand-open/src/aero_hand_open_teleop) by extension 'colcon_meta'
[0.120s] [34mcolcon.colcon_core.package_identification[0m [1;30mLevel 1[0m _identify(src/aero-hand-open/src/aero_hand_open_teleop) by extensions ['ros']
[0.120s] [34mcolcon.colcon_core.package_identification[0m [1;30mLevel 1[0m _identify(src/aero-hand-open/src/aero_hand_open_teleop) by extension 'ros'
[0.120s] [34mcolcon.colcon_core.package_identification[0m [1;30mDEBUG[0m [32mPackage 'src/aero-hand-open/src/aero_hand_open_teleop' with type 'ros.ament_python' and name 'aero_hand_open_teleop'[0m
[0.120s] [34mcolcon.colcon_core.package_identification[0m [1;30mLevel 1[0m _identify(src/aero-hand-open/src/aero_open_sdk) by extensions ['ignore', 'ignore_ament_install']
[0.120s] [34mcolcon.colcon_core.package_identification[0m [1;30mLevel 1[0m _identify(src/aero-hand-open/src/aero_open_sdk) by extension 'ignore'
[0.120s] [34mcolcon.colcon_core.package_identification[0m [1;30mLevel 1[0m _identify(src/aero-hand-open/src/aero_open_sdk) by extension 'ignore_ament_install'
[0.120s] [34mcolcon.colcon_core.package_identification[0m [1;30mLevel 1[0m _identify(src/aero-hand-open/src/aero_open_sdk) by extensions ['colcon_pkg']
[0.120s] [34mcolcon.colcon_core.package_identification[0m [1;30mLevel 1[0m _identify(src/aero-hand-open/src/aero_open_sdk) by extension 'colcon_pkg'
[0.120s] [34mcolcon.colcon_core.package_identification[0m [1;30mLevel 1[0m _identify(src/aero-hand-open/src/aero_open_sdk) by extensions ['colcon_meta']
[0.120s] [34mcolcon.colcon_core.package_identification[0m [1;30mLevel 1[0m _identify(src/aero-hand-open/src/aero_open_sdk) by extension 'colcon_meta'
[0.120s] [34mcolcon.colcon_core.package_identification[0m [1;30mLevel 1[0m _identify(src/aero-hand-open/src/aero_open_sdk) by extensions ['ros']
[0.120s] [34mcolcon.colcon_core.package_identification[0m [1;30mLevel 1[0m _identify(src/aero-hand-open/src/aero_open_sdk) by extension 'ros'
[0.120s] [34mcolcon.colcon_core.package_identification[0m [1;30mLevel 1[0m _identify(src/aero-hand-open/src/aero_open_sdk) by extensions ['cmake', 'python']
[0.120s] [34mcolcon.colcon_core.package_identification[0m [1;30mLevel 1[0m _identify(src/aero-hand-open/src/aero_open_sdk) by extension 'cmake'
[0.120s] [34mcolcon.colcon_core.package_identification[0m [1;30mLevel 1[0m _identify(src/aero-hand-open/src/aero_open_sdk) by extension 'python'
[0.120s] [34mcolcon.colcon_core.package_identification[0m [1;30mLevel 1[0m _identify(src/aero-hand-open/src/aero_open_sdk) by extensions ['python_setup_py']
[0.120s] [34mcolcon.colcon_core.package_identification[0m [1;30mLevel 1[0m _identify(src/aero-hand-open/src/aero_open_sdk) by extension 'python_setup_py'
[0.121s] [34mcolcon.colcon_core.package_identification[0m [1;30mLevel 1[0m _identify(src/aero-hand-open/src/aero_open_sdk/__pycache__) by extensions ['ignore', 'ignore_ament_install']
[0.121s] [34mcolcon.colcon_core.package_identification[0m [1;30mLevel 1[0m _identify(src/aero-hand-open/src/aero_open_sdk/__pycache__) by extension 'ignore'
[0.121s] [34mcolcon.colcon_core.package_identification[0m [1;30mLevel 1[0m _identify(src/aero-hand-open/src/aero_open_sdk/__pycache__) by extension 'ignore_ament_install'
[0.121s] [34mcolcon.colcon_core.package_identification[0m [1;30mLevel 1[0m _identify(src/aero-hand-open/src/aero_open_sdk/__pycache__) by extensions ['colcon_pkg']
[0.121s] [34mcolcon.colcon_core.package_identification[0m [1;30mLevel 1[0m _identify(src/aero-hand-open/src/aero_open_sdk/__pycache__) by extension 'colcon_pkg'
[0.121s] [34mcolcon.colcon_core.package_identification[0m [1;30mLevel 1[0m _identify(src/aero-hand-open/src/aero_open_sdk/__pycache__) by extensions ['colcon_meta']
[0.121s] [34mcolcon.colcon_core.package_identification[0m [1;30mLevel 1[0m _identify(src/aero-hand-open/src/aero_open_sdk/__pycache__) by extension 'colcon_meta'
[0.121s] [34mcolcon.colcon_core.package_identification[0m [1;30mLevel 1[0m _identify(src/aero-hand-open/src/aero_open_sdk/__pycache__) by extensions ['ros']
[0.121s] [34mcolcon.colcon_core.package_identification[0m [1;30mLevel 1[0m _identify(src/aero-hand-open/src/aero_open_sdk/__pycache__) by extension 'ros'
[0.121s] [34mcolcon.colcon_core.package_identification[0m [1;30mLevel 1[0m _identify(src/aero-hand-open/src/aero_open_sdk/__pycache__) by extensions ['cmake', 'python']
[0.121s] [34mcolcon.colcon_core.package_identification[0m [1;30mLevel 1[0m _identify(src/aero-hand-open/src/aero_open_sdk/__pycache__) by extension 'cmake'
[0.121s] [34mcolcon.colcon_core.package_identification[0m [1;30mLevel 1[0m _identify(src/aero-hand-open/src/aero_open_sdk/__pycache__) by extension 'python'
[0.121s] [34mcolcon.colcon_core.package_identification[0m [1;30mLevel 1[0m _identify(src/aero-hand-open/src/aero_open_sdk/__pycache__) by extensions ['python_setup_py']
[0.121s] [34mcolcon.colcon_core.package_identification[0m [1;30mLevel 1[0m _identify(src/aero-hand-open/src/aero_open_sdk/__pycache__) by extension 'python_setup_py'
[0.121s] [34mcolcon.colcon_core.package_identification[0m [1;30mLevel 1[0m _identify(src/bxi_rl_controller_ros2_example) by extensions ['ignore', 'ignore_ament_install']
[0.121s] [34mcolcon.colcon_core.package_identification[0m [1;30mLevel 1[0m _identify(src/bxi_rl_controller_ros2_example) by extension 'ignore'
[0.121s] [34mcolcon.colcon_core.package_identification[0m [1;30mLevel 1[0m _identify(src/bxi_rl_controller_ros2_example) by extension 'ignore_ament_install'
[0.121s] [34mcolcon.colcon_core.package_identification[0m [1;30mLevel 1[0m _identify(src/bxi_rl_controller_ros2_example) by extensions ['colcon_pkg']
[0.121s] [34mcolcon.colcon_core.package_identification[0m [1;30mLevel 1[0m _identify(src/bxi_rl_controller_ros2_example) by extension 'colcon_pkg'
[0.121s] [34mcolcon.colcon_core.package_identification[0m [1;30mLevel 1[0m _identify(src/bxi_rl_controller_ros2_example) by extensions ['colcon_meta']
[0.121s] [34mcolcon.colcon_core.package_identification[0m [1;30mLevel 1[0m _identify(src/bxi_rl_controller_ros2_example) by extension 'colcon_meta'
[0.121s] [34mcolcon.colcon_core.package_identification[0m [1;30mLevel 1[0m _identify(src/bxi_rl_controller_ros2_example) by extensions ['ros']
[0.121s] [34mcolcon.colcon_core.package_identification[0m [1;30mLevel 1[0m _identify(src/bxi_rl_controller_ros2_example) by extension 'ros'
[0.121s] [34mcolcon.colcon_core.package_identification[0m [1;30mLevel 1[0m _identify(src/bxi_rl_controller_ros2_example) by extensions ['cmake', 'python']
[0.121s] [34mcolcon.colcon_core.package_identification[0m [1;30mLevel 1[0m _identify(src/bxi_rl_controller_ros2_example) by extension 'cmake'
[0.121s] [34mcolcon.colcon_core.package_identification[0m [1;30mLevel 1[0m _identify(src/bxi_rl_controller_ros2_example) by extension 'python'
[0.121s] [34mcolcon.colcon_core.package_identification[0m [1;30mLevel 1[0m _identify(src/bxi_rl_controller_ros2_example) by extensions ['python_setup_py']
[0.121s] [34mcolcon.colcon_core.package_identification[0m [1;30mLevel 1[0m _identify(src/bxi_rl_controller_ros2_example) by extension 'python_setup_py'
[0.121s] [34mcolcon.colcon_core.package_identification[0m [1;30mLevel 1[0m _identify(src/bxi_rl_controller_ros2_example/resources) by extensions ['ignore', 'ignore_ament_install']
[0.121s] [34mcolcon.colcon_core.package_identification[0m [1;30mLevel 1[0m _identify(src/bxi_rl_controller_ros2_example/resources) by extension 'ignore'
[0.121s] [34mcolcon.colcon_core.package_identification[0m [1;30mLevel 1[0m _identify(src/bxi_rl_controller_ros2_example/resources) by extension 'ignore_ament_install'
[0.121s] [34mcolcon.colcon_core.package_identification[0m [1;30mLevel 1[0m _identify(src/bxi_rl_controller_ros2_example/resources) by extensions ['colcon_pkg']
[0.121s] [34mcolcon.colcon_core.package_identification[0m [1;30mLevel 1[0m _identify(src/bxi_rl_controller_ros2_example/resources) by extension 'colcon_pkg'
[0.121s] [34mcolcon.colcon_core.package_identification[0m [1;30mLevel 1[0m _identify(src/bxi_rl_controller_ros2_example/resources) by extensions ['colcon_meta']
[0.121s] [34mcolcon.colcon_core.package_identification[0m [1;30mLevel 1[0m _identify(src/bxi_rl_controller_ros2_example/resources) by extension 'colcon_meta'
[0.121s] [34mcolcon.colcon_core.package_identification[0m [1;30mLevel 1[0m _identify(src/bxi_rl_controller_ros2_example/resources) by extensions ['ros']
[0.121s] [34mcolcon.colcon_core.package_identification[0m [1;30mLevel 1[0m _identify(src/bxi_rl_controller_ros2_example/resources) by extension 'ros'
[0.121s] [34mcolcon.colcon_core.package_identification[0m [1;30mLevel 1[0m _identify(src/bxi_rl_controller_ros2_example/resources) by extensions ['cmake', 'python']
[0.121s] [34mcolcon.colcon_core.package_identification[0m [1;30mLevel 1[0m _identify(src/bxi_rl_controller_ros2_example/resources) by extension 'cmake'
[0.121s] [34mcolcon.colcon_core.package_identification[0m [1;30mLevel 1[0m _identify(src/bxi_rl_controller_ros2_example/resources) by extension 'python'
[0.121s] [34mcolcon.colcon_core.package_identification[0m [1;30mLevel 1[0m _identify(src/bxi_rl_controller_ros2_example/resources) by extensions ['python_setup_py']
[0.121s] [34mcolcon.colcon_core.package_identification[0m [1;30mLevel 1[0m _identify(src/bxi_rl_controller_ros2_example/resources) by extension 'python_setup_py'
[0.121s] [34mcolcon.colcon_core.package_identification[0m [1;30mLevel 1[0m _identify(src/bxi_rl_controller_ros2_example/resources/elf2-ankle) by extensions ['ignore', 'ignore_ament_install']
[0.121s] [34mcolcon.colcon_core.package_identification[0m [1;30mLevel 1[0m _identify(src/bxi_rl_controller_ros2_example/resources/elf2-ankle) by extension 'ignore'
[0.121s] [34mcolcon.colcon_core.package_identification[0m [1;30mLevel 1[0m _identify(src/bxi_rl_controller_ros2_example/resources/elf2-ankle) by extension 'ignore_ament_install'
[0.121s] [34mcolcon.colcon_core.package_identification[0m [1;30mLevel 1[0m _identify(src/bxi_rl_controller_ros2_example/resources/elf2-ankle) by extensions ['colcon_pkg']
[0.121s] [34mcolcon.colcon_core.package_identification[0m [1;30mLevel 1[0m _identify(src/bxi_rl_controller_ros2_example/resources/elf2-ankle) by extension 'colcon_pkg'
[0.122s] [34mcolcon.colcon_core.package_identification[0m [1;30mLevel 1[0m _identify(src/bxi_rl_controller_ros2_example/resources/elf2-ankle) by extensions ['colcon_meta']
[0.122s] [34mcolcon.colcon_core.package_identification[0m [1;30mLevel 1[0m _identify(src/bxi_rl_controller_ros2_example/resources/elf2-ankle) by extension 'colcon_meta'
[0.122s] [34mcolcon.colcon_core.package_identification[0m [1;30mLevel 1[0m _identify(src/bxi_rl_controller_ros2_example/resources/elf2-ankle) by extensions ['ros']
[0.122s] [34mcolcon.colcon_core.package_identification[0m [1;30mLevel 1[0m _identify(src/bxi_rl_controller_ros2_example/resources/elf2-ankle) by extension 'ros'
[0.122s] [34mcolcon.colcon_core.package_identification[0m [1;30mLevel 1[0m _identify(src/bxi_rl_controller_ros2_example/resources/elf2-ankle) by extensions ['cmake', 'python']
[0.122s] [34mcolcon.colcon_core.package_identification[0m [1;30mLevel 1[0m _identify(src/bxi_rl_controller_ros2_example/resources/elf2-ankle) by extension 'cmake'
[0.122s] [34mcolcon.colcon_core.package_identification[0m [1;30mLevel 1[0m _identify(src/bxi_rl_controller_ros2_example/resources/elf2-ankle) by extension 'python'
[0.122s] [34mcolcon.colcon_core.package_identification[0m [1;30mLevel 1[0m _identify(src/bxi_rl_controller_ros2_example/resources/elf2-ankle) by extensions ['python_setup_py']
[0.122s] [34mcolcon.colcon_core.package_identification[0m [1;30mLevel 1[0m _identify(src/bxi_rl_controller_ros2_example/resources/elf2-ankle) by extension 'python_setup_py'
[0.122s] [34mcolcon.colcon_core.package_identification[0m [1;30mLevel 1[0m _identify(src/bxi_rl_controller_ros2_example/resources/elf2-ankle/meshes) by extensions ['ignore', 'ignore_ament_install']
[0.122s] [34mcolcon.colcon_core.package_identification[0m [1;30mLevel 1[0m _identify(src/bxi_rl_controller_ros2_example/resources/elf2-ankle/meshes) by extension 'ignore'
[0.122s] [34mcolcon.colcon_core.package_identification[0m [1;30mLevel 1[0m _identify(src/bxi_rl_controller_ros2_example/resources/elf2-ankle/meshes) by extension 'ignore_ament_install'
[0.122s] [34mcolcon.colcon_core.package_identification[0m [1;30mLevel 1[0m _identify(src/bxi_rl_controller_ros2_example/resources/elf2-ankle/meshes) by extensions ['colcon_pkg']
[0.122s] [34mcolcon.colcon_core.package_identification[0m [1;30mLevel 1[0m _identify(src/bxi_rl_controller_ros2_example/resources/elf2-ankle/meshes) by extension 'colcon_pkg'
[0.122s] [34mcolcon.colcon_core.package_identification[0m [1;30mLevel 1[0m _identify(src/bxi_rl_controller_ros2_example/resources/elf2-ankle/meshes) by extensions ['colcon_meta']
[0.122s] [34mcolcon.colcon_core.package_identification[0m [1;30mLevel 1[0m _identify(src/bxi_rl_controller_ros2_example/resources/elf2-ankle/meshes) by extension 'colcon_meta'
[0.122s] [34mcolcon.colcon_core.package_identification[0m [1;30mLevel 1[0m _identify(src/bxi_rl_controller_ros2_example/resources/elf2-ankle/meshes) by extensions ['ros']
[0.122s] [34mcolcon.colcon_core.package_identification[0m [1;30mLevel 1[0m _identify(src/bxi_rl_controller_ros2_example/resources/elf2-ankle/meshes) by extension 'ros'
[0.122s] [34mcolcon.colcon_core.package_identification[0m [1;30mLevel 1[0m _identify(src/bxi_rl_controller_ros2_example/resources/elf2-ankle/meshes) by extensions ['cmake', 'python']
[0.122s] [34mcolcon.colcon_core.package_identification[0m [1;30mLevel 1[0m _identify(src/bxi_rl_controller_ros2_example/resources/elf2-ankle/meshes) by extension 'cmake'
[0.122s] [34mcolcon.colcon_core.package_identification[0m [1;30mLevel 1[0m _identify(src/bxi_rl_controller_ros2_example/resources/elf2-ankle/meshes) by extension 'python'
[0.122s] [34mcolcon.colcon_core.package_identification[0m [1;30mLevel 1[0m _identify(src/bxi_rl_controller_ros2_example/resources/elf2-ankle/meshes) by extensions ['python_setup_py']
[0.122s] [34mcolcon.colcon_core.package_identification[0m [1;30mLevel 1[0m _identify(src/bxi_rl_controller_ros2_example/resources/elf2-ankle/meshes) by extension 'python_setup_py'
[0.122s] [34mcolcon.colcon_core.package_identification[0m [1;30mLevel 1[0m _identify(src/bxi_rl_controller_ros2_example/resources/elf2-ankle/urdf) by extensions ['ignore', 'ignore_ament_install']
[0.122s] [34mcolcon.colcon_core.package_identification[0m [1;30mLevel 1[0m _identify(src/bxi_rl_controller_ros2_example/resources/elf2-ankle/urdf) by extension 'ignore'
[0.122s] [34mcolcon.colcon_core.package_identification[0m [1;30mLevel 1[0m _identify(src/bxi_rl_controller_ros2_example/resources/elf2-ankle/urdf) by extension 'ignore_ament_install'
[0.122s] [34mcolcon.colcon_core.package_identification[0m [1;30mLevel 1[0m _identify(src/bxi_rl_controller_ros2_example/resources/elf2-ankle/urdf) by extensions ['colcon_pkg']
[0.122s] [34mcolcon.colcon_core.package_identification[0m [1;30mLevel 1[0m _identify(src/bxi_rl_controller_ros2_example/resources/elf2-ankle/urdf) by extension 'colcon_pkg'
[0.122s] [34mcolcon.colcon_core.package_identification[0m [1;30mLevel 1[0m _identify(src/bxi_rl_controller_ros2_example/resources/elf2-ankle/urdf) by extensions ['colcon_meta']
[0.122s] [34mcolcon.colcon_core.package_identification[0m [1;30mLevel 1[0m _identify(src/bxi_rl_controller_ros2_example/resources/elf2-ankle/urdf) by extension 'colcon_meta'
[0.122s] [34mcolcon.colcon_core.package_identification[0m [1;30mLevel 1[0m _identify(src/bxi_rl_controller_ros2_example/resources/elf2-ankle/urdf) by extensions ['ros']
[0.122s] [34mcolcon.colcon_core.package_identification[0m [1;30mLevel 1[0m _identify(src/bxi_rl_controller_ros2_example/resources/elf2-ankle/urdf) by extension 'ros'
[0.122s] [34mcolcon.colcon_core.package_identification[0m [1;30mLevel 1[0m _identify(src/bxi_rl_controller_ros2_example/resources/elf2-ankle/urdf) by extensions ['cmake', 'python']
[0.122s] [34mcolcon.colcon_core.package_identification[0m [1;30mLevel 1[0m _identify(src/bxi_rl_controller_ros2_example/resources/elf2-ankle/urdf) by extension 'cmake'
[0.122s] [34mcolcon.colcon_core.package_identification[0m [1;30mLevel 1[0m _identify(src/bxi_rl_controller_ros2_example/resources/elf2-ankle/urdf) by extension 'python'
[0.122s] [34mcolcon.colcon_core.package_identification[0m [1;30mLevel 1[0m _identify(src/bxi_rl_controller_ros2_example/resources/elf2-ankle/urdf) by extensions ['python_setup_py']
[0.122s] [34mcolcon.colcon_core.package_identification[0m [1;30mLevel 1[0m _identify(src/bxi_rl_controller_ros2_example/resources/elf2-ankle/urdf) by extension 'python_setup_py'
[0.122s] [34mcolcon.colcon_core.package_identification[0m [1;30mLevel 1[0m _identify(src/bxi_rl_controller_ros2_example/resources/elf2-arm) by extensions ['ignore', 'ignore_ament_install']
[0.122s] [34mcolcon.colcon_core.package_identification[0m [1;30mLevel 1[0m _identify(src/bxi_rl_controller_ros2_example/resources/elf2-arm) by extension 'ignore'
[0.122s] [34mcolcon.colcon_core.package_identification[0m [1;30mLevel 1[0m _identify(src/bxi_rl_controller_ros2_example/resources/elf2-arm) by extension 'ignore_ament_install'
[0.122s] [34mcolcon.colcon_core.package_identification[0m [1;30mLevel 1[0m _identify(src/bxi_rl_controller_ros2_example/resources/elf2-arm) by extensions ['colcon_pkg']
[0.122s] [34mcolcon.colcon_core.package_identification[0m [1;30mLevel 1[0m _identify(src/bxi_rl_controller_ros2_example/resources/elf2-arm) by extension 'colcon_pkg'
[0.122s] [34mcolcon.colcon_core.package_identification[0m [1;30mLevel 1[0m _identify(src/bxi_rl_controller_ros2_example/resources/elf2-arm) by extensions ['colcon_meta']
[0.122s] [34mcolcon.colcon_core.package_identification[0m [1;30mLevel 1[0m _identify(src/bxi_rl_controller_ros2_example/resources/elf2-arm) by extension 'colcon_meta'
[0.122s] [34mcolcon.colcon_core.package_identification[0m [1;30mLevel 1[0m _identify(src/bxi_rl_controller_ros2_example/resources/elf2-arm) by extensions ['ros']
[0.122s] [34mcolcon.colcon_core.package_identification[0m [1;30mLevel 1[0m _identify(src/bxi_rl_controller_ros2_example/resources/elf2-arm) by extension 'ros'
[0.122s] [34mcolcon.colcon_core.package_identification[0m [1;30mLevel 1[0m _identify(src/bxi_rl_controller_ros2_example/resources/elf2-arm) by extensions ['cmake', 'python']
[0.122s] [34mcolcon.colcon_core.package_identification[0m [1;30mLevel 1[0m _identify(src/bxi_rl_controller_ros2_example/resources/elf2-arm) by extension 'cmake'
[0.122s] [34mcolcon.colcon_core.package_identification[0m [1;30mLevel 1[0m _identify(src/bxi_rl_controller_ros2_example/resources/elf2-arm) by extension 'python'
[0.123s] [34mcolcon.colcon_core.package_identification[0m [1;30mLevel 1[0m _identify(src/bxi_rl_controller_ros2_example/resources/elf2-arm) by extensions ['python_setup_py']
[0.123s] [34mcolcon.colcon_core.package_identification[0m [1;30mLevel 1[0m _identify(src/bxi_rl_controller_ros2_example/resources/elf2-arm) by extension 'python_setup_py'
[0.123s] [34mcolcon.colcon_core.package_identification[0m [1;30mLevel 1[0m _identify(src/bxi_rl_controller_ros2_example/resources/elf2-arm/meshes) by extensions ['ignore', 'ignore_ament_install']
[0.123s] [34mcolcon.colcon_core.package_identification[0m [1;30mLevel 1[0m _identify(src/bxi_rl_controller_ros2_example/resources/elf2-arm/meshes) by extension 'ignore'
[0.123s] [34mcolcon.colcon_core.package_identification[0m [1;30mLevel 1[0m _identify(src/bxi_rl_controller_ros2_example/resources/elf2-arm/meshes) by extension 'ignore_ament_install'
[0.123s] [34mcolcon.colcon_core.package_identification[0m [1;30mLevel 1[0m _identify(src/bxi_rl_controller_ros2_example/resources/elf2-arm/meshes) by extensions ['colcon_pkg']
[0.123s] [34mcolcon.colcon_core.package_identification[0m [1;30mLevel 1[0m _identify(src/bxi_rl_controller_ros2_example/resources/elf2-arm/meshes) by extension 'colcon_pkg'
[0.123s] [34mcolcon.colcon_core.package_identification[0m [1;30mLevel 1[0m _identify(src/bxi_rl_controller_ros2_example/resources/elf2-arm/meshes) by extensions ['colcon_meta']
[0.123s] [34mcolcon.colcon_core.package_identification[0m [1;30mLevel 1[0m _identify(src/bxi_rl_controller_ros2_example/resources/elf2-arm/meshes) by extension 'colcon_meta'
[0.123s] [34mcolcon.colcon_core.package_identification[0m [1;30mLevel 1[0m _identify(src/bxi_rl_controller_ros2_example/resources/elf2-arm/meshes) by extensions ['ros']
[0.123s] [34mcolcon.colcon_core.package_identification[0m [1;30mLevel 1[0m _identify(src/bxi_rl_controller_ros2_example/resources/elf2-arm/meshes) by extension 'ros'
[0.123s] [34mcolcon.colcon_core.package_identification[0m [1;30mLevel 1[0m _identify(src/bxi_rl_controller_ros2_example/resources/elf2-arm/meshes) by extensions ['cmake', 'python']
[0.123s] [34mcolcon.colcon_core.package_identification[0m [1;30mLevel 1[0m _identify(src/bxi_rl_controller_ros2_example/resources/elf2-arm/meshes) by extension 'cmake'
[0.123s] [34mcolcon.colcon_core.package_identification[0m [1;30mLevel 1[0m _identify(src/bxi_rl_controller_ros2_example/resources/elf2-arm/meshes) by extension 'python'
[0.123s] [34mcolcon.colcon_core.package_identification[0m [1;30mLevel 1[0m _identify(src/bxi_rl_controller_ros2_example/resources/elf2-arm/meshes) by extensions ['python_setup_py']
[0.123s] [34mcolcon.colcon_core.package_identification[0m [1;30mLevel 1[0m _identify(src/bxi_rl_controller_ros2_example/resources/elf2-arm/meshes) by extension 'python_setup_py'
[0.123s] [34mcolcon.colcon_core.package_identification[0m [1;30mLevel 1[0m _identify(src/bxi_rl_controller_ros2_example/resources/elf2-arm/urdf) by extensions ['ignore', 'ignore_ament_install']
[0.123s] [34mcolcon.colcon_core.package_identification[0m [1;30mLevel 1[0m _identify(src/bxi_rl_controller_ros2_example/resources/elf2-arm/urdf) by extension 'ignore'
[0.123s] [34mcolcon.colcon_core.package_identification[0m [1;30mLevel 1[0m _identify(src/bxi_rl_controller_ros2_example/resources/elf2-arm/urdf) by extension 'ignore_ament_install'
[0.123s] [34mcolcon.colcon_core.package_identification[0m [1;30mLevel 1[0m _identify(src/bxi_rl_controller_ros2_example/resources/elf2-arm/urdf) by extensions ['colcon_pkg']
[0.123s] [34mcolcon.colcon_core.package_identification[0m [1;30mLevel 1[0m _identify(src/bxi_rl_controller_ros2_example/resources/elf2-arm/urdf) by extension 'colcon_pkg'
[0.123s] [34mcolcon.colcon_core.package_identification[0m [1;30mLevel 1[0m _identify(src/bxi_rl_controller_ros2_example/resources/elf2-arm/urdf) by extensions ['colcon_meta']
[0.123s] [34mcolcon.colcon_core.package_identification[0m [1;30mLevel 1[0m _identify(src/bxi_rl_controller_ros2_example/resources/elf2-arm/urdf) by extension 'colcon_meta'
[0.123s] [34mcolcon.colcon_core.package_identification[0m [1;30mLevel 1[0m _identify(src/bxi_rl_controller_ros2_example/resources/elf2-arm/urdf) by extensions ['ros']
[0.123s] [34mcolcon.colcon_core.package_identification[0m [1;30mLevel 1[0m _identify(src/bxi_rl_controller_ros2_example/resources/elf2-arm/urdf) by extension 'ros'
[0.123s] [34mcolcon.colcon_core.package_identification[0m [1;30mLevel 1[0m _identify(src/bxi_rl_controller_ros2_example/resources/elf2-arm/urdf) by extensions ['cmake', 'python']
[0.123s] [34mcolcon.colcon_core.package_identification[0m [1;30mLevel 1[0m _identify(src/bxi_rl_controller_ros2_example/resources/elf2-arm/urdf) by extension 'cmake'
[0.123s] [34mcolcon.colcon_core.package_identification[0m [1;30mLevel 1[0m _identify(src/bxi_rl_controller_ros2_example/resources/elf2-arm/urdf) by extension 'python'
[0.123s] [34mcolcon.colcon_core.package_identification[0m [1;30mLevel 1[0m _identify(src/bxi_rl_controller_ros2_example/resources/elf2-arm/urdf) by extensions ['python_setup_py']
[0.123s] [34mcolcon.colcon_core.package_identification[0m [1;30mLevel 1[0m _identify(src/bxi_rl_controller_ros2_example/resources/elf2-arm/urdf) by extension 'python_setup_py'
[0.123s] [34mcolcon.colcon_core.package_identification[0m [1;30mLevel 1[0m _identify(src/bxi_rl_controller_ros2_example/resources/elf2-footv4) by extensions ['ignore', 'ignore_ament_install']
[0.123s] [34mcolcon.colcon_core.package_identification[0m [1;30mLevel 1[0m _identify(src/bxi_rl_controller_ros2_example/resources/elf2-footv4) by extension 'ignore'
[0.123s] [34mcolcon.colcon_core.package_identification[0m [1;30mLevel 1[0m _identify(src/bxi_rl_controller_ros2_example/resources/elf2-footv4) by extension 'ignore_ament_install'
[0.123s] [34mcolcon.colcon_core.package_identification[0m [1;30mLevel 1[0m _identify(src/bxi_rl_controller_ros2_example/resources/elf2-footv4) by extensions ['colcon_pkg']
[0.123s] [34mcolcon.colcon_core.package_identification[0m [1;30mLevel 1[0m _identify(src/bxi_rl_controller_ros2_example/resources/elf2-footv4) by extension 'colcon_pkg'
[0.123s] [34mcolcon.colcon_core.package_identification[0m [1;30mLevel 1[0m _identify(src/bxi_rl_controller_ros2_example/resources/elf2-footv4) by extensions ['colcon_meta']
[0.123s] [34mcolcon.colcon_core.package_identification[0m [1;30mLevel 1[0m _identify(src/bxi_rl_controller_ros2_example/resources/elf2-footv4) by extension 'colcon_meta'
[0.123s] [34mcolcon.colcon_core.package_identification[0m [1;30mLevel 1[0m _identify(src/bxi_rl_controller_ros2_example/resources/elf2-footv4) by extensions ['ros']
[0.123s] [34mcolcon.colcon_core.package_identification[0m [1;30mLevel 1[0m _identify(src/bxi_rl_controller_ros2_example/resources/elf2-footv4) by extension 'ros'
[0.123s] [34mcolcon.colcon_core.package_identification[0m [1;30mLevel 1[0m _identify(src/bxi_rl_controller_ros2_example/resources/elf2-footv4) by extensions ['cmake', 'python']
[0.123s] [34mcolcon.colcon_core.package_identification[0m [1;30mLevel 1[0m _identify(src/bxi_rl_controller_ros2_example/resources/elf2-footv4) by extension 'cmake'
[0.123s] [34mcolcon.colcon_core.package_identification[0m [1;30mLevel 1[0m _identify(src/bxi_rl_controller_ros2_example/resources/elf2-footv4) by extension 'python'
[0.123s] [34mcolcon.colcon_core.package_identification[0m [1;30mLevel 1[0m _identify(src/bxi_rl_controller_ros2_example/resources/elf2-footv4) by extensions ['python_setup_py']
[0.123s] [34mcolcon.colcon_core.package_identification[0m [1;30mLevel 1[0m _identify(src/bxi_rl_controller_ros2_example/resources/elf2-footv4) by extension 'python_setup_py'
[0.123s] [34mcolcon.colcon_core.package_identification[0m [1;30mLevel 1[0m _identify(src/bxi_rl_controller_ros2_example/resources/elf2-footv4/meshes) by extensions ['ignore', 'ignore_ament_install']
[0.123s] [34mcolcon.colcon_core.package_identification[0m [1;30mLevel 1[0m _identify(src/bxi_rl_controller_ros2_example/resources/elf2-footv4/meshes) by extension 'ignore'
[0.123s] [34mcolcon.colcon_core.package_identification[0m [1;30mLevel 1[0m _identify(src/bxi_rl_controller_ros2_example/resources/elf2-footv4/meshes) by extension 'ignore_ament_install'
[0.124s] [34mcolcon.colcon_core.package_identification[0m [1;30mLevel 1[0m _identify(src/bxi_rl_controller_ros2_example/resources/elf2-footv4/meshes) by extensions ['colcon_pkg']
[0.124s] [34mcolcon.colcon_core.package_identification[0m [1;30mLevel 1[0m _identify(src/bxi_rl_controller_ros2_example/resources/elf2-footv4/meshes) by extension 'colcon_pkg'
[0.124s] [34mcolcon.colcon_core.package_identification[0m [1;30mLevel 1[0m _identify(src/bxi_rl_controller_ros2_example/resources/elf2-footv4/meshes) by extensions ['colcon_meta']
[0.124s] [34mcolcon.colcon_core.package_identification[0m [1;30mLevel 1[0m _identify(src/bxi_rl_controller_ros2_example/resources/elf2-footv4/meshes) by extension 'colcon_meta'
[0.124s] [34mcolcon.colcon_core.package_identification[0m [1;30mLevel 1[0m _identify(src/bxi_rl_controller_ros2_example/resources/elf2-footv4/meshes) by extensions ['ros']
[0.124s] [34mcolcon.colcon_core.package_identification[0m [1;30mLevel 1[0m _identify(src/bxi_rl_controller_ros2_example/resources/elf2-footv4/meshes) by extension 'ros'
[0.124s] [34mcolcon.colcon_core.package_identification[0m [1;30mLevel 1[0m _identify(src/bxi_rl_controller_ros2_example/resources/elf2-footv4/meshes) by extensions ['cmake', 'python']
[0.124s] [34mcolcon.colcon_core.package_identification[0m [1;30mLevel 1[0m _identify(src/bxi_rl_controller_ros2_example/resources/elf2-footv4/meshes) by extension 'cmake'
[0.124s] [34mcolcon.colcon_core.package_identification[0m [1;30mLevel 1[0m _identify(src/bxi_rl_controller_ros2_example/resources/elf2-footv4/meshes) by extension 'python'
[0.124s] [34mcolcon.colcon_core.package_identification[0m [1;30mLevel 1[0m _identify(src/bxi_rl_controller_ros2_example/resources/elf2-footv4/meshes) by extensions ['python_setup_py']
[0.124s] [34mcolcon.colcon_core.package_identification[0m [1;30mLevel 1[0m _identify(src/bxi_rl_controller_ros2_example/resources/elf2-footv4/meshes) by extension 'python_setup_py'
[0.124s] [34mcolcon.colcon_core.package_identification[0m [1;30mLevel 1[0m _identify(src/bxi_rl_controller_ros2_example/resources/elf2-footv4/urdf) by extensions ['ignore', 'ignore_ament_install']
[0.124s] [34mcolcon.colcon_core.package_identification[0m [1;30mLevel 1[0m _identify(src/bxi_rl_controller_ros2_example/resources/elf2-footv4/urdf) by extension 'ignore'
[0.124s] [34mcolcon.colcon_core.package_identification[0m [1;30mLevel 1[0m _identify(src/bxi_rl_controller_ros2_example/resources/elf2-footv4/urdf) by extension 'ignore_ament_install'
[0.124s] [34mcolcon.colcon_core.package_identification[0m [1;30mLevel 1[0m _identify(src/bxi_rl_controller_ros2_example/resources/elf2-footv4/urdf) by extensions ['colcon_pkg']
[0.124s] [34mcolcon.colcon_core.package_identification[0m [1;30mLevel 1[0m _identify(src/bxi_rl_controller_ros2_example/resources/elf2-footv4/urdf) by extension 'colcon_pkg'
[0.124s] [34mcolcon.colcon_core.package_identification[0m [1;30mLevel 1[0m _identify(src/bxi_rl_controller_ros2_example/resources/elf2-footv4/urdf) by extensions ['colcon_meta']
[0.124s] [34mcolcon.colcon_core.package_identification[0m [1;30mLevel 1[0m _identify(src/bxi_rl_controller_ros2_example/resources/elf2-footv4/urdf) by extension 'colcon_meta'
[0.124s] [34mcolcon.colcon_core.package_identification[0m [1;30mLevel 1[0m _identify(src/bxi_rl_controller_ros2_example/resources/elf2-footv4/urdf) by extensions ['ros']
[0.124s] [34mcolcon.colcon_core.package_identification[0m [1;30mLevel 1[0m _identify(src/bxi_rl_controller_ros2_example/resources/elf2-footv4/urdf) by extension 'ros'
[0.124s] [34mcolcon.colcon_core.package_identification[0m [1;30mLevel 1[0m _identify(src/bxi_rl_controller_ros2_example/resources/elf2-footv4/urdf) by extensions ['cmake', 'python']
[0.124s] [34mcolcon.colcon_core.package_identification[0m [1;30mLevel 1[0m _identify(src/bxi_rl_controller_ros2_example/resources/elf2-footv4/urdf) by extension 'cmake'
[0.124s] [34mcolcon.colcon_core.package_identification[0m [1;30mLevel 1[0m _identify(src/bxi_rl_controller_ros2_example/resources/elf2-footv4/urdf) by extension 'python'
[0.124s] [34mcolcon.colcon_core.package_identification[0m [1;30mLevel 1[0m _identify(src/bxi_rl_controller_ros2_example/resources/elf2-footv4/urdf) by extensions ['python_setup_py']
[0.124s] [34mcolcon.colcon_core.package_identification[0m [1;30mLevel 1[0m _identify(src/bxi_rl_controller_ros2_example/resources/elf2-footv4/urdf) by extension 'python_setup_py'
[0.124s] [34mcolcon.colcon_core.package_identification[0m [1;30mLevel 1[0m _identify(src/bxi_rl_controller_ros2_example/resources/elf2-trunk) by extensions ['ignore', 'ignore_ament_install']
[0.124s] [34mcolcon.colcon_core.package_identification[0m [1;30mLevel 1[0m _identify(src/bxi_rl_controller_ros2_example/resources/elf2-trunk) by extension 'ignore'
[0.124s] [34mcolcon.colcon_core.package_identification[0m [1;30mLevel 1[0m _identify(src/bxi_rl_controller_ros2_example/resources/elf2-trunk) by extension 'ignore_ament_install'
[0.124s] [34mcolcon.colcon_core.package_identification[0m [1;30mLevel 1[0m _identify(src/bxi_rl_controller_ros2_example/resources/elf2-trunk) by extensions ['colcon_pkg']
[0.124s] [34mcolcon.colcon_core.package_identification[0m [1;30mLevel 1[0m _identify(src/bxi_rl_controller_ros2_example/resources/elf2-trunk) by extension 'colcon_pkg'
[0.124s] [34mcolcon.colcon_core.package_identification[0m [1;30mLevel 1[0m _identify(src/bxi_rl_controller_ros2_example/resources/elf2-trunk) by extensions ['colcon_meta']
[0.124s] [34mcolcon.colcon_core.package_identification[0m [1;30mLevel 1[0m _identify(src/bxi_rl_controller_ros2_example/resources/elf2-trunk) by extension 'colcon_meta'
[0.124s] [34mcolcon.colcon_core.package_identification[0m [1;30mLevel 1[0m _identify(src/bxi_rl_controller_ros2_example/resources/elf2-trunk) by extensions ['ros']
[0.124s] [34mcolcon.colcon_core.package_identification[0m [1;30mLevel 1[0m _identify(src/bxi_rl_controller_ros2_example/resources/elf2-trunk) by extension 'ros'
[0.124s] [34mcolcon.colcon_core.package_identification[0m [1;30mLevel 1[0m _identify(src/bxi_rl_controller_ros2_example/resources/elf2-trunk) by extensions ['cmake', 'python']
[0.124s] [34mcolcon.colcon_core.package_identification[0m [1;30mLevel 1[0m _identify(src/bxi_rl_controller_ros2_example/resources/elf2-trunk) by extension 'cmake'
[0.124s] [34mcolcon.colcon_core.package_identification[0m [1;30mLevel 1[0m _identify(src/bxi_rl_controller_ros2_example/resources/elf2-trunk) by extension 'python'
[0.124s] [34mcolcon.colcon_core.package_identification[0m [1;30mLevel 1[0m _identify(src/bxi_rl_controller_ros2_example/resources/elf2-trunk) by extensions ['python_setup_py']
[0.124s] [34mcolcon.colcon_core.package_identification[0m [1;30mLevel 1[0m _identify(src/bxi_rl_controller_ros2_example/resources/elf2-trunk) by extension 'python_setup_py'
[0.124s] [34mcolcon.colcon_core.package_identification[0m [1;30mLevel 1[0m _identify(src/bxi_rl_controller_ros2_example/resources/elf2-trunk/meshes) by extensions ['ignore', 'ignore_ament_install']
[0.124s] [34mcolcon.colcon_core.package_identification[0m [1;30mLevel 1[0m _identify(src/bxi_rl_controller_ros2_example/resources/elf2-trunk/meshes) by extension 'ignore'
[0.124s] [34mcolcon.colcon_core.package_identification[0m [1;30mLevel 1[0m _identify(src/bxi_rl_controller_ros2_example/resources/elf2-trunk/meshes) by extension 'ignore_ament_install'
[0.124s] [34mcolcon.colcon_core.package_identification[0m [1;30mLevel 1[0m _identify(src/bxi_rl_controller_ros2_example/resources/elf2-trunk/meshes) by extensions ['colcon_pkg']
[0.124s] [34mcolcon.colcon_core.package_identification[0m [1;30mLevel 1[0m _identify(src/bxi_rl_controller_ros2_example/resources/elf2-trunk/meshes) by extension 'colcon_pkg'
[0.124s] [34mcolcon.colcon_core.package_identification[0m [1;30mLevel 1[0m _identify(src/bxi_rl_controller_ros2_example/resources/elf2-trunk/meshes) by extensions ['colcon_meta']
[0.124s] [34mcolcon.colcon_core.package_identification[0m [1;30mLevel 1[0m _identify(src/bxi_rl_controller_ros2_example/resources/elf2-trunk/meshes) by extension 'colcon_meta'
[0.124s] [34mcolcon.colcon_core.package_identification[0m [1;30mLevel 1[0m _identify(src/bxi_rl_controller_ros2_example/resources/elf2-trunk/meshes) by extensions ['ros']
[0.124s] [34mcolcon.colcon_core.package_identification[0m [1;30mLevel 1[0m _identify(src/bxi_rl_controller_ros2_example/resources/elf2-trunk/meshes) by extension 'ros'
[0.124s] [34mcolcon.colcon_core.package_identification[0m [1;30mLevel 1[0m _identify(src/bxi_rl_controller_ros2_example/resources/elf2-trunk/meshes) by extensions ['cmake', 'python']
[0.124s] [34mcolcon.colcon_core.package_identification[0m [1;30mLevel 1[0m _identify(src/bxi_rl_controller_ros2_example/resources/elf2-trunk/meshes) by extension 'cmake'
[0.125s] [34mcolcon.colcon_core.package_identification[0m [1;30mLevel 1[0m _identify(src/bxi_rl_controller_ros2_example/resources/elf2-trunk/meshes) by extension 'python'
[0.125s] [34mcolcon.colcon_core.package_identification[0m [1;30mLevel 1[0m _identify(src/bxi_rl_controller_ros2_example/resources/elf2-trunk/meshes) by extensions ['python_setup_py']
[0.125s] [34mcolcon.colcon_core.package_identification[0m [1;30mLevel 1[0m _identify(src/bxi_rl_controller_ros2_example/resources/elf2-trunk/meshes) by extension 'python_setup_py'
[0.125s] [34mcolcon.colcon_core.package_identification[0m [1;30mLevel 1[0m _identify(src/bxi_rl_controller_ros2_example/resources/elf2-trunk/urdf) by extensions ['ignore', 'ignore_ament_install']
[0.125s] [34mcolcon.colcon_core.package_identification[0m [1;30mLevel 1[0m _identify(src/bxi_rl_controller_ros2_example/resources/elf2-trunk/urdf) by extension 'ignore'
[0.125s] [34mcolcon.colcon_core.package_identification[0m [1;30mLevel 1[0m _identify(src/bxi_rl_controller_ros2_example/resources/elf2-trunk/urdf) by extension 'ignore_ament_install'
[0.125s] [34mcolcon.colcon_core.package_identification[0m [1;30mLevel 1[0m _identify(src/bxi_rl_controller_ros2_example/resources/elf2-trunk/urdf) by extensions ['colcon_pkg']
[0.125s] [34mcolcon.colcon_core.package_identification[0m [1;30mLevel 1[0m _identify(src/bxi_rl_controller_ros2_example/resources/elf2-trunk/urdf) by extension 'colcon_pkg'
[0.125s] [34mcolcon.colcon_core.package_identification[0m [1;30mLevel 1[0m _identify(src/bxi_rl_controller_ros2_example/resources/elf2-trunk/urdf) by extensions ['colcon_meta']
[0.125s] [34mcolcon.colcon_core.package_identification[0m [1;30mLevel 1[0m _identify(src/bxi_rl_controller_ros2_example/resources/elf2-trunk/urdf) by extension 'colcon_meta'
[0.125s] [34mcolcon.colcon_core.package_identification[0m [1;30mLevel 1[0m _identify(src/bxi_rl_controller_ros2_example/resources/elf2-trunk/urdf) by extensions ['ros']
[0.125s] [34mcolcon.colcon_core.package_identification[0m [1;30mLevel 1[0m _identify(src/bxi_rl_controller_ros2_example/resources/elf2-trunk/urdf) by extension 'ros'
[0.125s] [34mcolcon.colcon_core.package_identification[0m [1;30mLevel 1[0m _identify(src/bxi_rl_controller_ros2_example/resources/elf2-trunk/urdf) by extensions ['cmake', 'python']
[0.125s] [34mcolcon.colcon_core.package_identification[0m [1;30mLevel 1[0m _identify(src/bxi_rl_controller_ros2_example/resources/elf2-trunk/urdf) by extension 'cmake'
[0.125s] [34mcolcon.colcon_core.package_identification[0m [1;30mLevel 1[0m _identify(src/bxi_rl_controller_ros2_example/resources/elf2-trunk/urdf) by extension 'python'
[0.125s] [34mcolcon.colcon_core.package_identification[0m [1;30mLevel 1[0m _identify(src/bxi_rl_controller_ros2_example/resources/elf2-trunk/urdf) by extensions ['python_setup_py']
[0.125s] [34mcolcon.colcon_core.package_identification[0m [1;30mLevel 1[0m _identify(src/bxi_rl_controller_ros2_example/resources/elf2-trunk/urdf) by extension 'python_setup_py'
[0.125s] [34mcolcon.colcon_core.package_identification[0m [1;30mLevel 1[0m _identify(src/bxi_rl_controller_ros2_example/resources/elf3_dof29) by extensions ['ignore', 'ignore_ament_install']
[0.125s] [34mcolcon.colcon_core.package_identification[0m [1;30mLevel 1[0m _identify(src/bxi_rl_controller_ros2_example/resources/elf3_dof29) by extension 'ignore'
[0.125s] [34mcolcon.colcon_core.package_identification[0m [1;30mLevel 1[0m _identify(src/bxi_rl_controller_ros2_example/resources/elf3_dof29) by extension 'ignore_ament_install'
[0.125s] [34mcolcon.colcon_core.package_identification[0m [1;30mLevel 1[0m _identify(src/bxi_rl_controller_ros2_example/resources/elf3_dof29) by extensions ['colcon_pkg']
[0.125s] [34mcolcon.colcon_core.package_identification[0m [1;30mLevel 1[0m _identify(src/bxi_rl_controller_ros2_example/resources/elf3_dof29) by extension 'colcon_pkg'
[0.125s] [34mcolcon.colcon_core.package_identification[0m [1;30mLevel 1[0m _identify(src/bxi_rl_controller_ros2_example/resources/elf3_dof29) by extensions ['colcon_meta']
[0.125s] [34mcolcon.colcon_core.package_identification[0m [1;30mLevel 1[0m _identify(src/bxi_rl_controller_ros2_example/resources/elf3_dof29) by extension 'colcon_meta'
[0.125s] [34mcolcon.colcon_core.package_identification[0m [1;30mLevel 1[0m _identify(src/bxi_rl_controller_ros2_example/resources/elf3_dof29) by extensions ['ros']
[0.125s] [34mcolcon.colcon_core.package_identification[0m [1;30mLevel 1[0m _identify(src/bxi_rl_controller_ros2_example/resources/elf3_dof29) by extension 'ros'
[0.125s] [34mcolcon.colcon_core.package_identification[0m [1;30mLevel 1[0m _identify(src/bxi_rl_controller_ros2_example/resources/elf3_dof29) by extensions ['cmake', 'python']
[0.125s] [34mcolcon.colcon_core.package_identification[0m [1;30mLevel 1[0m _identify(src/bxi_rl_controller_ros2_example/resources/elf3_dof29) by extension 'cmake'
[0.125s] [34mcolcon.colcon_core.package_identification[0m [1;30mLevel 1[0m _identify(src/bxi_rl_controller_ros2_example/resources/elf3_dof29) by extension 'python'
[0.125s] [34mcolcon.colcon_core.package_identification[0m [1;30mLevel 1[0m _identify(src/bxi_rl_controller_ros2_example/resources/elf3_dof29) by extensions ['python_setup_py']
[0.125s] [34mcolcon.colcon_core.package_identification[0m [1;30mLevel 1[0m _identify(src/bxi_rl_controller_ros2_example/resources/elf3_dof29) by extension 'python_setup_py'
[0.125s] [34mcolcon.colcon_core.package_identification[0m [1;30mLevel 1[0m _identify(src/bxi_rl_controller_ros2_example/resources/elf3_dof29/urdf) by extensions ['ignore', 'ignore_ament_install']
[0.125s] [34mcolcon.colcon_core.package_identification[0m [1;30mLevel 1[0m _identify(src/bxi_rl_controller_ros2_example/resources/elf3_dof29/urdf) by extension 'ignore'
[0.125s] [34mcolcon.colcon_core.package_identification[0m [1;30mLevel 1[0m _identify(src/bxi_rl_controller_ros2_example/resources/elf3_dof29/urdf) by extension 'ignore_ament_install'
[0.125s] [34mcolcon.colcon_core.package_identification[0m [1;30mLevel 1[0m _identify(src/bxi_rl_controller_ros2_example/resources/elf3_dof29/urdf) by extensions ['colcon_pkg']
[0.125s] [34mcolcon.colcon_core.package_identification[0m [1;30mLevel 1[0m _identify(src/bxi_rl_controller_ros2_example/resources/elf3_dof29/urdf) by extension 'colcon_pkg'
[0.125s] [34mcolcon.colcon_core.package_identification[0m [1;30mLevel 1[0m _identify(src/bxi_rl_controller_ros2_example/resources/elf3_dof29/urdf) by extensions ['colcon_meta']
[0.125s] [34mcolcon.colcon_core.package_identification[0m [1;30mLevel 1[0m _identify(src/bxi_rl_controller_ros2_example/resources/elf3_dof29/urdf) by extension 'colcon_meta'
[0.125s] [34mcolcon.colcon_core.package_identification[0m [1;30mLevel 1[0m _identify(src/bxi_rl_controller_ros2_example/resources/elf3_dof29/urdf) by extensions ['ros']
[0.125s] [34mcolcon.colcon_core.package_identification[0m [1;30mLevel 1[0m _identify(src/bxi_rl_controller_ros2_example/resources/elf3_dof29/urdf) by extension 'ros'
[0.125s] [34mcolcon.colcon_core.package_identification[0m [1;30mLevel 1[0m _identify(src/bxi_rl_controller_ros2_example/resources/elf3_dof29/urdf) by extensions ['cmake', 'python']
[0.125s] [34mcolcon.colcon_core.package_identification[0m [1;30mLevel 1[0m _identify(src/bxi_rl_controller_ros2_example/resources/elf3_dof29/urdf) by extension 'cmake'
[0.125s] [34mcolcon.colcon_core.package_identification[0m [1;30mLevel 1[0m _identify(src/bxi_rl_controller_ros2_example/resources/elf3_dof29/urdf) by extension 'python'
[0.125s] [34mcolcon.colcon_core.package_identification[0m [1;30mLevel 1[0m _identify(src/bxi_rl_controller_ros2_example/resources/elf3_dof29/urdf) by extensions ['python_setup_py']
[0.125s] [34mcolcon.colcon_core.package_identification[0m [1;30mLevel 1[0m _identify(src/bxi_rl_controller_ros2_example/resources/elf3_dof29/urdf) by extension 'python_setup_py'
[0.125s] [34mcolcon.colcon_core.package_identification[0m [1;30mLevel 1[0m _identify(src/bxi_rl_controller_ros2_example/resources/elf3_dof29/urdf/meshes) by extensions ['ignore', 'ignore_ament_install']
[0.125s] [34mcolcon.colcon_core.package_identification[0m [1;30mLevel 1[0m _identify(src/bxi_rl_controller_ros2_example/resources/elf3_dof29/urdf/meshes) by extension 'ignore'
[0.125s] [34mcolcon.colcon_core.package_identification[0m [1;30mLevel 1[0m _identify(src/bxi_rl_controller_ros2_example/resources/elf3_dof29/urdf/meshes) by extension 'ignore_ament_install'
[0.126s] [34mcolcon.colcon_core.package_identification[0m [1;30mLevel 1[0m _identify(src/bxi_rl_controller_ros2_example/resources/elf3_dof29/urdf/meshes) by extensions ['colcon_pkg']
[0.126s] [34mcolcon.colcon_core.package_identification[0m [1;30mLevel 1[0m _identify(src/bxi_rl_controller_ros2_example/resources/elf3_dof29/urdf/meshes) by extension 'colcon_pkg'
[0.126s] [34mcolcon.colcon_core.package_identification[0m [1;30mLevel 1[0m _identify(src/bxi_rl_controller_ros2_example/resources/elf3_dof29/urdf/meshes) by extensions ['colcon_meta']
[0.126s] [34mcolcon.colcon_core.package_identification[0m [1;30mLevel 1[0m _identify(src/bxi_rl_controller_ros2_example/resources/elf3_dof29/urdf/meshes) by extension 'colcon_meta'
[0.126s] [34mcolcon.colcon_core.package_identification[0m [1;30mLevel 1[0m _identify(src/bxi_rl_controller_ros2_example/resources/elf3_dof29/urdf/meshes) by extensions ['ros']
[0.126s] [34mcolcon.colcon_core.package_identification[0m [1;30mLevel 1[0m _identify(src/bxi_rl_controller_ros2_example/resources/elf3_dof29/urdf/meshes) by extension 'ros'
[0.126s] [34mcolcon.colcon_core.package_identification[0m [1;30mLevel 1[0m _identify(src/bxi_rl_controller_ros2_example/resources/elf3_dof29/urdf/meshes) by extensions ['cmake', 'python']
[0.126s] [34mcolcon.colcon_core.package_identification[0m [1;30mLevel 1[0m _identify(src/bxi_rl_controller_ros2_example/resources/elf3_dof29/urdf/meshes) by extension 'cmake'
[0.126s] [34mcolcon.colcon_core.package_identification[0m [1;30mLevel 1[0m _identify(src/bxi_rl_controller_ros2_example/resources/elf3_dof29/urdf/meshes) by extension 'python'
[0.126s] [34mcolcon.colcon_core.package_identification[0m [1;30mLevel 1[0m _identify(src/bxi_rl_controller_ros2_example/resources/elf3_dof29/urdf/meshes) by extensions ['python_setup_py']
[0.126s] [34mcolcon.colcon_core.package_identification[0m [1;30mLevel 1[0m _identify(src/bxi_rl_controller_ros2_example/resources/elf3_dof29/urdf/meshes) by extension 'python_setup_py'
[0.126s] [34mcolcon.colcon_core.package_identification[0m [1;30mLevel 1[0m _identify(src/bxi_rl_controller_ros2_example/script) by extensions ['ignore', 'ignore_ament_install']
[0.126s] [34mcolcon.colcon_core.package_identification[0m [1;30mLevel 1[0m _identify(src/bxi_rl_controller_ros2_example/script) by extension 'ignore'
[0.126s] [34mcolcon.colcon_core.package_identification[0m [1;30mLevel 1[0m _identify(src/bxi_rl_controller_ros2_example/script) by extension 'ignore_ament_install'
[0.126s] [34mcolcon.colcon_core.package_identification[0m [1;30mLevel 1[0m _identify(src/bxi_rl_controller_ros2_example/script) by extensions ['colcon_pkg']
[0.126s] [34mcolcon.colcon_core.package_identification[0m [1;30mLevel 1[0m _identify(src/bxi_rl_controller_ros2_example/script) by extension 'colcon_pkg'
[0.126s] [34mcolcon.colcon_core.package_identification[0m [1;30mLevel 1[0m _identify(src/bxi_rl_controller_ros2_example/script) by extensions ['colcon_meta']
[0.126s] [34mcolcon.colcon_core.package_identification[0m [1;30mLevel 1[0m _identify(src/bxi_rl_controller_ros2_example/script) by extension 'colcon_meta'
[0.126s] [34mcolcon.colcon_core.package_identification[0m [1;30mLevel 1[0m _identify(src/bxi_rl_controller_ros2_example/script) by extensions ['ros']
[0.126s] [34mcolcon.colcon_core.package_identification[0m [1;30mLevel 1[0m _identify(src/bxi_rl_controller_ros2_example/script) by extension 'ros'
[0.126s] [34mcolcon.colcon_core.package_identification[0m [1;30mLevel 1[0m _identify(src/bxi_rl_controller_ros2_example/script) by extensions ['cmake', 'python']
[0.126s] [34mcolcon.colcon_core.package_identification[0m [1;30mLevel 1[0m _identify(src/bxi_rl_controller_ros2_example/script) by extension 'cmake'
[0.126s] [34mcolcon.colcon_core.package_identification[0m [1;30mLevel 1[0m _identify(src/bxi_rl_controller_ros2_example/script) by extension 'python'
[0.126s] [34mcolcon.colcon_core.package_identification[0m [1;30mLevel 1[0m _identify(src/bxi_rl_controller_ros2_example/script) by extensions ['python_setup_py']
[0.126s] [34mcolcon.colcon_core.package_identification[0m [1;30mLevel 1[0m _identify(src/bxi_rl_controller_ros2_example/script) by extension 'python_setup_py'
[0.126s] [34mcolcon.colcon_core.package_identification[0m [1;30mLevel 1[0m _identify(src/bxi_rl_controller_ros2_example/src) by extensions ['ignore', 'ignore_ament_install']
[0.126s] [34mcolcon.colcon_core.package_identification[0m [1;30mLevel 1[0m _identify(src/bxi_rl_controller_ros2_example/src) by extension 'ignore'
[0.126s] [34mcolcon.colcon_core.package_identification[0m [1;30mLevel 1[0m _identify(src/bxi_rl_controller_ros2_example/src) by extension 'ignore_ament_install'
[0.126s] [34mcolcon.colcon_core.package_identification[0m [1;30mLevel 1[0m _identify(src/bxi_rl_controller_ros2_example/src) by extensions ['colcon_pkg']
[0.126s] [34mcolcon.colcon_core.package_identification[0m [1;30mLevel 1[0m _identify(src/bxi_rl_controller_ros2_example/src) by extension 'colcon_pkg'
[0.126s] [34mcolcon.colcon_core.package_identification[0m [1;30mLevel 1[0m _identify(src/bxi_rl_controller_ros2_example/src) by extensions ['colcon_meta']
[0.126s] [34mcolcon.colcon_core.package_identification[0m [1;30mLevel 1[0m _identify(src/bxi_rl_controller_ros2_example/src) by extension 'colcon_meta'
[0.126s] [34mcolcon.colcon_core.package_identification[0m [1;30mLevel 1[0m _identify(src/bxi_rl_controller_ros2_example/src) by extensions ['ros']
[0.126s] [34mcolcon.colcon_core.package_identification[0m [1;30mLevel 1[0m _identify(src/bxi_rl_controller_ros2_example/src) by extension 'ros'
[0.126s] [34mcolcon.colcon_core.package_identification[0m [1;30mLevel 1[0m _identify(src/bxi_rl_controller_ros2_example/src) by extensions ['cmake', 'python']
[0.126s] [34mcolcon.colcon_core.package_identification[0m [1;30mLevel 1[0m _identify(src/bxi_rl_controller_ros2_example/src) by extension 'cmake'
[0.126s] [34mcolcon.colcon_core.package_identification[0m [1;30mLevel 1[0m _identify(src/bxi_rl_controller_ros2_example/src) by extension 'python'
[0.126s] [34mcolcon.colcon_core.package_identification[0m [1;30mLevel 1[0m _identify(src/bxi_rl_controller_ros2_example/src) by extensions ['python_setup_py']
[0.126s] [34mcolcon.colcon_core.package_identification[0m [1;30mLevel 1[0m _identify(src/bxi_rl_controller_ros2_example/src) by extension 'python_setup_py'
[0.126s] [34mcolcon.colcon_core.package_identification[0m [1;30mLevel 1[0m _identify(src/bxi_rl_controller_ros2_example/src/bxi_example) by extensions ['ignore', 'ignore_ament_install']
[0.126s] [34mcolcon.colcon_core.package_identification[0m [1;30mLevel 1[0m _identify(src/bxi_rl_controller_ros2_example/src/bxi_example) by extension 'ignore'
[0.126s] [34mcolcon.colcon_core.package_identification[0m [1;30mLevel 1[0m _identify(src/bxi_rl_controller_ros2_example/src/bxi_example) by extension 'ignore_ament_install'
[0.126s] [34mcolcon.colcon_core.package_identification[0m [1;30mLevel 1[0m _identify(src/bxi_rl_controller_ros2_example/src/bxi_example) by extensions ['colcon_pkg']
[0.126s] [34mcolcon.colcon_core.package_identification[0m [1;30mLevel 1[0m _identify(src/bxi_rl_controller_ros2_example/src/bxi_example) by extension 'colcon_pkg'
[0.126s] [34mcolcon.colcon_core.package_identification[0m [1;30mLevel 1[0m _identify(src/bxi_rl_controller_ros2_example/src/bxi_example) by extensions ['colcon_meta']
[0.126s] [34mcolcon.colcon_core.package_identification[0m [1;30mLevel 1[0m _identify(src/bxi_rl_controller_ros2_example/src/bxi_example) by extension 'colcon_meta'
[0.126s] [34mcolcon.colcon_core.package_identification[0m [1;30mLevel 1[0m _identify(src/bxi_rl_controller_ros2_example/src/bxi_example) by extensions ['ros']
[0.126s] [34mcolcon.colcon_core.package_identification[0m [1;30mLevel 1[0m _identify(src/bxi_rl_controller_ros2_example/src/bxi_example) by extension 'ros'
[0.127s] [34mcolcon.colcon_core.package_identification[0m [1;30mDEBUG[0m [32mPackage 'src/bxi_rl_controller_ros2_example/src/bxi_example' with type 'ros.ament_cmake' and name 'bxi_example'[0m
[0.127s] [34mcolcon.colcon_core.package_identification[0m [1;30mLevel 1[0m _identify(src/bxi_rl_controller_ros2_example/src/bxi_example_arm) by extensions ['ignore', 'ignore_ament_install']
[0.127s] [34mcolcon.colcon_core.package_identification[0m [1;30mLevel 1[0m _identify(src/bxi_rl_controller_ros2_example/src/bxi_example_arm) by extension 'ignore'
[0.127s] [34mcolcon.colcon_core.package_identification[0m [1;30mLevel 1[0m _identify(src/bxi_rl_controller_ros2_example/src/bxi_example_arm) by extension 'ignore_ament_install'
[0.127s] [34mcolcon.colcon_core.package_identification[0m [1;30mLevel 1[0m _identify(src/bxi_rl_controller_ros2_example/src/bxi_example_arm) by extensions ['colcon_pkg']
[0.127s] [34mcolcon.colcon_core.package_identification[0m [1;30mLevel 1[0m _identify(src/bxi_rl_controller_ros2_example/src/bxi_example_arm) by extension 'colcon_pkg'
[0.127s] [34mcolcon.colcon_core.package_identification[0m [1;30mLevel 1[0m _identify(src/bxi_rl_controller_ros2_example/src/bxi_example_arm) by extensions ['colcon_meta']
[0.127s] [34mcolcon.colcon_core.package_identification[0m [1;30mLevel 1[0m _identify(src/bxi_rl_controller_ros2_example/src/bxi_example_arm) by extension 'colcon_meta'
[0.127s] [34mcolcon.colcon_core.package_identification[0m [1;30mLevel 1[0m _identify(src/bxi_rl_controller_ros2_example/src/bxi_example_arm) by extensions ['ros']
[0.127s] [34mcolcon.colcon_core.package_identification[0m [1;30mLevel 1[0m _identify(src/bxi_rl_controller_ros2_example/src/bxi_example_arm) by extension 'ros'
[0.127s] [34mcolcon.colcon_core.package_identification[0m [1;30mDEBUG[0m [32mPackage 'src/bxi_rl_controller_ros2_example/src/bxi_example_arm' with type 'ros.ament_cmake' and name 'bxi_example_arm'[0m
[0.127s] [34mcolcon.colcon_core.package_identification[0m [1;30mLevel 1[0m _identify(src/bxi_rl_controller_ros2_example/src/bxi_example_py) by extensions ['ignore', 'ignore_ament_install']
[0.127s] [34mcolcon.colcon_core.package_identification[0m [1;30mLevel 1[0m _identify(src/bxi_rl_controller_ros2_example/src/bxi_example_py) by extension 'ignore'
[0.127s] [34mcolcon.colcon_core.package_identification[0m [1;30mLevel 1[0m _identify(src/bxi_rl_controller_ros2_example/src/bxi_example_py) by extension 'ignore_ament_install'
[0.127s] [34mcolcon.colcon_core.package_identification[0m [1;30mLevel 1[0m _identify(src/bxi_rl_controller_ros2_example/src/bxi_example_py) by extensions ['colcon_pkg']
[0.127s] [34mcolcon.colcon_core.package_identification[0m [1;30mLevel 1[0m _identify(src/bxi_rl_controller_ros2_example/src/bxi_example_py) by extension 'colcon_pkg'
[0.127s] [34mcolcon.colcon_core.package_identification[0m [1;30mLevel 1[0m _identify(src/bxi_rl_controller_ros2_example/src/bxi_example_py) by extensions ['colcon_meta']
[0.127s] [34mcolcon.colcon_core.package_identification[0m [1;30mLevel 1[0m _identify(src/bxi_rl_controller_ros2_example/src/bxi_example_py) by extension 'colcon_meta'
[0.127s] [34mcolcon.colcon_core.package_identification[0m [1;30mLevel 1[0m _identify(src/bxi_rl_controller_ros2_example/src/bxi_example_py) by extensions ['ros']
[0.127s] [34mcolcon.colcon_core.package_identification[0m [1;30mLevel 1[0m _identify(src/bxi_rl_controller_ros2_example/src/bxi_example_py) by extension 'ros'
[0.128s] [34mcolcon.colcon_core.package_identification[0m [1;30mDEBUG[0m [32mPackage 'src/bxi_rl_controller_ros2_example/src/bxi_example_py' with type 'ros.ament_python' and name 'bxi_example_py'[0m
[0.128s] [34mcolcon.colcon_core.package_identification[0m [1;30mLevel 1[0m _identify(src/bxi_rl_controller_ros2_example/src/bxi_example_py_ankle) by extensions ['ignore', 'ignore_ament_install']
[0.128s] [34mcolcon.colcon_core.package_identification[0m [1;30mLevel 1[0m _identify(src/bxi_rl_controller_ros2_example/src/bxi_example_py_ankle) by extension 'ignore'
[0.128s] [34mcolcon.colcon_core.package_identification[0m [1;30mLevel 1[0m _identify(src/bxi_rl_controller_ros2_example/src/bxi_example_py_ankle) by extension 'ignore_ament_install'
[0.128s] [34mcolcon.colcon_core.package_identification[0m [1;30mLevel 1[0m _identify(src/bxi_rl_controller_ros2_example/src/bxi_example_py_ankle) by extensions ['colcon_pkg']
[0.128s] [34mcolcon.colcon_core.package_identification[0m [1;30mLevel 1[0m _identify(src/bxi_rl_controller_ros2_example/src/bxi_example_py_ankle) by extension 'colcon_pkg'
[0.128s] [34mcolcon.colcon_core.package_identification[0m [1;30mLevel 1[0m _identify(src/bxi_rl_controller_ros2_example/src/bxi_example_py_ankle) by extensions ['colcon_meta']
[0.128s] [34mcolcon.colcon_core.package_identification[0m [1;30mLevel 1[0m _identify(src/bxi_rl_controller_ros2_example/src/bxi_example_py_ankle) by extension 'colcon_meta'
[0.128s] [34mcolcon.colcon_core.package_identification[0m [1;30mLevel 1[0m _identify(src/bxi_rl_controller_ros2_example/src/bxi_example_py_ankle) by extensions ['ros']
[0.128s] [34mcolcon.colcon_core.package_identification[0m [1;30mLevel 1[0m _identify(src/bxi_rl_controller_ros2_example/src/bxi_example_py_ankle) by extension 'ros'
[0.128s] [34mcolcon.colcon_core.package_identification[0m [1;30mDEBUG[0m [32mPackage 'src/bxi_rl_controller_ros2_example/src/bxi_example_py_ankle' with type 'ros.ament_python' and name 'bxi_example_py_ankle'[0m
[0.128s] [34mcolcon.colcon_core.package_identification[0m [1;30mLevel 1[0m _identify(src/bxi_rl_controller_ros2_example/src/bxi_example_py_arm) by extensions ['ignore', 'ignore_ament_install']
[0.128s] [34mcolcon.colcon_core.package_identification[0m [1;30mLevel 1[0m _identify(src/bxi_rl_controller_ros2_example/src/bxi_example_py_arm) by extension 'ignore'
[0.128s] [34mcolcon.colcon_core.package_identification[0m [1;30mLevel 1[0m _identify(src/bxi_rl_controller_ros2_example/src/bxi_example_py_arm) by extension 'ignore_ament_install'
[0.128s] [34mcolcon.colcon_core.package_identification[0m [1;30mLevel 1[0m _identify(src/bxi_rl_controller_ros2_example/src/bxi_example_py_arm) by extensions ['colcon_pkg']
[0.128s] [34mcolcon.colcon_core.package_identification[0m [1;30mLevel 1[0m _identify(src/bxi_rl_controller_ros2_example/src/bxi_example_py_arm) by extension 'colcon_pkg'
[0.128s] [34mcolcon.colcon_core.package_identification[0m [1;30mLevel 1[0m _identify(src/bxi_rl_controller_ros2_example/src/bxi_example_py_arm) by extensions ['colcon_meta']
[0.128s] [34mcolcon.colcon_core.package_identification[0m [1;30mLevel 1[0m _identify(src/bxi_rl_controller_ros2_example/src/bxi_example_py_arm) by extension 'colcon_meta'
[0.128s] [34mcolcon.colcon_core.package_identification[0m [1;30mLevel 1[0m _identify(src/bxi_rl_controller_ros2_example/src/bxi_example_py_arm) by extensions ['ros']
[0.128s] [34mcolcon.colcon_core.package_identification[0m [1;30mLevel 1[0m _identify(src/bxi_rl_controller_ros2_example/src/bxi_example_py_arm) by extension 'ros'
[0.129s] [34mcolcon.colcon_core.package_identification[0m [1;30mDEBUG[0m [32mPackage 'src/bxi_rl_controller_ros2_example/src/bxi_example_py_arm' with type 'ros.ament_python' and name 'bxi_example_py_arm'[0m
[0.129s] [34mcolcon.colcon_core.package_identification[0m [1;30mLevel 1[0m _identify(src/bxi_rl_controller_ros2_example/src/bxi_example_py_armrc) by extensions ['ignore', 'ignore_ament_install']
[0.129s] [34mcolcon.colcon_core.package_identification[0m [1;30mLevel 1[0m _identify(src/bxi_rl_controller_ros2_example/src/bxi_example_py_armrc) by extension 'ignore'
[0.129s] [34mcolcon.colcon_core.package_identification[0m [1;30mLevel 1[0m _identify(src/bxi_rl_controller_ros2_example/src/bxi_example_py_armrc) by extension 'ignore_ament_install'
[0.129s] [34mcolcon.colcon_core.package_identification[0m [1;30mLevel 1[0m _identify(src/bxi_rl_controller_ros2_example/src/bxi_example_py_armrc) by extensions ['colcon_pkg']
[0.129s] [34mcolcon.colcon_core.package_identification[0m [1;30mLevel 1[0m _identify(src/bxi_rl_controller_ros2_example/src/bxi_example_py_armrc) by extension 'colcon_pkg'
[0.129s] [34mcolcon.colcon_core.package_identification[0m [1;30mLevel 1[0m _identify(src/bxi_rl_controller_ros2_example/src/bxi_example_py_armrc) by extensions ['colcon_meta']
[0.129s] [34mcolcon.colcon_core.package_identification[0m [1;30mLevel 1[0m _identify(src/bxi_rl_controller_ros2_example/src/bxi_example_py_armrc) by extension 'colcon_meta'
[0.129s] [34mcolcon.colcon_core.package_identification[0m [1;30mLevel 1[0m _identify(src/bxi_rl_controller_ros2_example/src/bxi_example_py_armrc) by extensions ['ros']
[0.129s] [34mcolcon.colcon_core.package_identification[0m [1;30mLevel 1[0m _identify(src/bxi_rl_controller_ros2_example/src/bxi_example_py_armrc) by extension 'ros'
[0.129s] [34mcolcon.colcon_core.package_identification[0m [1;30mDEBUG[0m [32mPackage 'src/bxi_rl_controller_ros2_example/src/bxi_example_py_armrc' with type 'ros.ament_python' and name 'bxi_example_py_armrc'[0m
[0.129s] [34mcolcon.colcon_core.package_identification[0m [1;30mLevel 1[0m _identify(src/bxi_rl_controller_ros2_example/src/bxi_example_py_elf3) by extensions ['ignore', 'ignore_ament_install']
[0.129s] [34mcolcon.colcon_core.package_identification[0m [1;30mLevel 1[0m _identify(src/bxi_rl_controller_ros2_example/src/bxi_example_py_elf3) by extension 'ignore'
[0.129s] [34mcolcon.colcon_core.package_identification[0m [1;30mLevel 1[0m _identify(src/bxi_rl_controller_ros2_example/src/bxi_example_py_elf3) by extension 'ignore_ament_install'
[0.129s] [34mcolcon.colcon_core.package_identification[0m [1;30mLevel 1[0m _identify(src/bxi_rl_controller_ros2_example/src/bxi_example_py_elf3) by extensions ['colcon_pkg']
[0.129s] [34mcolcon.colcon_core.package_identification[0m [1;30mLevel 1[0m _identify(src/bxi_rl_controller_ros2_example/src/bxi_example_py_elf3) by extension 'colcon_pkg'
[0.129s] [34mcolcon.colcon_core.package_identification[0m [1;30mLevel 1[0m _identify(src/bxi_rl_controller_ros2_example/src/bxi_example_py_elf3) by extensions ['colcon_meta']
[0.129s] [34mcolcon.colcon_core.package_identification[0m [1;30mLevel 1[0m _identify(src/bxi_rl_controller_ros2_example/src/bxi_example_py_elf3) by extension 'colcon_meta'
[0.129s] [34mcolcon.colcon_core.package_identification[0m [1;30mLevel 1[0m _identify(src/bxi_rl_controller_ros2_example/src/bxi_example_py_elf3) by extensions ['ros']
[0.129s] [34mcolcon.colcon_core.package_identification[0m [1;30mLevel 1[0m _identify(src/bxi_rl_controller_ros2_example/src/bxi_example_py_elf3) by extension 'ros'
[0.130s] [34mcolcon.colcon_core.package_identification[0m [1;30mDEBUG[0m [32mPackage 'src/bxi_rl_controller_ros2_example/src/bxi_example_py_elf3' with type 'ros.ament_python' and name 'bxi_example_py_elf3'[0m
[0.130s] [34mcolcon.colcon_core.package_identification[0m [1;30mLevel 1[0m _identify(src/bxi_rl_controller_ros2_example/src/bxi_example_py_foot) by extensions ['ignore', 'ignore_ament_install']
[0.130s] [34mcolcon.colcon_core.package_identification[0m [1;30mLevel 1[0m _identify(src/bxi_rl_controller_ros2_example/src/bxi_example_py_foot) by extension 'ignore'
[0.130s] [34mcolcon.colcon_core.package_identification[0m [1;30mLevel 1[0m _identify(src/bxi_rl_controller_ros2_example/src/bxi_example_py_foot) by extension 'ignore_ament_install'
[0.130s] [34mcolcon.colcon_core.package_identification[0m [1;30mLevel 1[0m _identify(src/bxi_rl_controller_ros2_example/src/bxi_example_py_foot) by extensions ['colcon_pkg']
[0.130s] [34mcolcon.colcon_core.package_identification[0m [1;30mLevel 1[0m _identify(src/bxi_rl_controller_ros2_example/src/bxi_example_py_foot) by extension 'colcon_pkg'
[0.130s] [34mcolcon.colcon_core.package_identification[0m [1;30mLevel 1[0m _identify(src/bxi_rl_controller_ros2_example/src/bxi_example_py_foot) by extensions ['colcon_meta']
[0.130s] [34mcolcon.colcon_core.package_identification[0m [1;30mLevel 1[0m _identify(src/bxi_rl_controller_ros2_example/src/bxi_example_py_foot) by extension 'colcon_meta'
[0.130s] [34mcolcon.colcon_core.package_identification[0m [1;30mLevel 1[0m _identify(src/bxi_rl_controller_ros2_example/src/bxi_example_py_foot) by extensions ['ros']
[0.130s] [34mcolcon.colcon_core.package_identification[0m [1;30mLevel 1[0m _identify(src/bxi_rl_controller_ros2_example/src/bxi_example_py_foot) by extension 'ros'
[0.130s] [34mcolcon.colcon_core.package_identification[0m [1;30mDEBUG[0m [32mPackage 'src/bxi_rl_controller_ros2_example/src/bxi_example_py_foot' with type 'ros.ament_python' and name 'bxi_example_py_foot'[0m
[0.130s] [34mcolcon.colcon_core.package_identification[0m [1;30mLevel 1[0m _identify(src/bxi_rl_controller_ros2_example/src/bxi_example_py_trunk) by extensions ['ignore', 'ignore_ament_install']
[0.130s] [34mcolcon.colcon_core.package_identification[0m [1;30mLevel 1[0m _identify(src/bxi_rl_controller_ros2_example/src/bxi_example_py_trunk) by extension 'ignore'
[0.130s] [34mcolcon.colcon_core.package_identification[0m [1;30mLevel 1[0m _identify(src/bxi_rl_controller_ros2_example/src/bxi_example_py_trunk) by extension 'ignore_ament_install'
[0.130s] [34mcolcon.colcon_core.package_identification[0m [1;30mLevel 1[0m _identify(src/bxi_rl_controller_ros2_example/src/bxi_example_py_trunk) by extensions ['colcon_pkg']
[0.130s] [34mcolcon.colcon_core.package_identification[0m [1;30mLevel 1[0m _identify(src/bxi_rl_controller_ros2_example/src/bxi_example_py_trunk) by extension 'colcon_pkg'
[0.130s] [34mcolcon.colcon_core.package_identification[0m [1;30mLevel 1[0m _identify(src/bxi_rl_controller_ros2_example/src/bxi_example_py_trunk) by extensions ['colcon_meta']
[0.130s] [34mcolcon.colcon_core.package_identification[0m [1;30mLevel 1[0m _identify(src/bxi_rl_controller_ros2_example/src/bxi_example_py_trunk) by extension 'colcon_meta'
[0.130s] [34mcolcon.colcon_core.package_identification[0m [1;30mLevel 1[0m _identify(src/bxi_rl_controller_ros2_example/src/bxi_example_py_trunk) by extensions ['ros']
[0.130s] [34mcolcon.colcon_core.package_identification[0m [1;30mLevel 1[0m _identify(src/bxi_rl_controller_ros2_example/src/bxi_example_py_trunk) by extension 'ros'
[0.131s] [34mcolcon.colcon_core.package_identification[0m [1;30mDEBUG[0m [32mPackage 'src/bxi_rl_controller_ros2_example/src/bxi_example_py_trunk' with type 'ros.ament_python' and name 'bxi_example_py_trunk'[0m
[0.131s] [34mcolcon.colcon_core.package_identification[0m [1;30mLevel 1[0m _identify(src/bxi_rl_controller_ros2_example/src/bxi_example_py_trunk_neck) by extensions ['ignore', 'ignore_ament_install']
[0.131s] [34mcolcon.colcon_core.package_identification[0m [1;30mLevel 1[0m _identify(src/bxi_rl_controller_ros2_example/src/bxi_example_py_trunk_neck) by extension 'ignore'
[0.131s] [34mcolcon.colcon_core.package_identification[0m [1;30mLevel 1[0m _identify(src/bxi_rl_controller_ros2_example/src/bxi_example_py_trunk_neck) by extension 'ignore_ament_install'
[0.131s] [34mcolcon.colcon_core.package_identification[0m [1;30mLevel 1[0m _identify(src/bxi_rl_controller_ros2_example/src/bxi_example_py_trunk_neck) by extensions ['colcon_pkg']
[0.131s] [34mcolcon.colcon_core.package_identification[0m [1;30mLevel 1[0m _identify(src/bxi_rl_controller_ros2_example/src/bxi_example_py_trunk_neck) by extension 'colcon_pkg'
[0.131s] [34mcolcon.colcon_core.package_identification[0m [1;30mLevel 1[0m _identify(src/bxi_rl_controller_ros2_example/src/bxi_example_py_trunk_neck) by extensions ['colcon_meta']
[0.131s] [34mcolcon.colcon_core.package_identification[0m [1;30mLevel 1[0m _identify(src/bxi_rl_controller_ros2_example/src/bxi_example_py_trunk_neck) by extension 'colcon_meta'
[0.131s] [34mcolcon.colcon_core.package_identification[0m [1;30mLevel 1[0m _identify(src/bxi_rl_controller_ros2_example/src/bxi_example_py_trunk_neck) by extensions ['ros']
[0.131s] [34mcolcon.colcon_core.package_identification[0m [1;30mLevel 1[0m _identify(src/bxi_rl_controller_ros2_example/src/bxi_example_py_trunk_neck) by extension 'ros'
[0.131s] [34mcolcon.colcon_core.package_identification[0m [1;30mDEBUG[0m [32mPackage 'src/bxi_rl_controller_ros2_example/src/bxi_example_py_trunk_neck' with type 'ros.ament_python' and name 'bxi_example_py_trunk_neck'[0m
[0.131s] [34mcolcon.colcon_core.package_identification[0m [1;30mLevel 1[0m _identify(src/bxi_rl_controller_ros2_example/src/remote_controller) by extensions ['ignore', 'ignore_ament_install']
[0.131s] [34mcolcon.colcon_core.package_identification[0m [1;30mLevel 1[0m _identify(src/bxi_rl_controller_ros2_example/src/remote_controller) by extension 'ignore'
[0.131s] [34mcolcon.colcon_core.package_identification[0m [1;30mLevel 1[0m _identify(src/bxi_rl_controller_ros2_example/src/remote_controller) by extension 'ignore_ament_install'
[0.131s] [34mcolcon.colcon_core.package_identification[0m [1;30mLevel 1[0m _identify(src/bxi_rl_controller_ros2_example/src/remote_controller) by extensions ['colcon_pkg']
[0.131s] [34mcolcon.colcon_core.package_identification[0m [1;30mLevel 1[0m _identify(src/bxi_rl_controller_ros2_example/src/remote_controller) by extension 'colcon_pkg'
[0.131s] [34mcolcon.colcon_core.package_identification[0m [1;30mLevel 1[0m _identify(src/bxi_rl_controller_ros2_example/src/remote_controller) by extensions ['colcon_meta']
[0.131s] [34mcolcon.colcon_core.package_identification[0m [1;30mLevel 1[0m _identify(src/bxi_rl_controller_ros2_example/src/remote_controller) by extension 'colcon_meta'
[0.131s] [34mcolcon.colcon_core.package_identification[0m [1;30mLevel 1[0m _identify(src/bxi_rl_controller_ros2_example/src/remote_controller) by extensions ['ros']
[0.131s] [34mcolcon.colcon_core.package_identification[0m [1;30mLevel 1[0m _identify(src/bxi_rl_controller_ros2_example/src/remote_controller) by extension 'ros'
[0.132s] [34mcolcon.colcon_core.package_identification[0m [1;30mDEBUG[0m [32mPackage 'src/bxi_rl_controller_ros2_example/src/remote_controller' with type 'ros.ament_cmake' and name 'remote_controller'[0m
[0.132s] [34mcolcon.colcon_core.package_identification[0m [1;30mLevel 1[0m _identify(src/bxi_rl_controller_ros2_example/src/remote_py_test) by extensions ['ignore', 'ignore_ament_install']
[0.132s] [34mcolcon.colcon_core.package_identification[0m [1;30mLevel 1[0m _identify(src/bxi_rl_controller_ros2_example/src/remote_py_test) by extension 'ignore'
[0.132s] [34mcolcon.colcon_core.package_identification[0m [1;30mLevel 1[0m _identify(src/bxi_rl_controller_ros2_example/src/remote_py_test) by extension 'ignore_ament_install'
[0.132s] [34mcolcon.colcon_core.package_identification[0m [1;30mLevel 1[0m _identify(src/bxi_rl_controller_ros2_example/src/remote_py_test) by extensions ['colcon_pkg']
[0.132s] [34mcolcon.colcon_core.package_identification[0m [1;30mLevel 1[0m _identify(src/bxi_rl_controller_ros2_example/src/remote_py_test) by extension 'colcon_pkg'
[0.132s] [34mcolcon.colcon_core.package_identification[0m [1;30mLevel 1[0m _identify(src/bxi_rl_controller_ros2_example/src/remote_py_test) by extensions ['colcon_meta']
[0.132s] [34mcolcon.colcon_core.package_identification[0m [1;30mLevel 1[0m _identify(src/bxi_rl_controller_ros2_example/src/remote_py_test) by extension 'colcon_meta'
[0.132s] [34mcolcon.colcon_core.package_identification[0m [1;30mLevel 1[0m _identify(src/bxi_rl_controller_ros2_example/src/remote_py_test) by extensions ['ros']
[0.132s] [34mcolcon.colcon_core.package_identification[0m [1;30mLevel 1[0m _identify(src/bxi_rl_controller_ros2_example/src/remote_py_test) by extension 'ros'
[0.132s] [34mcolcon.colcon_core.package_identification[0m [1;30mLevel 1[0m _identify(src/bxi_rl_controller_ros2_example/src/remote_py_test) by extensions ['cmake', 'python']
[0.132s] [34mcolcon.colcon_core.package_identification[0m [1;30mLevel 1[0m _identify(src/bxi_rl_controller_ros2_example/src/remote_py_test) by extension 'cmake'
[0.132s] [34mcolcon.colcon_core.package_identification[0m [1;30mLevel 1[0m _identify(src/bxi_rl_controller_ros2_example/src/remote_py_test) by extension 'python'
[0.132s] [34mcolcon.colcon_core.package_identification[0m [1;30mLevel 1[0m _identify(src/bxi_rl_controller_ros2_example/src/remote_py_test) by extensions ['python_setup_py']
[0.132s] [34mcolcon.colcon_core.package_identification[0m [1;30mLevel 1[0m _identify(src/bxi_rl_controller_ros2_example/src/remote_py_test) by extension 'python_setup_py'
[0.132s] [34mcolcon.colcon_core.package_identification[0m [1;30mLevel 1[0m _identify(src/bxi_rl_controller_ros2_example/src/remote_py_test/launch) by extensions ['ignore', 'ignore_ament_install']
[0.132s] [34mcolcon.colcon_core.package_identification[0m [1;30mLevel 1[0m _identify(src/bxi_rl_controller_ros2_example/src/remote_py_test/launch) by extension 'ignore'
[0.132s] [34mcolcon.colcon_core.package_identification[0m [1;30mLevel 1[0m _identify(src/bxi_rl_controller_ros2_example/src/remote_py_test/launch) by extension 'ignore_ament_install'
[0.132s] [34mcolcon.colcon_core.package_identification[0m [1;30mLevel 1[0m _identify(src/bxi_rl_controller_ros2_example/src/remote_py_test/launch) by extensions ['colcon_pkg']
[0.132s] [34mcolcon.colcon_core.package_identification[0m [1;30mLevel 1[0m _identify(src/bxi_rl_controller_ros2_example/src/remote_py_test/launch) by extension 'colcon_pkg'
[0.132s] [34mcolcon.colcon_core.package_identification[0m [1;30mLevel 1[0m _identify(src/bxi_rl_controller_ros2_example/src/remote_py_test/launch) by extensions ['colcon_meta']
[0.132s] [34mcolcon.colcon_core.package_identification[0m [1;30mLevel 1[0m _identify(src/bxi_rl_controller_ros2_example/src/remote_py_test/launch) by extension 'colcon_meta'
[0.132s] [34mcolcon.colcon_core.package_identification[0m [1;30mLevel 1[0m _identify(src/bxi_rl_controller_ros2_example/src/remote_py_test/launch) by extensions ['ros']
[0.132s] [34mcolcon.colcon_core.package_identification[0m [1;30mLevel 1[0m _identify(src/bxi_rl_controller_ros2_example/src/remote_py_test/launch) by extension 'ros'
[0.132s] [34mcolcon.colcon_core.package_identification[0m [1;30mLevel 1[0m _identify(src/bxi_rl_controller_ros2_example/src/remote_py_test/launch) by extensions ['cmake', 'python']
[0.132s] [34mcolcon.colcon_core.package_identification[0m [1;30mLevel 1[0m _identify(src/bxi_rl_controller_ros2_example/src/remote_py_test/launch) by extension 'cmake'
[0.132s] [34mcolcon.colcon_core.package_identification[0m [1;30mLevel 1[0m _identify(src/bxi_rl_controller_ros2_example/src/remote_py_test/launch) by extension 'python'
[0.132s] [34mcolcon.colcon_core.package_identification[0m [1;30mLevel 1[0m _identify(src/bxi_rl_controller_ros2_example/src/remote_py_test/launch) by extensions ['python_setup_py']
[0.132s] [34mcolcon.colcon_core.package_identification[0m [1;30mLevel 1[0m _identify(src/bxi_rl_controller_ros2_example/src/remote_py_test/launch) by extension 'python_setup_py'
[0.132s] [34mcolcon.colcon_core.package_identification[0m [1;30mLevel 1[0m _identify(src/bxi_rl_controller_ros2_example/src/remote_py_test/remote_py_test) by extensions ['ignore', 'ignore_ament_install']
[0.132s] [34mcolcon.colcon_core.package_identification[0m [1;30mLevel 1[0m _identify(src/bxi_rl_controller_ros2_example/src/remote_py_test/remote_py_test) by extension 'ignore'
[0.132s] [34mcolcon.colcon_core.package_identification[0m [1;30mLevel 1[0m _identify(src/bxi_rl_controller_ros2_example/src/remote_py_test/remote_py_test) by extension 'ignore_ament_install'
[0.132s] [34mcolcon.colcon_core.package_identification[0m [1;30mLevel 1[0m _identify(src/bxi_rl_controller_ros2_example/src/remote_py_test/remote_py_test) by extensions ['colcon_pkg']
[0.132s] [34mcolcon.colcon_core.package_identification[0m [1;30mLevel 1[0m _identify(src/bxi_rl_controller_ros2_example/src/remote_py_test/remote_py_test) by extension 'colcon_pkg'
[0.132s] [34mcolcon.colcon_core.package_identification[0m [1;30mLevel 1[0m _identify(src/bxi_rl_controller_ros2_example/src/remote_py_test/remote_py_test) by extensions ['colcon_meta']
[0.132s] [34mcolcon.colcon_core.package_identification[0m [1;30mLevel 1[0m _identify(src/bxi_rl_controller_ros2_example/src/remote_py_test/remote_py_test) by extension 'colcon_meta'
[0.132s] [34mcolcon.colcon_core.package_identification[0m [1;30mLevel 1[0m _identify(src/bxi_rl_controller_ros2_example/src/remote_py_test/remote_py_test) by extensions ['ros']
[0.132s] [34mcolcon.colcon_core.package_identification[0m [1;30mLevel 1[0m _identify(src/bxi_rl_controller_ros2_example/src/remote_py_test/remote_py_test) by extension 'ros'
[0.132s] [34mcolcon.colcon_core.package_identification[0m [1;30mLevel 1[0m _identify(src/bxi_rl_controller_ros2_example/src/remote_py_test/remote_py_test) by extensions ['cmake', 'python']
[0.132s] [34mcolcon.colcon_core.package_identification[0m [1;30mLevel 1[0m _identify(src/bxi_rl_controller_ros2_example/src/remote_py_test/remote_py_test) by extension 'cmake'
[0.133s] [34mcolcon.colcon_core.package_identification[0m [1;30mLevel 1[0m _identify(src/bxi_rl_controller_ros2_example/src/remote_py_test/remote_py_test) by extension 'python'
[0.133s] [34mcolcon.colcon_core.package_identification[0m [1;30mLevel 1[0m _identify(src/bxi_rl_controller_ros2_example/src/remote_py_test/remote_py_test) by extensions ['python_setup_py']
[0.133s] [34mcolcon.colcon_core.package_identification[0m [1;30mLevel 1[0m _identify(src/bxi_rl_controller_ros2_example/src/remote_py_test/remote_py_test) by extension 'python_setup_py'
[0.133s] [34mcolcon.colcon_core.package_identification[0m [1;30mLevel 1[0m _identify(src/bxi_rl_controller_ros2_example/src/remote_py_test/resource) by extensions ['ignore', 'ignore_ament_install']
[0.133s] [34mcolcon.colcon_core.package_identification[0m [1;30mLevel 1[0m _identify(src/bxi_rl_controller_ros2_example/src/remote_py_test/resource) by extension 'ignore'
[0.133s] [34mcolcon.colcon_core.package_identification[0m [1;30mLevel 1[0m _identify(src/bxi_rl_controller_ros2_example/src/remote_py_test/resource) by extension 'ignore_ament_install'
[0.133s] [34mcolcon.colcon_core.package_identification[0m [1;30mLevel 1[0m _identify(src/bxi_rl_controller_ros2_example/src/remote_py_test/resource) by extensions ['colcon_pkg']
[0.133s] [34mcolcon.colcon_core.package_identification[0m [1;30mLevel 1[0m _identify(src/bxi_rl_controller_ros2_example/src/remote_py_test/resource) by extension 'colcon_pkg'
[0.133s] [34mcolcon.colcon_core.package_identification[0m [1;30mLevel 1[0m _identify(src/bxi_rl_controller_ros2_example/src/remote_py_test/resource) by extensions ['colcon_meta']
[0.133s] [34mcolcon.colcon_core.package_identification[0m [1;30mLevel 1[0m _identify(src/bxi_rl_controller_ros2_example/src/remote_py_test/resource) by extension 'colcon_meta'
[0.133s] [34mcolcon.colcon_core.package_identification[0m [1;30mLevel 1[0m _identify(src/bxi_rl_controller_ros2_example/src/remote_py_test/resource) by extensions ['ros']
[0.133s] [34mcolcon.colcon_core.package_identification[0m [1;30mLevel 1[0m _identify(src/bxi_rl_controller_ros2_example/src/remote_py_test/resource) by extension 'ros'
[0.133s] [34mcolcon.colcon_core.package_identification[0m [1;30mLevel 1[0m _identify(src/bxi_rl_controller_ros2_example/src/remote_py_test/resource) by extensions ['cmake', 'python']
[0.133s] [34mcolcon.colcon_core.package_identification[0m [1;30mLevel 1[0m _identify(src/bxi_rl_controller_ros2_example/src/remote_py_test/resource) by extension 'cmake'
[0.133s] [34mcolcon.colcon_core.package_identification[0m [1;30mLevel 1[0m _identify(src/bxi_rl_controller_ros2_example/src/remote_py_test/resource) by extension 'python'
[0.133s] [34mcolcon.colcon_core.package_identification[0m [1;30mLevel 1[0m _identify(src/bxi_rl_controller_ros2_example/src/remote_py_test/resource) by extensions ['python_setup_py']
[0.133s] [34mcolcon.colcon_core.package_identification[0m [1;30mLevel 1[0m _identify(src/bxi_rl_controller_ros2_example/src/remote_py_test/resource) by extension 'python_setup_py'
[0.133s] [34mcolcon.colcon_core.package_identification[0m [1;30mLevel 1[0m _identify(src/elf3_arm_bringup) by extensions ['ignore', 'ignore_ament_install']
[0.133s] [34mcolcon.colcon_core.package_identification[0m [1;30mLevel 1[0m _identify(src/elf3_arm_bringup) by extension 'ignore'
[0.133s] [34mcolcon.colcon_core.package_identification[0m [1;30mLevel 1[0m _identify(src/elf3_arm_bringup) by extension 'ignore_ament_install'
[0.133s] [34mcolcon.colcon_core.package_identification[0m [1;30mLevel 1[0m _identify(src/elf3_arm_bringup) by extensions ['colcon_pkg']
[0.133s] [34mcolcon.colcon_core.package_identification[0m [1;30mLevel 1[0m _identify(src/elf3_arm_bringup) by extension 'colcon_pkg'
[0.133s] [34mcolcon.colcon_core.package_identification[0m [1;30mLevel 1[0m _identify(src/elf3_arm_bringup) by extensions ['colcon_meta']
[0.133s] [34mcolcon.colcon_core.package_identification[0m [1;30mLevel 1[0m _identify(src/elf3_arm_bringup) by extension 'colcon_meta'
[0.133s] [34mcolcon.colcon_core.package_identification[0m [1;30mLevel 1[0m _identify(src/elf3_arm_bringup) by extensions ['ros']
[0.133s] [34mcolcon.colcon_core.package_identification[0m [1;30mLevel 1[0m _identify(src/elf3_arm_bringup) by extension 'ros'
[0.133s] [34mcolcon.colcon_core.package_identification[0m [1;30mDEBUG[0m [32mPackage 'src/elf3_arm_bringup' with type 'ros.ament_python' and name 'elf3_arm_bringup'[0m
[0.133s] [34mcolcon.colcon_core.package_identification[0m [1;30mLevel 1[0m _identify(src/elf3_arm_ikpy_control_pico) by extensions ['ignore', 'ignore_ament_install']
[0.133s] [34mcolcon.colcon_core.package_identification[0m [1;30mLevel 1[0m _identify(src/elf3_arm_ikpy_control_pico) by extension 'ignore'
[0.133s] [34mcolcon.colcon_core.package_identification[0m [1;30mLevel 1[0m _identify(src/elf3_arm_ikpy_control_pico) by extension 'ignore_ament_install'
[0.133s] [34mcolcon.colcon_core.package_identification[0m [1;30mLevel 1[0m _identify(src/elf3_arm_ikpy_control_pico) by extensions ['colcon_pkg']
[0.133s] [34mcolcon.colcon_core.package_identification[0m [1;30mLevel 1[0m _identify(src/elf3_arm_ikpy_control_pico) by extension 'colcon_pkg'
[0.133s] [34mcolcon.colcon_core.package_identification[0m [1;30mLevel 1[0m _identify(src/elf3_arm_ikpy_control_pico) by extensions ['colcon_meta']
[0.133s] [34mcolcon.colcon_core.package_identification[0m [1;30mLevel 1[0m _identify(src/elf3_arm_ikpy_control_pico) by extension 'colcon_meta'
[0.133s] [34mcolcon.colcon_core.package_identification[0m [1;30mLevel 1[0m _identify(src/elf3_arm_ikpy_control_pico) by extensions ['ros']
[0.133s] [34mcolcon.colcon_core.package_identification[0m [1;30mLevel 1[0m _identify(src/elf3_arm_ikpy_control_pico) by extension 'ros'
[0.134s] [34mcolcon.colcon_core.package_identification[0m [1;30mDEBUG[0m [32mPackage 'src/elf3_arm_ikpy_control_pico' with type 'ros.ament_python' and name 'elf3_arm_ikpy_control_pico'[0m
[0.134s] [34mcolcon.colcon_core.package_identification[0m [1;30mLevel 1[0m _identify(src/fake_trigger) by extensions ['ignore', 'ignore_ament_install']
[0.134s] [34mcolcon.colcon_core.package_identification[0m [1;30mLevel 1[0m _identify(src/fake_trigger) by extension 'ignore'
[0.134s] [34mcolcon.colcon_core.package_identification[0m [1;30mLevel 1[0m _identify(src/fake_trigger) by extension 'ignore_ament_install'
[0.134s] [34mcolcon.colcon_core.package_identification[0m [1;30mLevel 1[0m _identify(src/fake_trigger) by extensions ['colcon_pkg']
[0.134s] [34mcolcon.colcon_core.package_identification[0m [1;30mLevel 1[0m _identify(src/fake_trigger) by extension 'colcon_pkg'
[0.134s] [34mcolcon.colcon_core.package_identification[0m [1;30mLevel 1[0m _identify(src/fake_trigger) by extensions ['colcon_meta']
[0.134s] [34mcolcon.colcon_core.package_identification[0m [1;30mLevel 1[0m _identify(src/fake_trigger) by extension 'colcon_meta'
[0.134s] [34mcolcon.colcon_core.package_identification[0m [1;30mLevel 1[0m _identify(src/fake_trigger) by extensions ['ros']
[0.134s] [34mcolcon.colcon_core.package_identification[0m [1;30mLevel 1[0m _identify(src/fake_trigger) by extension 'ros'
[0.134s] [34mcolcon.colcon_core.package_identification[0m [1;30mDEBUG[0m [32mPackage 'src/fake_trigger' with type 'ros.ament_python' and name 'fake_trigger'[0m
[0.134s] [34mcolcon.colcon_core.package_identification[0m [1;30mLevel 1[0m _identify(src/hand_control) by extensions ['ignore', 'ignore_ament_install']
[0.134s] [34mcolcon.colcon_core.package_identification[0m [1;30mLevel 1[0m _identify(src/hand_control) by extension 'ignore'
[0.134s] [34mcolcon.colcon_core.package_identification[0m [1;30mLevel 1[0m _identify(src/hand_control) by extension 'ignore_ament_install'
[0.134s] [34mcolcon.colcon_core.package_identification[0m [1;30mLevel 1[0m _identify(src/hand_control) by extensions ['colcon_pkg']
[0.134s] [34mcolcon.colcon_core.package_identification[0m [1;30mLevel 1[0m _identify(src/hand_control) by extension 'colcon_pkg'
[0.134s] [34mcolcon.colcon_core.package_identification[0m [1;30mLevel 1[0m _identify(src/hand_control) by extensions ['colcon_meta']
[0.134s] [34mcolcon.colcon_core.package_identification[0m [1;30mLevel 1[0m _identify(src/hand_control) by extension 'colcon_meta'
[0.134s] [34mcolcon.colcon_core.package_identification[0m [1;30mLevel 1[0m _identify(src/hand_control) by extensions ['ros']
[0.134s] [34mcolcon.colcon_core.package_identification[0m [1;30mLevel 1[0m _identify(src/hand_control) by extension 'ros'
[0.135s] [34mcolcon.colcon_core.package_identification[0m [1;30mDEBUG[0m [32mPackage 'src/hand_control' with type 'ros.ament_python' and name 'hand_control'[0m
[0.135s] [34mcolcon.colcon_core.package_identification[0m [1;30mLevel 1[0m _identify(src/pico_bxi_server) by extensions ['ignore', 'ignore_ament_install']
[0.135s] [34mcolcon.colcon_core.package_identification[0m [1;30mLevel 1[0m _identify(src/pico_bxi_server) by extension 'ignore'
[0.135s] [34mcolcon.colcon_core.package_identification[0m [1;30mLevel 1[0m _identify(src/pico_bxi_server) by extension 'ignore_ament_install'
[0.135s] [34mcolcon.colcon_core.package_identification[0m [1;30mLevel 1[0m _identify(src/pico_bxi_server) by extensions ['colcon_pkg']
[0.135s] [34mcolcon.colcon_core.package_identification[0m [1;30mLevel 1[0m _identify(src/pico_bxi_server) by extension 'colcon_pkg'
[0.135s] [34mcolcon.colcon_core.package_identification[0m [1;30mLevel 1[0m _identify(src/pico_bxi_server) by extensions ['colcon_meta']
[0.135s] [34mcolcon.colcon_core.package_identification[0m [1;30mLevel 1[0m _identify(src/pico_bxi_server) by extension 'colcon_meta'
[0.135s] [34mcolcon.colcon_core.package_identification[0m [1;30mLevel 1[0m _identify(src/pico_bxi_server) by extensions ['ros']
[0.135s] [34mcolcon.colcon_core.package_identification[0m [1;30mLevel 1[0m _identify(src/pico_bxi_server) by extension 'ros'
[0.135s] [34mcolcon.colcon_core.package_identification[0m [1;30mDEBUG[0m [32mPackage 'src/pico_bxi_server' with type 'ros.ament_cmake' and name 'pico_bxi_server'[0m
[0.135s] [34mcolcon.colcon_core.package_discovery[0m [1;30mLevel 1[0m discover_packages(recursive) using defaults
[0.135s] [34mcolcon.colcon_core.package_discovery[0m [1;30mLevel 1[0m discover_packages(ignore) discover
[0.135s] [34mcolcon.colcon_core.package_discovery[0m [1;30mLevel 1[0m discover_packages(ignore) using defaults
[0.135s] [34mcolcon.colcon_core.package_discovery[0m [1;30mLevel 1[0m discover_packages(path) discover
[0.135s] [34mcolcon.colcon_core.package_discovery[0m [1;30mLevel 1[0m discover_packages(path) using defaults
[0.145s] [34mcolcon.colcon_core.verb[0m [1;30mLevel 5[0m set package 'aero_hand_open_description' build argument 'cmake_args' from command line to '['-DCMAKE_BUILD_TYPE=Release', '-DCMAKE_EXPORT_COMPILE_COMMANDS=ON']'
[0.145s] [34mcolcon.colcon_core.verb[0m [1;30mLevel 5[0m set package 'aero_hand_open_description' build argument 'cmake_target' from command line to 'None'
[0.145s] [34mcolcon.colcon_core.verb[0m [1;30mLevel 5[0m set package 'aero_hand_open_description' build argument 'cmake_target_skip_unavailable' from command line to 'False'
[0.145s] [34mcolcon.colcon_core.verb[0m [1;30mLevel 5[0m set package 'aero_hand_open_description' build argument 'cmake_clean_cache' from command line to 'False'
[0.145s] [34mcolcon.colcon_core.verb[0m [1;30mLevel 5[0m set package 'aero_hand_open_description' build argument 'cmake_clean_first' from command line to 'False'
[0.145s] [34mcolcon.colcon_core.verb[0m [1;30mLevel 5[0m set package 'aero_hand_open_description' build argument 'cmake_force_configure' from command line to 'False'
[0.145s] [34mcolcon.colcon_core.verb[0m [1;30mLevel 5[0m set package 'aero_hand_open_description' build argument 'ament_cmake_args' from command line to 'None'
[0.145s] [34mcolcon.colcon_core.verb[0m [1;30mLevel 5[0m set package 'aero_hand_open_description' build argument 'catkin_cmake_args' from command line to 'None'
[0.145s] [34mcolcon.colcon_core.verb[0m [1;30mLevel 5[0m set package 'aero_hand_open_description' build argument 'catkin_skip_building_tests' from command line to 'False'
[0.145s] [34mcolcon.colcon_core.verb[0m [1;30mDEBUG[0m [32mBuilding package 'aero_hand_open_description' with the following arguments: {'ament_cmake_args': None, 'build_base': '/home/kkkk/bxi_arm_v2/build/aero_hand_open_description', 'catkin_cmake_args': None, 'catkin_skip_building_tests': False, 'cmake_args': ['-DCMAKE_BUILD_TYPE=Release', '-DCMAKE_EXPORT_COMPILE_COMMANDS=ON'], 'cmake_clean_cache': False, 'cmake_clean_first': False, 'cmake_force_configure': False, 'cmake_target': None, 'cmake_target_skip_unavailable': False, 'install_base': '/home/kkkk/bxi_arm_v2/install/aero_hand_open_description', 'merge_install': False, 'path': '/home/kkkk/bxi_arm_v2/src/aero-hand-open/src/aero_hand_open_description', 'symlink_install': False, 'test_result_base': None}[0m
[0.146s] [34mcolcon.colcon_core.verb[0m [1;30mLevel 5[0m set package 'aero_hand_open_msgs' build argument 'cmake_args' from command line to '['-DCMAKE_BUILD_TYPE=Release', '-DCMAKE_EXPORT_COMPILE_COMMANDS=ON']'
[0.146s] [34mcolcon.colcon_core.verb[0m [1;30mLevel 5[0m set package 'aero_hand_open_msgs' build argument 'cmake_target' from command line to 'None'
[0.146s] [34mcolcon.colcon_core.verb[0m [1;30mLevel 5[0m set package 'aero_hand_open_msgs' build argument 'cmake_target_skip_unavailable' from command line to 'False'
[0.146s] [34mcolcon.colcon_core.verb[0m [1;30mLevel 5[0m set package 'aero_hand_open_msgs' build argument 'cmake_clean_cache' from command line to 'False'
[0.146s] [34mcolcon.colcon_core.verb[0m [1;30mLevel 5[0m set package 'aero_hand_open_msgs' build argument 'cmake_clean_first' from command line to 'False'
[0.146s] [34mcolcon.colcon_core.verb[0m [1;30mLevel 5[0m set package 'aero_hand_open_msgs' build argument 'cmake_force_configure' from command line to 'False'
[0.146s] [34mcolcon.colcon_core.verb[0m [1;30mLevel 5[0m set package 'aero_hand_open_msgs' build argument 'ament_cmake_args' from command line to 'None'
[0.146s] [34mcolcon.colcon_core.verb[0m [1;30mLevel 5[0m set package 'aero_hand_open_msgs' build argument 'catkin_cmake_args' from command line to 'None'
[0.146s] [34mcolcon.colcon_core.verb[0m [1;30mLevel 5[0m set package 'aero_hand_open_msgs' build argument 'catkin_skip_building_tests' from command line to 'False'
[0.146s] [34mcolcon.colcon_core.verb[0m [1;30mDEBUG[0m [32mBuilding package 'aero_hand_open_msgs' with the following arguments: {'ament_cmake_args': None, 'build_base': '/home/kkkk/bxi_arm_v2/build/aero_hand_open_msgs', 'catkin_cmake_args': None, 'catkin_skip_building_tests': False, 'cmake_args': ['-DCMAKE_BUILD_TYPE=Release', '-DCMAKE_EXPORT_COMPILE_COMMANDS=ON'], 'cmake_clean_cache': False, 'cmake_clean_first': False, 'cmake_force_configure': False, 'cmake_target': None, 'cmake_target_skip_unavailable': False, 'install_base': '/home/kkkk/bxi_arm_v2/install/aero_hand_open_msgs', 'merge_install': False, 'path': '/home/kkkk/bxi_arm_v2/src/aero-hand-open/src/aero_hand_open_msgs', 'symlink_install': False, 'test_result_base': None}[0m
[0.146s] [34mcolcon.colcon_core.verb[0m [1;30mLevel 5[0m set package 'bxi_example' build argument 'cmake_args' from command line to '['-DCMAKE_BUILD_TYPE=Release', '-DCMAKE_EXPORT_COMPILE_COMMANDS=ON']'
[0.146s] [34mcolcon.colcon_core.verb[0m [1;30mLevel 5[0m set package 'bxi_example' build argument 'cmake_target' from command line to 'None'
[0.146s] [34mcolcon.colcon_core.verb[0m [1;30mLevel 5[0m set package 'bxi_example' build argument 'cmake_target_skip_unavailable' from command line to 'False'
[0.146s] [34mcolcon.colcon_core.verb[0m [1;30mLevel 5[0m set package 'bxi_example' build argument 'cmake_clean_cache' from command line to 'False'
[0.146s] [34mcolcon.colcon_core.verb[0m [1;30mLevel 5[0m set package 'bxi_example' build argument 'cmake_clean_first' from command line to 'False'
[0.146s] [34mcolcon.colcon_core.verb[0m [1;30mLevel 5[0m set package 'bxi_example' build argument 'cmake_force_configure' from command line to 'False'
[0.146s] [34mcolcon.colcon_core.verb[0m [1;30mLevel 5[0m set package 'bxi_example' build argument 'ament_cmake_args' from command line to 'None'
[0.146s] [34mcolcon.colcon_core.verb[0m [1;30mLevel 5[0m set package 'bxi_example' build argument 'catkin_cmake_args' from command line to 'None'
[0.146s] [34mcolcon.colcon_core.verb[0m [1;30mLevel 5[0m set package 'bxi_example' build argument 'catkin_skip_building_tests' from command line to 'False'
[0.146s] [34mcolcon.colcon_core.verb[0m [1;30mDEBUG[0m [32mBuilding package 'bxi_example' with the following arguments: {'ament_cmake_args': None, 'build_base': '/home/kkkk/bxi_arm_v2/build/bxi_example', 'catkin_cmake_args': None, 'catkin_skip_building_tests': False, 'cmake_args': ['-DCMAKE_BUILD_TYPE=Release', '-DCMAKE_EXPORT_COMPILE_COMMANDS=ON'], 'cmake_clean_cache': False, 'cmake_clean_first': False, 'cmake_force_configure': False, 'cmake_target': None, 'cmake_target_skip_unavailable': False, 'install_base': '/home/kkkk/bxi_arm_v2/install/bxi_example', 'merge_install': False, 'path': '/home/kkkk/bxi_arm_v2/src/bxi_rl_controller_ros2_example/src/bxi_example', 'symlink_install': False, 'test_result_base': None}[0m
[0.146s] [34mcolcon.colcon_core.verb[0m [1;30mLevel 5[0m set package 'bxi_example_arm' build argument 'cmake_args' from command line to '['-DCMAKE_BUILD_TYPE=Release', '-DCMAKE_EXPORT_COMPILE_COMMANDS=ON']'
[0.146s] [34mcolcon.colcon_core.verb[0m [1;30mLevel 5[0m set package 'bxi_example_arm' build argument 'cmake_target' from command line to 'None'
[0.146s] [34mcolcon.colcon_core.verb[0m [1;30mLevel 5[0m set package 'bxi_example_arm' build argument 'cmake_target_skip_unavailable' from command line to 'False'
[0.146s] [34mcolcon.colcon_core.verb[0m [1;30mLevel 5[0m set package 'bxi_example_arm' build argument 'cmake_clean_cache' from command line to 'False'
[0.146s] [34mcolcon.colcon_core.verb[0m [1;30mLevel 5[0m set package 'bxi_example_arm' build argument 'cmake_clean_first' from command line to 'False'
[0.146s] [34mcolcon.colcon_core.verb[0m [1;30mLevel 5[0m set package 'bxi_example_arm' build argument 'cmake_force_configure' from command line to 'False'
[0.146s] [34mcolcon.colcon_core.verb[0m [1;30mLevel 5[0m set package 'bxi_example_arm' build argument 'ament_cmake_args' from command line to 'None'
[0.146s] [34mcolcon.colcon_core.verb[0m [1;30mLevel 5[0m set package 'bxi_example_arm' build argument 'catkin_cmake_args' from command line to 'None'
[0.146s] [34mcolcon.colcon_core.verb[0m [1;30mLevel 5[0m set package 'bxi_example_arm' build argument 'catkin_skip_building_tests' from command line to 'False'
[0.146s] [34mcolcon.colcon_core.verb[0m [1;30mDEBUG[0m [32mBuilding package 'bxi_example_arm' with the following arguments: {'ament_cmake_args': None, 'build_base': '/home/kkkk/bxi_arm_v2/build/bxi_example_arm', 'catkin_cmake_args': None, 'catkin_skip_building_tests': False, 'cmake_args': ['-DCMAKE_BUILD_TYPE=Release', '-DCMAKE_EXPORT_COMPILE_COMMANDS=ON'], 'cmake_clean_cache': False, 'cmake_clean_first': False, 'cmake_force_configure': False, 'cmake_target': None, 'cmake_target_skip_unavailable': False, 'install_base': '/home/kkkk/bxi_arm_v2/install/bxi_example_arm', 'merge_install': False, 'path': '/home/kkkk/bxi_arm_v2/src/bxi_rl_controller_ros2_example/src/bxi_example_arm', 'symlink_install': False, 'test_result_base': None}[0m
[0.147s] [34mcolcon.colcon_core.verb[0m [1;30mLevel 5[0m set package 'bxi_example_py' build argument 'cmake_args' from command line to '['-DCMAKE_BUILD_TYPE=Release', '-DCMAKE_EXPORT_COMPILE_COMMANDS=ON']'
[0.147s] [34mcolcon.colcon_core.verb[0m [1;30mLevel 5[0m set package 'bxi_example_py' build argument 'cmake_target' from command line to 'None'
[0.147s] [34mcolcon.colcon_core.verb[0m [1;30mLevel 5[0m set package 'bxi_example_py' build argument 'cmake_target_skip_unavailable' from command line to 'False'
[0.147s] [34mcolcon.colcon_core.verb[0m [1;30mLevel 5[0m set package 'bxi_example_py' build argument 'cmake_clean_cache' from command line to 'False'
[0.147s] [34mcolcon.colcon_core.verb[0m [1;30mLevel 5[0m set package 'bxi_example_py' build argument 'cmake_clean_first' from command line to 'False'
[0.147s] [34mcolcon.colcon_core.verb[0m [1;30mLevel 5[0m set package 'bxi_example_py' build argument 'cmake_force_configure' from command line to 'False'
[0.147s] [34mcolcon.colcon_core.verb[0m [1;30mLevel 5[0m set package 'bxi_example_py' build argument 'ament_cmake_args' from command line to 'None'
[0.147s] [34mcolcon.colcon_core.verb[0m [1;30mLevel 5[0m set package 'bxi_example_py' build argument 'catkin_cmake_args' from command line to 'None'
[0.147s] [34mcolcon.colcon_core.verb[0m [1;30mLevel 5[0m set package 'bxi_example_py' build argument 'catkin_skip_building_tests' from command line to 'False'
[0.147s] [34mcolcon.colcon_core.verb[0m [1;30mDEBUG[0m [32mBuilding package 'bxi_example_py' with the following arguments: {'ament_cmake_args': None, 'build_base': '/home/kkkk/bxi_arm_v2/build/bxi_example_py', 'catkin_cmake_args': None, 'catkin_skip_building_tests': False, 'cmake_args': ['-DCMAKE_BUILD_TYPE=Release', '-DCMAKE_EXPORT_COMPILE_COMMANDS=ON'], 'cmake_clean_cache': False, 'cmake_clean_first': False, 'cmake_force_configure': False, 'cmake_target': None, 'cmake_target_skip_unavailable': False, 'install_base': '/home/kkkk/bxi_arm_v2/install/bxi_example_py', 'merge_install': False, 'path': '/home/kkkk/bxi_arm_v2/src/bxi_rl_controller_ros2_example/src/bxi_example_py', 'symlink_install': False, 'test_result_base': None}[0m
[0.147s] [34mcolcon.colcon_core.verb[0m [1;30mLevel 5[0m set package 'bxi_example_py_ankle' build argument 'cmake_args' from command line to '['-DCMAKE_BUILD_TYPE=Release', '-DCMAKE_EXPORT_COMPILE_COMMANDS=ON']'
[0.147s] [34mcolcon.colcon_core.verb[0m [1;30mLevel 5[0m set package 'bxi_example_py_ankle' build argument 'cmake_target' from command line to 'None'
[0.147s] [34mcolcon.colcon_core.verb[0m [1;30mLevel 5[0m set package 'bxi_example_py_ankle' build argument 'cmake_target_skip_unavailable' from command line to 'False'
[0.147s] [34mcolcon.colcon_core.verb[0m [1;30mLevel 5[0m set package 'bxi_example_py_ankle' build argument 'cmake_clean_cache' from command line to 'False'
[0.147s] [34mcolcon.colcon_core.verb[0m [1;30mLevel 5[0m set package 'bxi_example_py_ankle' build argument 'cmake_clean_first' from command line to 'False'
[0.147s] [34mcolcon.colcon_core.verb[0m [1;30mLevel 5[0m set package 'bxi_example_py_ankle' build argument 'cmake_force_configure' from command line to 'False'
[0.147s] [34mcolcon.colcon_core.verb[0m [1;30mLevel 5[0m set package 'bxi_example_py_ankle' build argument 'ament_cmake_args' from command line to 'None'
[0.147s] [34mcolcon.colcon_core.verb[0m [1;30mLevel 5[0m set package 'bxi_example_py_ankle' build argument 'catkin_cmake_args' from command line to 'None'
[0.147s] [34mcolcon.colcon_core.verb[0m [1;30mLevel 5[0m set package 'bxi_example_py_ankle' build argument 'catkin_skip_building_tests' from command line to 'False'
[0.147s] [34mcolcon.colcon_core.verb[0m [1;30mDEBUG[0m [32mBuilding package 'bxi_example_py_ankle' with the following arguments: {'ament_cmake_args': None, 'build_base': '/home/kkkk/bxi_arm_v2/build/bxi_example_py_ankle', 'catkin_cmake_args': None, 'catkin_skip_building_tests': False, 'cmake_args': ['-DCMAKE_BUILD_TYPE=Release', '-DCMAKE_EXPORT_COMPILE_COMMANDS=ON'], 'cmake_clean_cache': False, 'cmake_clean_first': False, 'cmake_force_configure': False, 'cmake_target': None, 'cmake_target_skip_unavailable': False, 'install_base': '/home/kkkk/bxi_arm_v2/install/bxi_example_py_ankle', 'merge_install': False, 'path': '/home/kkkk/bxi_arm_v2/src/bxi_rl_controller_ros2_example/src/bxi_example_py_ankle', 'symlink_install': False, 'test_result_base': None}[0m
[0.147s] [34mcolcon.colcon_core.verb[0m [1;30mLevel 5[0m set package 'bxi_example_py_arm' build argument 'cmake_args' from command line to '['-DCMAKE_BUILD_TYPE=Release', '-DCMAKE_EXPORT_COMPILE_COMMANDS=ON']'
[0.147s] [34mcolcon.colcon_core.verb[0m [1;30mLevel 5[0m set package 'bxi_example_py_arm' build argument 'cmake_target' from command line to 'None'
[0.147s] [34mcolcon.colcon_core.verb[0m [1;30mLevel 5[0m set package 'bxi_example_py_arm' build argument 'cmake_target_skip_unavailable' from command line to 'False'
[0.147s] [34mcolcon.colcon_core.verb[0m [1;30mLevel 5[0m set package 'bxi_example_py_arm' build argument 'cmake_clean_cache' from command line to 'False'
[0.147s] [34mcolcon.colcon_core.verb[0m [1;30mLevel 5[0m set package 'bxi_example_py_arm' build argument 'cmake_clean_first' from command line to 'False'
[0.147s] [34mcolcon.colcon_core.verb[0m [1;30mLevel 5[0m set package 'bxi_example_py_arm' build argument 'cmake_force_configure' from command line to 'False'
[0.147s] [34mcolcon.colcon_core.verb[0m [1;30mLevel 5[0m set package 'bxi_example_py_arm' build argument 'ament_cmake_args' from command line to 'None'
[0.147s] [34mcolcon.colcon_core.verb[0m [1;30mLevel 5[0m set package 'bxi_example_py_arm' build argument 'catkin_cmake_args' from command line to 'None'
[0.147s] [34mcolcon.colcon_core.verb[0m [1;30mLevel 5[0m set package 'bxi_example_py_arm' build argument 'catkin_skip_building_tests' from command line to 'False'
[0.147s] [34mcolcon.colcon_core.verb[0m [1;30mDEBUG[0m [32mBuilding package 'bxi_example_py_arm' with the following arguments: {'ament_cmake_args': None, 'build_base': '/home/kkkk/bxi_arm_v2/build/bxi_example_py_arm', 'catkin_cmake_args': None, 'catkin_skip_building_tests': False, 'cmake_args': ['-DCMAKE_BUILD_TYPE=Release', '-DCMAKE_EXPORT_COMPILE_COMMANDS=ON'], 'cmake_clean_cache': False, 'cmake_clean_first': False, 'cmake_force_configure': False, 'cmake_target': None, 'cmake_target_skip_unavailable': False, 'install_base': '/home/kkkk/bxi_arm_v2/install/bxi_example_py_arm', 'merge_install': False, 'path': '/home/kkkk/bxi_arm_v2/src/bxi_rl_controller_ros2_example/src/bxi_example_py_arm', 'symlink_install': False, 'test_result_base': None}[0m
[0.147s] [34mcolcon.colcon_core.verb[0m [1;30mLevel 5[0m set package 'bxi_example_py_armrc' build argument 'cmake_args' from command line to '['-DCMAKE_BUILD_TYPE=Release', '-DCMAKE_EXPORT_COMPILE_COMMANDS=ON']'
[0.147s] [34mcolcon.colcon_core.verb[0m [1;30mLevel 5[0m set package 'bxi_example_py_armrc' build argument 'cmake_target' from command line to 'None'
[0.147s] [34mcolcon.colcon_core.verb[0m [1;30mLevel 5[0m set package 'bxi_example_py_armrc' build argument 'cmake_target_skip_unavailable' from command line to 'False'
[0.147s] [34mcolcon.colcon_core.verb[0m [1;30mLevel 5[0m set package 'bxi_example_py_armrc' build argument 'cmake_clean_cache' from command line to 'False'
[0.147s] [34mcolcon.colcon_core.verb[0m [1;30mLevel 5[0m set package 'bxi_example_py_armrc' build argument 'cmake_clean_first' from command line to 'False'
[0.147s] [34mcolcon.colcon_core.verb[0m [1;30mLevel 5[0m set package 'bxi_example_py_armrc' build argument 'cmake_force_configure' from command line to 'False'
[0.147s] [34mcolcon.colcon_core.verb[0m [1;30mLevel 5[0m set package 'bxi_example_py_armrc' build argument 'ament_cmake_args' from command line to 'None'
[0.147s] [34mcolcon.colcon_core.verb[0m [1;30mLevel 5[0m set package 'bxi_example_py_armrc' build argument 'catkin_cmake_args' from command line to 'None'
[0.147s] [34mcolcon.colcon_core.verb[0m [1;30mLevel 5[0m set package 'bxi_example_py_armrc' build argument 'catkin_skip_building_tests' from command line to 'False'
[0.147s] [34mcolcon.colcon_core.verb[0m [1;30mDEBUG[0m [32mBuilding package 'bxi_example_py_armrc' with the following arguments: {'ament_cmake_args': None, 'build_base': '/home/kkkk/bxi_arm_v2/build/bxi_example_py_armrc', 'catkin_cmake_args': None, 'catkin_skip_building_tests': False, 'cmake_args': ['-DCMAKE_BUILD_TYPE=Release', '-DCMAKE_EXPORT_COMPILE_COMMANDS=ON'], 'cmake_clean_cache': False, 'cmake_clean_first': False, 'cmake_force_configure': False, 'cmake_target': None, 'cmake_target_skip_unavailable': False, 'install_base': '/home/kkkk/bxi_arm_v2/install/bxi_example_py_armrc', 'merge_install': False, 'path': '/home/kkkk/bxi_arm_v2/src/bxi_rl_controller_ros2_example/src/bxi_example_py_armrc', 'symlink_install': False, 'test_result_base': None}[0m
[0.148s] [34mcolcon.colcon_core.verb[0m [1;30mLevel 5[0m set package 'bxi_example_py_elf3' build argument 'cmake_args' from command line to '['-DCMAKE_BUILD_TYPE=Release', '-DCMAKE_EXPORT_COMPILE_COMMANDS=ON']'
[0.148s] [34mcolcon.colcon_core.verb[0m [1;30mLevel 5[0m set package 'bxi_example_py_elf3' build argument 'cmake_target' from command line to 'None'
[0.148s] [34mcolcon.colcon_core.verb[0m [1;30mLevel 5[0m set package 'bxi_example_py_elf3' build argument 'cmake_target_skip_unavailable' from command line to 'False'
[0.148s] [34mcolcon.colcon_core.verb[0m [1;30mLevel 5[0m set package 'bxi_example_py_elf3' build argument 'cmake_clean_cache' from command line to 'False'
[0.148s] [34mcolcon.colcon_core.verb[0m [1;30mLevel 5[0m set package 'bxi_example_py_elf3' build argument 'cmake_clean_first' from command line to 'False'
[0.148s] [34mcolcon.colcon_core.verb[0m [1;30mLevel 5[0m set package 'bxi_example_py_elf3' build argument 'cmake_force_configure' from command line to 'False'
[0.148s] [34mcolcon.colcon_core.verb[0m [1;30mLevel 5[0m set package 'bxi_example_py_elf3' build argument 'ament_cmake_args' from command line to 'None'
[0.148s] [34mcolcon.colcon_core.verb[0m [1;30mLevel 5[0m set package 'bxi_example_py_elf3' build argument 'catkin_cmake_args' from command line to 'None'
[0.148s] [34mcolcon.colcon_core.verb[0m [1;30mLevel 5[0m set package 'bxi_example_py_elf3' build argument 'catkin_skip_building_tests' from command line to 'False'
[0.148s] [34mcolcon.colcon_core.verb[0m [1;30mDEBUG[0m [32mBuilding package 'bxi_example_py_elf3' with the following arguments: {'ament_cmake_args': None, 'build_base': '/home/kkkk/bxi_arm_v2/build/bxi_example_py_elf3', 'catkin_cmake_args': None, 'catkin_skip_building_tests': False, 'cmake_args': ['-DCMAKE_BUILD_TYPE=Release', '-DCMAKE_EXPORT_COMPILE_COMMANDS=ON'], 'cmake_clean_cache': False, 'cmake_clean_first': False, 'cmake_force_configure': False, 'cmake_target': None, 'cmake_target_skip_unavailable': False, 'install_base': '/home/kkkk/bxi_arm_v2/install/bxi_example_py_elf3', 'merge_install': False, 'path': '/home/kkkk/bxi_arm_v2/src/bxi_rl_controller_ros2_example/src/bxi_example_py_elf3', 'symlink_install': False, 'test_result_base': None}[0m
[0.148s] [34mcolcon.colcon_core.verb[0m [1;30mLevel 5[0m set package 'bxi_example_py_foot' build argument 'cmake_args' from command line to '['-DCMAKE_BUILD_TYPE=Release', '-DCMAKE_EXPORT_COMPILE_COMMANDS=ON']'
[0.148s] [34mcolcon.colcon_core.verb[0m [1;30mLevel 5[0m set package 'bxi_example_py_foot' build argument 'cmake_target' from command line to 'None'
[0.148s] [34mcolcon.colcon_core.verb[0m [1;30mLevel 5[0m set package 'bxi_example_py_foot' build argument 'cmake_target_skip_unavailable' from command line to 'False'
[0.148s] [34mcolcon.colcon_core.verb[0m [1;30mLevel 5[0m set package 'bxi_example_py_foot' build argument 'cmake_clean_cache' from command line to 'False'
[0.148s] [34mcolcon.colcon_core.verb[0m [1;30mLevel 5[0m set package 'bxi_example_py_foot' build argument 'cmake_clean_first' from command line to 'False'
[0.148s] [34mcolcon.colcon_core.verb[0m [1;30mLevel 5[0m set package 'bxi_example_py_foot' build argument 'cmake_force_configure' from command line to 'False'
[0.148s] [34mcolcon.colcon_core.verb[0m [1;30mLevel 5[0m set package 'bxi_example_py_foot' build argument 'ament_cmake_args' from command line to 'None'
[0.148s] [34mcolcon.colcon_core.verb[0m [1;30mLevel 5[0m set package 'bxi_example_py_foot' build argument 'catkin_cmake_args' from command line to 'None'
[0.148s] [34mcolcon.colcon_core.verb[0m [1;30mLevel 5[0m set package 'bxi_example_py_foot' build argument 'catkin_skip_building_tests' from command line to 'False'
[0.148s] [34mcolcon.colcon_core.verb[0m [1;30mDEBUG[0m [32mBuilding package 'bxi_example_py_foot' with the following arguments: {'ament_cmake_args': None, 'build_base': '/home/kkkk/bxi_arm_v2/build/bxi_example_py_foot', 'catkin_cmake_args': None, 'catkin_skip_building_tests': False, 'cmake_args': ['-DCMAKE_BUILD_TYPE=Release', '-DCMAKE_EXPORT_COMPILE_COMMANDS=ON'], 'cmake_clean_cache': False, 'cmake_clean_first': False, 'cmake_force_configure': False, 'cmake_target': None, 'cmake_target_skip_unavailable': False, 'install_base': '/home/kkkk/bxi_arm_v2/install/bxi_example_py_foot', 'merge_install': False, 'path': '/home/kkkk/bxi_arm_v2/src/bxi_rl_controller_ros2_example/src/bxi_example_py_foot', 'symlink_install': False, 'test_result_base': None}[0m
[0.148s] [34mcolcon.colcon_core.verb[0m [1;30mLevel 5[0m set package 'bxi_example_py_trunk' build argument 'cmake_args' from command line to '['-DCMAKE_BUILD_TYPE=Release', '-DCMAKE_EXPORT_COMPILE_COMMANDS=ON']'
[0.148s] [34mcolcon.colcon_core.verb[0m [1;30mLevel 5[0m set package 'bxi_example_py_trunk' build argument 'cmake_target' from command line to 'None'
[0.148s] [34mcolcon.colcon_core.verb[0m [1;30mLevel 5[0m set package 'bxi_example_py_trunk' build argument 'cmake_target_skip_unavailable' from command line to 'False'
[0.148s] [34mcolcon.colcon_core.verb[0m [1;30mLevel 5[0m set package 'bxi_example_py_trunk' build argument 'cmake_clean_cache' from command line to 'False'
[0.148s] [34mcolcon.colcon_core.verb[0m [1;30mLevel 5[0m set package 'bxi_example_py_trunk' build argument 'cmake_clean_first' from command line to 'False'
[0.148s] [34mcolcon.colcon_core.verb[0m [1;30mLevel 5[0m set package 'bxi_example_py_trunk' build argument 'cmake_force_configure' from command line to 'False'
[0.148s] [34mcolcon.colcon_core.verb[0m [1;30mLevel 5[0m set package 'bxi_example_py_trunk' build argument 'ament_cmake_args' from command line to 'None'
[0.148s] [34mcolcon.colcon_core.verb[0m [1;30mLevel 5[0m set package 'bxi_example_py_trunk' build argument 'catkin_cmake_args' from command line to 'None'
[0.148s] [34mcolcon.colcon_core.verb[0m [1;30mLevel 5[0m set package 'bxi_example_py_trunk' build argument 'catkin_skip_building_tests' from command line to 'False'
[0.148s] [34mcolcon.colcon_core.verb[0m [1;30mDEBUG[0m [32mBuilding package 'bxi_example_py_trunk' with the following arguments: {'ament_cmake_args': None, 'build_base': '/home/kkkk/bxi_arm_v2/build/bxi_example_py_trunk', 'catkin_cmake_args': None, 'catkin_skip_building_tests': False, 'cmake_args': ['-DCMAKE_BUILD_TYPE=Release', '-DCMAKE_EXPORT_COMPILE_COMMANDS=ON'], 'cmake_clean_cache': False, 'cmake_clean_first': False, 'cmake_force_configure': False, 'cmake_target': None, 'cmake_target_skip_unavailable': False, 'install_base': '/home/kkkk/bxi_arm_v2/install/bxi_example_py_trunk', 'merge_install': False, 'path': '/home/kkkk/bxi_arm_v2/src/bxi_rl_controller_ros2_example/src/bxi_example_py_trunk', 'symlink_install': False, 'test_result_base': None}[0m
[0.148s] [34mcolcon.colcon_core.verb[0m [1;30mLevel 5[0m set package 'bxi_example_py_trunk_neck' build argument 'cmake_args' from command line to '['-DCMAKE_BUILD_TYPE=Release', '-DCMAKE_EXPORT_COMPILE_COMMANDS=ON']'
[0.148s] [34mcolcon.colcon_core.verb[0m [1;30mLevel 5[0m set package 'bxi_example_py_trunk_neck' build argument 'cmake_target' from command line to 'None'
[0.148s] [34mcolcon.colcon_core.verb[0m [1;30mLevel 5[0m set package 'bxi_example_py_trunk_neck' build argument 'cmake_target_skip_unavailable' from command line to 'False'
[0.148s] [34mcolcon.colcon_core.verb[0m [1;30mLevel 5[0m set package 'bxi_example_py_trunk_neck' build argument 'cmake_clean_cache' from command line to 'False'
[0.148s] [34mcolcon.colcon_core.verb[0m [1;30mLevel 5[0m set package 'bxi_example_py_trunk_neck' build argument 'cmake_clean_first' from command line to 'False'
[0.148s] [34mcolcon.colcon_core.verb[0m [1;30mLevel 5[0m set package 'bxi_example_py_trunk_neck' build argument 'cmake_force_configure' from command line to 'False'
[0.148s] [34mcolcon.colcon_core.verb[0m [1;30mLevel 5[0m set package 'bxi_example_py_trunk_neck' build argument 'ament_cmake_args' from command line to 'None'
[0.148s] [34mcolcon.colcon_core.verb[0m [1;30mLevel 5[0m set package 'bxi_example_py_trunk_neck' build argument 'catkin_cmake_args' from command line to 'None'
[0.148s] [34mcolcon.colcon_core.verb[0m [1;30mLevel 5[0m set package 'bxi_example_py_trunk_neck' build argument 'catkin_skip_building_tests' from command line to 'False'
[0.148s] [34mcolcon.colcon_core.verb[0m [1;30mDEBUG[0m [32mBuilding package 'bxi_example_py_trunk_neck' with the following arguments: {'ament_cmake_args': None, 'build_base': '/home/kkkk/bxi_arm_v2/build/bxi_example_py_trunk_neck', 'catkin_cmake_args': None, 'catkin_skip_building_tests': False, 'cmake_args': ['-DCMAKE_BUILD_TYPE=Release', '-DCMAKE_EXPORT_COMPILE_COMMANDS=ON'], 'cmake_clean_cache': False, 'cmake_clean_first': False, 'cmake_force_configure': False, 'cmake_target': None, 'cmake_target_skip_unavailable': False, 'install_base': '/home/kkkk/bxi_arm_v2/install/bxi_example_py_trunk_neck', 'merge_install': False, 'path': '/home/kkkk/bxi_arm_v2/src/bxi_rl_controller_ros2_example/src/bxi_example_py_trunk_neck', 'symlink_install': False, 'test_result_base': None}[0m
[0.149s] [34mcolcon.colcon_core.verb[0m [1;30mLevel 5[0m set package 'elf3_arm_bringup' build argument 'cmake_args' from command line to '['-DCMAKE_BUILD_TYPE=Release', '-DCMAKE_EXPORT_COMPILE_COMMANDS=ON']'
[0.149s] [34mcolcon.colcon_core.verb[0m [1;30mLevel 5[0m set package 'elf3_arm_bringup' build argument 'cmake_target' from command line to 'None'
[0.149s] [34mcolcon.colcon_core.verb[0m [1;30mLevel 5[0m set package 'elf3_arm_bringup' build argument 'cmake_target_skip_unavailable' from command line to 'False'
[0.149s] [34mcolcon.colcon_core.verb[0m [1;30mLevel 5[0m set package 'elf3_arm_bringup' build argument 'cmake_clean_cache' from command line to 'False'
[0.149s] [34mcolcon.colcon_core.verb[0m [1;30mLevel 5[0m set package 'elf3_arm_bringup' build argument 'cmake_clean_first' from command line to 'False'
[0.149s] [34mcolcon.colcon_core.verb[0m [1;30mLevel 5[0m set package 'elf3_arm_bringup' build argument 'cmake_force_configure' from command line to 'False'
[0.149s] [34mcolcon.colcon_core.verb[0m [1;30mLevel 5[0m set package 'elf3_arm_bringup' build argument 'ament_cmake_args' from command line to 'None'
[0.149s] [34mcolcon.colcon_core.verb[0m [1;30mLevel 5[0m set package 'elf3_arm_bringup' build argument 'catkin_cmake_args' from command line to 'None'
[0.149s] [34mcolcon.colcon_core.verb[0m [1;30mLevel 5[0m set package 'elf3_arm_bringup' build argument 'catkin_skip_building_tests' from command line to 'False'
[0.149s] [34mcolcon.colcon_core.verb[0m [1;30mDEBUG[0m [32mBuilding package 'elf3_arm_bringup' with the following arguments: {'ament_cmake_args': None, 'build_base': '/home/kkkk/bxi_arm_v2/build/elf3_arm_bringup', 'catkin_cmake_args': None, 'catkin_skip_building_tests': False, 'cmake_args': ['-DCMAKE_BUILD_TYPE=Release', '-DCMAKE_EXPORT_COMPILE_COMMANDS=ON'], 'cmake_clean_cache': False, 'cmake_clean_first': False, 'cmake_force_configure': False, 'cmake_target': None, 'cmake_target_skip_unavailable': False, 'install_base': '/home/kkkk/bxi_arm_v2/install/elf3_arm_bringup', 'merge_install': False, 'path': '/home/kkkk/bxi_arm_v2/src/elf3_arm_bringup', 'symlink_install': False, 'test_result_base': None}[0m
[0.149s] [34mcolcon.colcon_core.verb[0m [1;30mLevel 5[0m set package 'elf3_arm_ikpy_control_pico' build argument 'cmake_args' from command line to '['-DCMAKE_BUILD_TYPE=Release', '-DCMAKE_EXPORT_COMPILE_COMMANDS=ON']'
[0.149s] [34mcolcon.colcon_core.verb[0m [1;30mLevel 5[0m set package 'elf3_arm_ikpy_control_pico' build argument 'cmake_target' from command line to 'None'
[0.149s] [34mcolcon.colcon_core.verb[0m [1;30mLevel 5[0m set package 'elf3_arm_ikpy_control_pico' build argument 'cmake_target_skip_unavailable' from command line to 'False'
[0.149s] [34mcolcon.colcon_core.verb[0m [1;30mLevel 5[0m set package 'elf3_arm_ikpy_control_pico' build argument 'cmake_clean_cache' from command line to 'False'
[0.149s] [34mcolcon.colcon_core.verb[0m [1;30mLevel 5[0m set package 'elf3_arm_ikpy_control_pico' build argument 'cmake_clean_first' from command line to 'False'
[0.149s] [34mcolcon.colcon_core.verb[0m [1;30mLevel 5[0m set package 'elf3_arm_ikpy_control_pico' build argument 'cmake_force_configure' from command line to 'False'
[0.149s] [34mcolcon.colcon_core.verb[0m [1;30mLevel 5[0m set package 'elf3_arm_ikpy_control_pico' build argument 'ament_cmake_args' from command line to 'None'
[0.149s] [34mcolcon.colcon_core.verb[0m [1;30mLevel 5[0m set package 'elf3_arm_ikpy_control_pico' build argument 'catkin_cmake_args' from command line to 'None'
[0.149s] [34mcolcon.colcon_core.verb[0m [1;30mLevel 5[0m set package 'elf3_arm_ikpy_control_pico' build argument 'catkin_skip_building_tests' from command line to 'False'
[0.149s] [34mcolcon.colcon_core.verb[0m [1;30mDEBUG[0m [32mBuilding package 'elf3_arm_ikpy_control_pico' with the following arguments: {'ament_cmake_args': None, 'build_base': '/home/kkkk/bxi_arm_v2/build/elf3_arm_ikpy_control_pico', 'catkin_cmake_args': None, 'catkin_skip_building_tests': False, 'cmake_args': ['-DCMAKE_BUILD_TYPE=Release', '-DCMAKE_EXPORT_COMPILE_COMMANDS=ON'], 'cmake_clean_cache': False, 'cmake_clean_first': False, 'cmake_force_configure': False, 'cmake_target': None, 'cmake_target_skip_unavailable': False, 'install_base': '/home/kkkk/bxi_arm_v2/install/elf3_arm_ikpy_control_pico', 'merge_install': False, 'path': '/home/kkkk/bxi_arm_v2/src/elf3_arm_ikpy_control_pico', 'symlink_install': False, 'test_result_base': None}[0m
[0.149s] [34mcolcon.colcon_core.verb[0m [1;30mLevel 5[0m set package 'fake_trigger' build argument 'cmake_args' from command line to '['-DCMAKE_BUILD_TYPE=Release', '-DCMAKE_EXPORT_COMPILE_COMMANDS=ON']'
[0.149s] [34mcolcon.colcon_core.verb[0m [1;30mLevel 5[0m set package 'fake_trigger' build argument 'cmake_target' from command line to 'None'
[0.149s] [34mcolcon.colcon_core.verb[0m [1;30mLevel 5[0m set package 'fake_trigger' build argument 'cmake_target_skip_unavailable' from command line to 'False'
[0.149s] [34mcolcon.colcon_core.verb[0m [1;30mLevel 5[0m set package 'fake_trigger' build argument 'cmake_clean_cache' from command line to 'False'
[0.149s] [34mcolcon.colcon_core.verb[0m [1;30mLevel 5[0m set package 'fake_trigger' build argument 'cmake_clean_first' from command line to 'False'
[0.149s] [34mcolcon.colcon_core.verb[0m [1;30mLevel 5[0m set package 'fake_trigger' build argument 'cmake_force_configure' from command line to 'False'
[0.149s] [34mcolcon.colcon_core.verb[0m [1;30mLevel 5[0m set package 'fake_trigger' build argument 'ament_cmake_args' from command line to 'None'
[0.149s] [34mcolcon.colcon_core.verb[0m [1;30mLevel 5[0m set package 'fake_trigger' build argument 'catkin_cmake_args' from command line to 'None'
[0.149s] [34mcolcon.colcon_core.verb[0m [1;30mLevel 5[0m set package 'fake_trigger' build argument 'catkin_skip_building_tests' from command line to 'False'
[0.149s] [34mcolcon.colcon_core.verb[0m [1;30mDEBUG[0m [32mBuilding package 'fake_trigger' with the following arguments: {'ament_cmake_args': None, 'build_base': '/home/kkkk/bxi_arm_v2/build/fake_trigger', 'catkin_cmake_args': None, 'catkin_skip_building_tests': False, 'cmake_args': ['-DCMAKE_BUILD_TYPE=Release', '-DCMAKE_EXPORT_COMPILE_COMMANDS=ON'], 'cmake_clean_cache': False, 'cmake_clean_first': False, 'cmake_force_configure': False, 'cmake_target': None, 'cmake_target_skip_unavailable': False, 'install_base': '/home/kkkk/bxi_arm_v2/install/fake_trigger', 'merge_install': False, 'path': '/home/kkkk/bxi_arm_v2/src/fake_trigger', 'symlink_install': False, 'test_result_base': None}[0m
[0.149s] [34mcolcon.colcon_core.verb[0m [1;30mLevel 5[0m set package 'hand_control' build argument 'cmake_args' from command line to '['-DCMAKE_BUILD_TYPE=Release', '-DCMAKE_EXPORT_COMPILE_COMMANDS=ON']'
[0.149s] [34mcolcon.colcon_core.verb[0m [1;30mLevel 5[0m set package 'hand_control' build argument 'cmake_target' from command line to 'None'
[0.149s] [34mcolcon.colcon_core.verb[0m [1;30mLevel 5[0m set package 'hand_control' build argument 'cmake_target_skip_unavailable' from command line to 'False'
[0.149s] [34mcolcon.colcon_core.verb[0m [1;30mLevel 5[0m set package 'hand_control' build argument 'cmake_clean_cache' from command line to 'False'
[0.149s] [34mcolcon.colcon_core.verb[0m [1;30mLevel 5[0m set package 'hand_control' build argument 'cmake_clean_first' from command line to 'False'
[0.149s] [34mcolcon.colcon_core.verb[0m [1;30mLevel 5[0m set package 'hand_control' build argument 'cmake_force_configure' from command line to 'False'
[0.149s] [34mcolcon.colcon_core.verb[0m [1;30mLevel 5[0m set package 'hand_control' build argument 'ament_cmake_args' from command line to 'None'
[0.149s] [34mcolcon.colcon_core.verb[0m [1;30mLevel 5[0m set package 'hand_control' build argument 'catkin_cmake_args' from command line to 'None'
[0.149s] [34mcolcon.colcon_core.verb[0m [1;30mLevel 5[0m set package 'hand_control' build argument 'catkin_skip_building_tests' from command line to 'False'
[0.149s] [34mcolcon.colcon_core.verb[0m [1;30mDEBUG[0m [32mBuilding package 'hand_control' with the following arguments: {'ament_cmake_args': None, 'build_base': '/home/kkkk/bxi_arm_v2/build/hand_control', 'catkin_cmake_args': None, 'catkin_skip_building_tests': False, 'cmake_args': ['-DCMAKE_BUILD_TYPE=Release', '-DCMAKE_EXPORT_COMPILE_COMMANDS=ON'], 'cmake_clean_cache': False, 'cmake_clean_first': False, 'cmake_force_configure': False, 'cmake_target': None, 'cmake_target_skip_unavailable': False, 'install_base': '/home/kkkk/bxi_arm_v2/install/hand_control', 'merge_install': False, 'path': '/home/kkkk/bxi_arm_v2/src/hand_control', 'symlink_install': False, 'test_result_base': None}[0m
[0.150s] [34mcolcon.colcon_core.verb[0m [1;30mLevel 5[0m set package 'pico_bxi_server' build argument 'cmake_args' from command line to '['-DCMAKE_BUILD_TYPE=Release', '-DCMAKE_EXPORT_COMPILE_COMMANDS=ON']'
[0.150s] [34mcolcon.colcon_core.verb[0m [1;30mLevel 5[0m set package 'pico_bxi_server' build argument 'cmake_target' from command line to 'None'
[0.150s] [34mcolcon.colcon_core.verb[0m [1;30mLevel 5[0m set package 'pico_bxi_server' build argument 'cmake_target_skip_unavailable' from command line to 'False'
[0.150s] [34mcolcon.colcon_core.verb[0m [1;30mLevel 5[0m set package 'pico_bxi_server' build argument 'cmake_clean_cache' from command line to 'False'
[0.150s] [34mcolcon.colcon_core.verb[0m [1;30mLevel 5[0m set package 'pico_bxi_server' build argument 'cmake_clean_first' from command line to 'False'
[0.150s] [34mcolcon.colcon_core.verb[0m [1;30mLevel 5[0m set package 'pico_bxi_server' build argument 'cmake_force_configure' from command line to 'False'
[0.150s] [34mcolcon.colcon_core.verb[0m [1;30mLevel 5[0m set package 'pico_bxi_server' build argument 'ament_cmake_args' from command line to 'None'
[0.150s] [34mcolcon.colcon_core.verb[0m [1;30mLevel 5[0m set package 'pico_bxi_server' build argument 'catkin_cmake_args' from command line to 'None'
[0.150s] [34mcolcon.colcon_core.verb[0m [1;30mLevel 5[0m set package 'pico_bxi_server' build argument 'catkin_skip_building_tests' from command line to 'False'
[0.150s] [34mcolcon.colcon_core.verb[0m [1;30mDEBUG[0m [32mBuilding package 'pico_bxi_server' with the following arguments: {'ament_cmake_args': None, 'build_base': '/home/kkkk/bxi_arm_v2/build/pico_bxi_server', 'catkin_cmake_args': None, 'catkin_skip_building_tests': False, 'cmake_args': ['-DCMAKE_BUILD_TYPE=Release', '-DCMAKE_EXPORT_COMPILE_COMMANDS=ON'], 'cmake_clean_cache': False, 'cmake_clean_first': False, 'cmake_force_configure': False, 'cmake_target': None, 'cmake_target_skip_unavailable': False, 'install_base': '/home/kkkk/bxi_arm_v2/install/pico_bxi_server', 'merge_install': False, 'path': '/home/kkkk/bxi_arm_v2/src/pico_bxi_server', 'symlink_install': False, 'test_result_base': None}[0m
[0.150s] [34mcolcon.colcon_core.verb[0m [1;30mLevel 5[0m set package 'remote_controller' build argument 'cmake_args' from command line to '['-DCMAKE_BUILD_TYPE=Release', '-DCMAKE_EXPORT_COMPILE_COMMANDS=ON']'
[0.150s] [34mcolcon.colcon_core.verb[0m [1;30mLevel 5[0m set package 'remote_controller' build argument 'cmake_target' from command line to 'None'
[0.150s] [34mcolcon.colcon_core.verb[0m [1;30mLevel 5[0m set package 'remote_controller' build argument 'cmake_target_skip_unavailable' from command line to 'False'
[0.150s] [34mcolcon.colcon_core.verb[0m [1;30mLevel 5[0m set package 'remote_controller' build argument 'cmake_clean_cache' from command line to 'False'
[0.150s] [34mcolcon.colcon_core.verb[0m [1;30mLevel 5[0m set package 'remote_controller' build argument 'cmake_clean_first' from command line to 'False'
[0.150s] [34mcolcon.colcon_core.verb[0m [1;30mLevel 5[0m set package 'remote_controller' build argument 'cmake_force_configure' from command line to 'False'
[0.150s] [34mcolcon.colcon_core.verb[0m [1;30mLevel 5[0m set package 'remote_controller' build argument 'ament_cmake_args' from command line to 'None'
[0.150s] [34mcolcon.colcon_core.verb[0m [1;30mLevel 5[0m set package 'remote_controller' build argument 'catkin_cmake_args' from command line to 'None'
[0.150s] [34mcolcon.colcon_core.verb[0m [1;30mLevel 5[0m set package 'remote_controller' build argument 'catkin_skip_building_tests' from command line to 'False'
[0.150s] [34mcolcon.colcon_core.verb[0m [1;30mDEBUG[0m [32mBuilding package 'remote_controller' with the following arguments: {'ament_cmake_args': None, 'build_base': '/home/kkkk/bxi_arm_v2/build/remote_controller', 'catkin_cmake_args': None, 'catkin_skip_building_tests': False, 'cmake_args': ['-DCMAKE_BUILD_TYPE=Release', '-DCMAKE_EXPORT_COMPILE_COMMANDS=ON'], 'cmake_clean_cache': False, 'cmake_clean_first': False, 'cmake_force_configure': False, 'cmake_target': None, 'cmake_target_skip_unavailable': False, 'install_base': '/home/kkkk/bxi_arm_v2/install/remote_controller', 'merge_install': False, 'path': '/home/kkkk/bxi_arm_v2/src/bxi_rl_controller_ros2_example/src/remote_controller', 'symlink_install': False, 'test_result_base': None}[0m
[0.150s] [34mcolcon.colcon_core.verb[0m [1;30mLevel 5[0m set package 'aero_hand_open' build argument 'cmake_args' from command line to '['-DCMAKE_BUILD_TYPE=Release', '-DCMAKE_EXPORT_COMPILE_COMMANDS=ON']'
[0.150s] [34mcolcon.colcon_core.verb[0m [1;30mLevel 5[0m set package 'aero_hand_open' build argument 'cmake_target' from command line to 'None'
[0.150s] [34mcolcon.colcon_core.verb[0m [1;30mLevel 5[0m set package 'aero_hand_open' build argument 'cmake_target_skip_unavailable' from command line to 'False'
[0.150s] [34mcolcon.colcon_core.verb[0m [1;30mLevel 5[0m set package 'aero_hand_open' build argument 'cmake_clean_cache' from command line to 'False'
[0.150s] [34mcolcon.colcon_core.verb[0m [1;30mLevel 5[0m set package 'aero_hand_open' build argument 'cmake_clean_first' from command line to 'False'
[0.150s] [34mcolcon.colcon_core.verb[0m [1;30mLevel 5[0m set package 'aero_hand_open' build argument 'cmake_force_configure' from command line to 'False'
[0.150s] [34mcolcon.colcon_core.verb[0m [1;30mLevel 5[0m set package 'aero_hand_open' build argument 'ament_cmake_args' from command line to 'None'
[0.150s] [34mcolcon.colcon_core.verb[0m [1;30mLevel 5[0m set package 'aero_hand_open' build argument 'catkin_cmake_args' from command line to 'None'
[0.150s] [34mcolcon.colcon_core.verb[0m [1;30mLevel 5[0m set package 'aero_hand_open' build argument 'catkin_skip_building_tests' from command line to 'False'
[0.150s] [34mcolcon.colcon_core.verb[0m [1;30mDEBUG[0m [32mBuilding package 'aero_hand_open' with the following arguments: {'ament_cmake_args': None, 'build_base': '/home/kkkk/bxi_arm_v2/build/aero_hand_open', 'catkin_cmake_args': None, 'catkin_skip_building_tests': False, 'cmake_args': ['-DCMAKE_BUILD_TYPE=Release', '-DCMAKE_EXPORT_COMPILE_COMMANDS=ON'], 'cmake_clean_cache': False, 'cmake_clean_first': False, 'cmake_force_configure': False, 'cmake_target': None, 'cmake_target_skip_unavailable': False, 'install_base': '/home/kkkk/bxi_arm_v2/install/aero_hand_open', 'merge_install': False, 'path': '/home/kkkk/bxi_arm_v2/src/aero-hand-open/src/aero_hand_open', 'symlink_install': False, 'test_result_base': None}[0m
[0.150s] [34mcolcon.colcon_core.verb[0m [1;30mLevel 5[0m set package 'aero_hand_open_rl' build argument 'cmake_args' from command line to '['-DCMAKE_BUILD_TYPE=Release', '-DCMAKE_EXPORT_COMPILE_COMMANDS=ON']'
[0.150s] [34mcolcon.colcon_core.verb[0m [1;30mLevel 5[0m set package 'aero_hand_open_rl' build argument 'cmake_target' from command line to 'None'
[0.150s] [34mcolcon.colcon_core.verb[0m [1;30mLevel 5[0m set package 'aero_hand_open_rl' build argument 'cmake_target_skip_unavailable' from command line to 'False'
[0.150s] [34mcolcon.colcon_core.verb[0m [1;30mLevel 5[0m set package 'aero_hand_open_rl' build argument 'cmake_clean_cache' from command line to 'False'
[0.150s] [34mcolcon.colcon_core.verb[0m [1;30mLevel 5[0m set package 'aero_hand_open_rl' build argument 'cmake_clean_first' from command line to 'False'
[0.150s] [34mcolcon.colcon_core.verb[0m [1;30mLevel 5[0m set package 'aero_hand_open_rl' build argument 'cmake_force_configure' from command line to 'False'
[0.150s] [34mcolcon.colcon_core.verb[0m [1;30mLevel 5[0m set package 'aero_hand_open_rl' build argument 'ament_cmake_args' from command line to 'None'
[0.150s] [34mcolcon.colcon_core.verb[0m [1;30mLevel 5[0m set package 'aero_hand_open_rl' build argument 'catkin_cmake_args' from command line to 'None'
[0.150s] [34mcolcon.colcon_core.verb[0m [1;30mLevel 5[0m set package 'aero_hand_open_rl' build argument 'catkin_skip_building_tests' from command line to 'False'
[0.150s] [34mcolcon.colcon_core.verb[0m [1;30mDEBUG[0m [32mBuilding package 'aero_hand_open_rl' with the following arguments: {'ament_cmake_args': None, 'build_base': '/home/kkkk/bxi_arm_v2/build/aero_hand_open_rl', 'catkin_cmake_args': None, 'catkin_skip_building_tests': False, 'cmake_args': ['-DCMAKE_BUILD_TYPE=Release', '-DCMAKE_EXPORT_COMPILE_COMMANDS=ON'], 'cmake_clean_cache': False, 'cmake_clean_first': False, 'cmake_force_configure': False, 'cmake_target': None, 'cmake_target_skip_unavailable': False, 'install_base': '/home/kkkk/bxi_arm_v2/install/aero_hand_open_rl', 'merge_install': False, 'path': '/home/kkkk/bxi_arm_v2/src/aero-hand-open/src/aero_hand_open_rl', 'symlink_install': False, 'test_result_base': None}[0m
[0.151s] [34mcolcon.colcon_core.verb[0m [1;30mLevel 5[0m set package 'aero_hand_open_teleop' build argument 'cmake_args' from command line to '['-DCMAKE_BUILD_TYPE=Release', '-DCMAKE_EXPORT_COMPILE_COMMANDS=ON']'
[0.151s] [34mcolcon.colcon_core.verb[0m [1;30mLevel 5[0m set package 'aero_hand_open_teleop' build argument 'cmake_target' from command line to 'None'
[0.151s] [34mcolcon.colcon_core.verb[0m [1;30mLevel 5[0m set package 'aero_hand_open_teleop' build argument 'cmake_target_skip_unavailable' from command line to 'False'
[0.151s] [34mcolcon.colcon_core.verb[0m [1;30mLevel 5[0m set package 'aero_hand_open_teleop' build argument 'cmake_clean_cache' from command line to 'False'
[0.151s] [34mcolcon.colcon_core.verb[0m [1;30mLevel 5[0m set package 'aero_hand_open_teleop' build argument 'cmake_clean_first' from command line to 'False'
[0.151s] [34mcolcon.colcon_core.verb[0m [1;30mLevel 5[0m set package 'aero_hand_open_teleop' build argument 'cmake_force_configure' from command line to 'False'
[0.151s] [34mcolcon.colcon_core.verb[0m [1;30mLevel 5[0m set package 'aero_hand_open_teleop' build argument 'ament_cmake_args' from command line to 'None'
[0.151s] [34mcolcon.colcon_core.verb[0m [1;30mLevel 5[0m set package 'aero_hand_open_teleop' build argument 'catkin_cmake_args' from command line to 'None'
[0.151s] [34mcolcon.colcon_core.verb[0m [1;30mLevel 5[0m set package 'aero_hand_open_teleop' build argument 'catkin_skip_building_tests' from command line to 'False'
[0.151s] [34mcolcon.colcon_core.verb[0m [1;30mDEBUG[0m [32mBuilding package 'aero_hand_open_teleop' with the following arguments: {'ament_cmake_args': None, 'build_base': '/home/kkkk/bxi_arm_v2/build/aero_hand_open_teleop', 'catkin_cmake_args': None, 'catkin_skip_building_tests': False, 'cmake_args': ['-DCMAKE_BUILD_TYPE=Release', '-DCMAKE_EXPORT_COMPILE_COMMANDS=ON'], 'cmake_clean_cache': False, 'cmake_clean_first': False, 'cmake_force_configure': False, 'cmake_target': None, 'cmake_target_skip_unavailable': False, 'install_base': '/home/kkkk/bxi_arm_v2/install/aero_hand_open_teleop', 'merge_install': False, 'path': '/home/kkkk/bxi_arm_v2/src/aero-hand-open/src/aero_hand_open_teleop', 'symlink_install': False, 'test_result_base': None}[0m
[0.151s] [34mcolcon.colcon_core.executor[0m [1;30mINFO[0m Executing jobs using 'parallel' executor
[0.152s] [34mcolcon.colcon_parallel_executor.executor.parallel[0m [1;30mDEBUG[0m [32mrun_until_complete[0m
[0.152s] [34mcolcon.colcon_ros.task.ament_cmake.build[0m [1;30mINFO[0m Building ROS package in '/home/kkkk/bxi_arm_v2/src/aero-hand-open/src/aero_hand_open_msgs' with build type 'ament_cmake'
[0.152s] [34mcolcon.colcon_cmake.task.cmake.build[0m [1;30mINFO[0m Building CMake package in '/home/kkkk/bxi_arm_v2/src/aero-hand-open/src/aero_hand_open_msgs'
[0.153s] [34mcolcon.colcon_core.plugin_system[0m [1;30mINFO[0m Skipping extension 'colcon_core.shell.bat': Not used on non-Windows systems
[0.153s] [34mcolcon.colcon_core.shell[0m [1;30mINFO[0m Skip shell extension 'powershell' for command environment: Not usable outside of PowerShell
[0.153s] [34mcolcon.colcon_core.shell[0m [1;30mDEBUG[0m [32mSkip shell extension 'dsv' for command environment[0m
[0.157s] [34mcolcon.colcon_ros.task.ament_python.build[0m [1;30mINFO[0m Building ROS package in '/home/kkkk/bxi_arm_v2/src/aero-hand-open/src/aero_hand_open_description' with build type 'ament_python'
[0.158s] [34mcolcon.colcon_core.shell[0m [1;30mLevel 1[0m create_environment_hook('aero_hand_open_description', 'ament_prefix_path')
[0.158s] [34mcolcon.colcon_core.shell[0m [1;30mINFO[0m Creating environment hook '/home/kkkk/bxi_arm_v2/install/aero_hand_open_description/share/aero_hand_open_description/hook/ament_prefix_path.ps1'
[0.158s] [34mcolcon.colcon_core.shell[0m [1;30mINFO[0m Creating environment descriptor '/home/kkkk/bxi_arm_v2/install/aero_hand_open_description/share/aero_hand_open_description/hook/ament_prefix_path.dsv'
[0.158s] [34mcolcon.colcon_core.shell[0m [1;30mINFO[0m Creating environment hook '/home/kkkk/bxi_arm_v2/install/aero_hand_open_description/share/aero_hand_open_description/hook/ament_prefix_path.sh'
[0.159s] [34mcolcon.colcon_core.shell[0m [1;30mINFO[0m Skip shell extension 'powershell' for command environment: Not usable outside of PowerShell
[0.159s] [34mcolcon.colcon_core.shell[0m [1;30mDEBUG[0m [32mSkip shell extension 'dsv' for command environment[0m
[0.162s] [34mcolcon.colcon_ros.task.ament_cmake.build[0m [1;30mINFO[0m Building ROS package in '/home/kkkk/bxi_arm_v2/src/bxi_rl_controller_ros2_example/src/bxi_example' with build type 'ament_cmake'
[0.163s] [34mcolcon.colcon_cmake.task.cmake.build[0m [1;30mINFO[0m Building CMake package in '/home/kkkk/bxi_arm_v2/src/bxi_rl_controller_ros2_example/src/bxi_example'
[0.163s] [34mcolcon.colcon_core.shell[0m [1;30mINFO[0m Skip shell extension 'powershell' for command environment: Not usable outside of PowerShell
[0.163s] [34mcolcon.colcon_core.shell[0m [1;30mDEBUG[0m [32mSkip shell extension 'dsv' for command environment[0m
[0.167s] [34mcolcon.colcon_ros.task.ament_cmake.build[0m [1;30mINFO[0m Building ROS package in '/home/kkkk/bxi_arm_v2/src/bxi_rl_controller_ros2_example/src/bxi_example_arm' with build type 'ament_cmake'
[0.167s] [34mcolcon.colcon_cmake.task.cmake.build[0m [1;30mINFO[0m Building CMake package in '/home/kkkk/bxi_arm_v2/src/bxi_rl_controller_ros2_example/src/bxi_example_arm'
[0.167s] [34mcolcon.colcon_core.shell[0m [1;30mINFO[0m Skip shell extension 'powershell' for command environment: Not usable outside of PowerShell
[0.167s] [34mcolcon.colcon_core.shell[0m [1;30mDEBUG[0m [32mSkip shell extension 'dsv' for command environment[0m
[0.170s] [34mcolcon.colcon_ros.task.ament_python.build[0m [1;30mINFO[0m Building ROS package in '/home/kkkk/bxi_arm_v2/src/bxi_rl_controller_ros2_example/src/bxi_example_py' with build type 'ament_python'
[0.171s] [34mcolcon.colcon_core.shell[0m [1;30mLevel 1[0m create_environment_hook('bxi_example_py', 'ament_prefix_path')
[0.171s] [34mcolcon.colcon_core.shell[0m [1;30mINFO[0m Creating environment hook '/home/kkkk/bxi_arm_v2/install/bxi_example_py/share/bxi_example_py/hook/ament_prefix_path.ps1'
[0.171s] [34mcolcon.colcon_core.shell[0m [1;30mINFO[0m Creating environment descriptor '/home/kkkk/bxi_arm_v2/install/bxi_example_py/share/bxi_example_py/hook/ament_prefix_path.dsv'
[0.171s] [34mcolcon.colcon_core.shell[0m [1;30mINFO[0m Creating environment hook '/home/kkkk/bxi_arm_v2/install/bxi_example_py/share/bxi_example_py/hook/ament_prefix_path.sh'
[0.171s] [34mcolcon.colcon_core.shell[0m [1;30mINFO[0m Skip shell extension 'powershell' for command environment: Not usable outside of PowerShell
[0.171s] [34mcolcon.colcon_core.shell[0m [1;30mDEBUG[0m [32mSkip shell extension 'dsv' for command environment[0m
[0.175s] [34mcolcon.colcon_ros.task.ament_python.build[0m [1;30mINFO[0m Building ROS package in '/home/kkkk/bxi_arm_v2/src/bxi_rl_controller_ros2_example/src/bxi_example_py_ankle' with build type 'ament_python'
[0.175s] [34mcolcon.colcon_core.shell[0m [1;30mLevel 1[0m create_environment_hook('bxi_example_py_ankle', 'ament_prefix_path')
[0.175s] [34mcolcon.colcon_core.shell[0m [1;30mINFO[0m Creating environment hook '/home/kkkk/bxi_arm_v2/install/bxi_example_py_ankle/share/bxi_example_py_ankle/hook/ament_prefix_path.ps1'
[0.176s] [34mcolcon.colcon_core.shell[0m [1;30mINFO[0m Creating environment descriptor '/home/kkkk/bxi_arm_v2/install/bxi_example_py_ankle/share/bxi_example_py_ankle/hook/ament_prefix_path.dsv'
[0.176s] [34mcolcon.colcon_core.shell[0m [1;30mINFO[0m Creating environment hook '/home/kkkk/bxi_arm_v2/install/bxi_example_py_ankle/share/bxi_example_py_ankle/hook/ament_prefix_path.sh'
[0.176s] [34mcolcon.colcon_core.shell[0m [1;30mINFO[0m Skip shell extension 'powershell' for command environment: Not usable outside of PowerShell
[0.176s] [34mcolcon.colcon_core.shell[0m [1;30mDEBUG[0m [32mSkip shell extension 'dsv' for command environment[0m
[0.180s] [34mcolcon.colcon_ros.task.ament_python.build[0m [1;30mINFO[0m Building ROS package in '/home/kkkk/bxi_arm_v2/src/bxi_rl_controller_ros2_example/src/bxi_example_py_arm' with build type 'ament_python'
[0.180s] [34mcolcon.colcon_core.shell[0m [1;30mLevel 1[0m create_environment_hook('bxi_example_py_arm', 'ament_prefix_path')
[0.180s] [34mcolcon.colcon_core.shell[0m [1;30mINFO[0m Creating environment hook '/home/kkkk/bxi_arm_v2/install/bxi_example_py_arm/share/bxi_example_py_arm/hook/ament_prefix_path.ps1'
[0.180s] [34mcolcon.colcon_core.shell[0m [1;30mINFO[0m Creating environment descriptor '/home/kkkk/bxi_arm_v2/install/bxi_example_py_arm/share/bxi_example_py_arm/hook/ament_prefix_path.dsv'
[0.180s] [34mcolcon.colcon_core.shell[0m [1;30mINFO[0m Creating environment hook '/home/kkkk/bxi_arm_v2/install/bxi_example_py_arm/share/bxi_example_py_arm/hook/ament_prefix_path.sh'
[0.181s] [34mcolcon.colcon_core.shell[0m [1;30mINFO[0m Skip shell extension 'powershell' for command environment: Not usable outside of PowerShell
[0.181s] [34mcolcon.colcon_core.shell[0m [1;30mDEBUG[0m [32mSkip shell extension 'dsv' for command environment[0m
[0.185s] [34mcolcon.colcon_ros.task.ament_python.build[0m [1;30mINFO[0m Building ROS package in '/home/kkkk/bxi_arm_v2/src/bxi_rl_controller_ros2_example/src/bxi_example_py_armrc' with build type 'ament_python'
[0.185s] [34mcolcon.colcon_core.shell[0m [1;30mLevel 1[0m create_environment_hook('bxi_example_py_armrc', 'ament_prefix_path')
[0.185s] [34mcolcon.colcon_core.shell[0m [1;30mINFO[0m Creating environment hook '/home/kkkk/bxi_arm_v2/install/bxi_example_py_armrc/share/bxi_example_py_armrc/hook/ament_prefix_path.ps1'
[0.185s] [34mcolcon.colcon_core.shell[0m [1;30mINFO[0m Creating environment descriptor '/home/kkkk/bxi_arm_v2/install/bxi_example_py_armrc/share/bxi_example_py_armrc/hook/ament_prefix_path.dsv'
[0.185s] [34mcolcon.colcon_core.shell[0m [1;30mINFO[0m Creating environment hook '/home/kkkk/bxi_arm_v2/install/bxi_example_py_armrc/share/bxi_example_py_armrc/hook/ament_prefix_path.sh'
[0.186s] [34mcolcon.colcon_core.shell[0m [1;30mINFO[0m Skip shell extension 'powershell' for command environment: Not usable outside of PowerShell
[0.186s] [34mcolcon.colcon_core.shell[0m [1;30mDEBUG[0m [32mSkip shell extension 'dsv' for command environment[0m
[0.189s] [34mcolcon.colcon_ros.task.ament_python.build[0m [1;30mINFO[0m Building ROS package in '/home/kkkk/bxi_arm_v2/src/bxi_rl_controller_ros2_example/src/bxi_example_py_elf3' with build type 'ament_python'
[0.189s] [34mcolcon.colcon_core.shell[0m [1;30mLevel 1[0m create_environment_hook('bxi_example_py_elf3', 'ament_prefix_path')
[0.189s] [34mcolcon.colcon_core.shell[0m [1;30mINFO[0m Creating environment hook '/home/kkkk/bxi_arm_v2/install/bxi_example_py_elf3/share/bxi_example_py_elf3/hook/ament_prefix_path.ps1'
[0.190s] [34mcolcon.colcon_core.shell[0m [1;30mINFO[0m Creating environment descriptor '/home/kkkk/bxi_arm_v2/install/bxi_example_py_elf3/share/bxi_example_py_elf3/hook/ament_prefix_path.dsv'
[0.190s] [34mcolcon.colcon_core.shell[0m [1;30mINFO[0m Creating environment hook '/home/kkkk/bxi_arm_v2/install/bxi_example_py_elf3/share/bxi_example_py_elf3/hook/ament_prefix_path.sh'
[0.190s] [34mcolcon.colcon_core.shell[0m [1;30mINFO[0m Skip shell extension 'powershell' for command environment: Not usable outside of PowerShell
[0.190s] [34mcolcon.colcon_core.shell[0m [1;30mDEBUG[0m [32mSkip shell extension 'dsv' for command environment[0m
[0.194s] [34mcolcon.colcon_ros.task.ament_python.build[0m [1;30mINFO[0m Building ROS package in '/home/kkkk/bxi_arm_v2/src/bxi_rl_controller_ros2_example/src/bxi_example_py_foot' with build type 'ament_python'
[0.194s] [34mcolcon.colcon_core.shell[0m [1;30mLevel 1[0m create_environment_hook('bxi_example_py_foot', 'ament_prefix_path')
[0.194s] [34mcolcon.colcon_core.shell[0m [1;30mINFO[0m Creating environment hook '/home/kkkk/bxi_arm_v2/install/bxi_example_py_foot/share/bxi_example_py_foot/hook/ament_prefix_path.ps1'
[0.194s] [34mcolcon.colcon_core.shell[0m [1;30mINFO[0m Creating environment descriptor '/home/kkkk/bxi_arm_v2/install/bxi_example_py_foot/share/bxi_example_py_foot/hook/ament_prefix_path.dsv'
[0.195s] [34mcolcon.colcon_core.shell[0m [1;30mINFO[0m Creating environment hook '/home/kkkk/bxi_arm_v2/install/bxi_example_py_foot/share/bxi_example_py_foot/hook/ament_prefix_path.sh'
[0.195s] [34mcolcon.colcon_core.shell[0m [1;30mINFO[0m Skip shell extension 'powershell' for command environment: Not usable outside of PowerShell
[0.195s] [34mcolcon.colcon_core.shell[0m [1;30mDEBUG[0m [32mSkip shell extension 'dsv' for command environment[0m
[0.199s] [34mcolcon.colcon_ros.task.ament_python.build[0m [1;30mINFO[0m Building ROS package in '/home/kkkk/bxi_arm_v2/src/bxi_rl_controller_ros2_example/src/bxi_example_py_trunk' with build type 'ament_python'
[0.199s] [34mcolcon.colcon_core.shell[0m [1;30mLevel 1[0m create_environment_hook('bxi_example_py_trunk', 'ament_prefix_path')
[0.199s] [34mcolcon.colcon_core.shell[0m [1;30mINFO[0m Creating environment hook '/home/kkkk/bxi_arm_v2/install/bxi_example_py_trunk/share/bxi_example_py_trunk/hook/ament_prefix_path.ps1'
[0.199s] [34mcolcon.colcon_core.shell[0m [1;30mINFO[0m Creating environment descriptor '/home/kkkk/bxi_arm_v2/install/bxi_example_py_trunk/share/bxi_example_py_trunk/hook/ament_prefix_path.dsv'
[0.199s] [34mcolcon.colcon_core.shell[0m [1;30mINFO[0m Creating environment hook '/home/kkkk/bxi_arm_v2/install/bxi_example_py_trunk/share/bxi_example_py_trunk/hook/ament_prefix_path.sh'
[0.200s] [34mcolcon.colcon_core.shell[0m [1;30mINFO[0m Skip shell extension 'powershell' for command environment: Not usable outside of PowerShell
[0.200s] [34mcolcon.colcon_core.shell[0m [1;30mDEBUG[0m [32mSkip shell extension 'dsv' for command environment[0m
[0.203s] [34mcolcon.colcon_ros.task.ament_python.build[0m [1;30mINFO[0m Building ROS package in '/home/kkkk/bxi_arm_v2/src/bxi_rl_controller_ros2_example/src/bxi_example_py_trunk_neck' with build type 'ament_python'
[0.203s] [34mcolcon.colcon_core.shell[0m [1;30mLevel 1[0m create_environment_hook('bxi_example_py_trunk_neck', 'ament_prefix_path')
[0.204s] [34mcolcon.colcon_core.shell[0m [1;30mINFO[0m Creating environment hook '/home/kkkk/bxi_arm_v2/install/bxi_example_py_trunk_neck/share/bxi_example_py_trunk_neck/hook/ament_prefix_path.ps1'
[0.204s] [34mcolcon.colcon_core.shell[0m [1;30mINFO[0m Creating environment descriptor '/home/kkkk/bxi_arm_v2/install/bxi_example_py_trunk_neck/share/bxi_example_py_trunk_neck/hook/ament_prefix_path.dsv'
[0.204s] [34mcolcon.colcon_core.shell[0m [1;30mINFO[0m Creating environment hook '/home/kkkk/bxi_arm_v2/install/bxi_example_py_trunk_neck/share/bxi_example_py_trunk_neck/hook/ament_prefix_path.sh'
[0.204s] [34mcolcon.colcon_core.shell[0m [1;30mINFO[0m Skip shell extension 'powershell' for command environment: Not usable outside of PowerShell
[0.204s] [34mcolcon.colcon_core.shell[0m [1;30mDEBUG[0m [32mSkip shell extension 'dsv' for command environment[0m
[0.208s] [34mcolcon.colcon_ros.task.ament_python.build[0m [1;30mINFO[0m Building ROS package in '/home/kkkk/bxi_arm_v2/src/elf3_arm_bringup' with build type 'ament_python'
[0.208s] [34mcolcon.colcon_core.shell[0m [1;30mLevel 1[0m create_environment_hook('elf3_arm_bringup', 'ament_prefix_path')
[0.208s] [34mcolcon.colcon_core.shell[0m [1;30mINFO[0m Creating environment hook '/home/kkkk/bxi_arm_v2/install/elf3_arm_bringup/share/elf3_arm_bringup/hook/ament_prefix_path.ps1'
[0.209s] [34mcolcon.colcon_core.shell[0m [1;30mINFO[0m Creating environment descriptor '/home/kkkk/bxi_arm_v2/install/elf3_arm_bringup/share/elf3_arm_bringup/hook/ament_prefix_path.dsv'
[0.209s] [34mcolcon.colcon_core.shell[0m [1;30mINFO[0m Creating environment hook '/home/kkkk/bxi_arm_v2/install/elf3_arm_bringup/share/elf3_arm_bringup/hook/ament_prefix_path.sh'
[0.209s] [34mcolcon.colcon_core.shell[0m [1;30mINFO[0m Skip shell extension 'powershell' for command environment: Not usable outside of PowerShell
[0.209s] [34mcolcon.colcon_core.shell[0m [1;30mDEBUG[0m [32mSkip shell extension 'dsv' for command environment[0m
[0.213s] [34mcolcon.colcon_ros.task.ament_python.build[0m [1;30mINFO[0m Building ROS package in '/home/kkkk/bxi_arm_v2/src/elf3_arm_ikpy_control_pico' with build type 'ament_python'
[0.213s] [34mcolcon.colcon_core.shell[0m [1;30mLevel 1[0m create_environment_hook('elf3_arm_ikpy_control_pico', 'ament_prefix_path')
[0.213s] [34mcolcon.colcon_core.shell[0m [1;30mINFO[0m Creating environment hook '/home/kkkk/bxi_arm_v2/install/elf3_arm_ikpy_control_pico/share/elf3_arm_ikpy_control_pico/hook/ament_prefix_path.ps1'
[0.213s] [34mcolcon.colcon_core.shell[0m [1;30mINFO[0m Creating environment descriptor '/home/kkkk/bxi_arm_v2/install/elf3_arm_ikpy_control_pico/share/elf3_arm_ikpy_control_pico/hook/ament_prefix_path.dsv'
[0.213s] [34mcolcon.colcon_core.shell[0m [1;30mINFO[0m Creating environment hook '/home/kkkk/bxi_arm_v2/install/elf3_arm_ikpy_control_pico/share/elf3_arm_ikpy_control_pico/hook/ament_prefix_path.sh'
[0.214s] [34mcolcon.colcon_core.shell[0m [1;30mINFO[0m Skip shell extension 'powershell' for command environment: Not usable outside of PowerShell
[0.214s] [34mcolcon.colcon_core.shell[0m [1;30mDEBUG[0m [32mSkip shell extension 'dsv' for command environment[0m
[0.217s] [34mcolcon.colcon_ros.task.ament_python.build[0m [1;30mINFO[0m Building ROS package in '/home/kkkk/bxi_arm_v2/src/fake_trigger' with build type 'ament_python'
[0.218s] [34mcolcon.colcon_core.shell[0m [1;30mLevel 1[0m create_environment_hook('fake_trigger', 'ament_prefix_path')
[0.218s] [34mcolcon.colcon_core.shell[0m [1;30mINFO[0m Creating environment hook '/home/kkkk/bxi_arm_v2/install/fake_trigger/share/fake_trigger/hook/ament_prefix_path.ps1'
[0.218s] [34mcolcon.colcon_core.shell[0m [1;30mINFO[0m Creating environment descriptor '/home/kkkk/bxi_arm_v2/install/fake_trigger/share/fake_trigger/hook/ament_prefix_path.dsv'
[0.218s] [34mcolcon.colcon_core.shell[0m [1;30mINFO[0m Creating environment hook '/home/kkkk/bxi_arm_v2/install/fake_trigger/share/fake_trigger/hook/ament_prefix_path.sh'
[0.218s] [34mcolcon.colcon_core.shell[0m [1;30mINFO[0m Skip shell extension 'powershell' for command environment: Not usable outside of PowerShell
[0.218s] [34mcolcon.colcon_core.shell[0m [1;30mDEBUG[0m [32mSkip shell extension 'dsv' for command environment[0m
[0.222s] [34mcolcon.colcon_ros.task.ament_python.build[0m [1;30mINFO[0m Building ROS package in '/home/kkkk/bxi_arm_v2/src/hand_control' with build type 'ament_python'
[0.222s] [34mcolcon.colcon_core.shell[0m [1;30mLevel 1[0m create_environment_hook('hand_control', 'ament_prefix_path')
[0.223s] [34mcolcon.colcon_core.shell[0m [1;30mINFO[0m Creating environment hook '/home/kkkk/bxi_arm_v2/install/hand_control/share/hand_control/hook/ament_prefix_path.ps1'
[0.223s] [34mcolcon.colcon_core.shell[0m [1;30mINFO[0m Creating environment descriptor '/home/kkkk/bxi_arm_v2/install/hand_control/share/hand_control/hook/ament_prefix_path.dsv'
[0.223s] [34mcolcon.colcon_core.shell[0m [1;30mINFO[0m Creating environment hook '/home/kkkk/bxi_arm_v2/install/hand_control/share/hand_control/hook/ament_prefix_path.sh'
[0.223s] [34mcolcon.colcon_core.shell[0m [1;30mINFO[0m Skip shell extension 'powershell' for command environment: Not usable outside of PowerShell
[0.223s] [34mcolcon.colcon_core.shell[0m [1;30mDEBUG[0m [32mSkip shell extension 'dsv' for command environment[0m
[0.231s] [34mcolcon.colcon_core.event_handler.log_command[0m [1;30mDEBUG[0m [32mInvoking command in '/home/kkkk/bxi_arm_v2/build/aero_hand_open_msgs': CMAKE_PREFIX_PATH=${CMAKE_PREFIX_PATH}:/home/kkkk/moveit2/install/moveit_configs_utils:/home/kkkk/moveit2/install/launch_param_builder:/opt/ros/humble CONDA_PROMPT_MODIFIER=(ikpy) /usr/bin/cmake /home/kkkk/bxi_arm_v2/src/aero-hand-open/src/aero_hand_open_msgs -DCMAKE_BUILD_TYPE=Release -DCMAKE_EXPORT_COMPILE_COMMANDS=ON -DCMAKE_INSTALL_PREFIX=/home/kkkk/bxi_arm_v2/install/aero_hand_open_msgs[0m
[0.353s] [34mcolcon.colcon_core.task.python.build[0m [1;30mINFO[0m Building Python package in '/home/kkkk/bxi_arm_v2/src/aero-hand-open/src/aero_hand_open_description'
[0.353s] [34mcolcon.colcon_core.shell[0m [1;30mINFO[0m Skip shell extension 'powershell' for command environment: Not usable outside of PowerShell
[0.353s] [34mcolcon.colcon_core.shell[0m [1;30mDEBUG[0m [32mSkip shell extension 'dsv' for command environment[0m
[0.359s] [34mcolcon.colcon_core.event_handler.log_command[0m [1;30mDEBUG[0m [32mInvoking command in '/home/kkkk/bxi_arm_v2/build/bxi_example': CMAKE_PREFIX_PATH=${CMAKE_PREFIX_PATH}:/home/kkkk/moveit2/install/moveit_configs_utils:/home/kkkk/moveit2/install/launch_param_builder:/opt/ros/humble CONDA_PROMPT_MODIFIER=(ikpy) /usr/bin/cmake /home/kkkk/bxi_arm_v2/src/bxi_rl_controller_ros2_example/src/bxi_example -DCMAKE_BUILD_TYPE=Release -DCMAKE_EXPORT_COMPILE_COMMANDS=ON -DCMAKE_INSTALL_PREFIX=/home/kkkk/bxi_arm_v2/install/bxi_example[0m
[0.361s] [34mcolcon.colcon_core.event_handler.log_command[0m [1;30mDEBUG[0m [32mInvoking command in '/home/kkkk/bxi_arm_v2/build/bxi_example_arm': CMAKE_PREFIX_PATH=${CMAKE_PREFIX_PATH}:/home/kkkk/moveit2/install/moveit_configs_utils:/home/kkkk/moveit2/install/launch_param_builder:/opt/ros/humble CONDA_PROMPT_MODIFIER=(ikpy) /usr/bin/cmake /home/kkkk/bxi_arm_v2/src/bxi_rl_controller_ros2_example/src/bxi_example_arm -DCMAKE_BUILD_TYPE=Release -DCMAKE_EXPORT_COMPILE_COMMANDS=ON -DCMAKE_INSTALL_PREFIX=/home/kkkk/bxi_arm_v2/install/bxi_example_arm[0m
[0.486s] [34mcolcon.colcon_core.task.python.build[0m [1;30mINFO[0m Building Python package in '/home/kkkk/bxi_arm_v2/src/bxi_rl_controller_ros2_example/src/bxi_example_py'
[0.486s] [34mcolcon.colcon_core.shell[0m [1;30mINFO[0m Skip shell extension 'powershell' for command environment: Not usable outside of PowerShell
[0.486s] [34mcolcon.colcon_core.shell[0m [1;30mDEBUG[0m [32mSkip shell extension 'dsv' for command environment[0m
[0.609s] [34mcolcon.colcon_core.task.python.build[0m [1;30mINFO[0m Building Python package in '/home/kkkk/bxi_arm_v2/src/bxi_rl_controller_ros2_example/src/bxi_example_py_ankle'
[0.610s] [34mcolcon.colcon_core.shell[0m [1;30mINFO[0m Skip shell extension 'powershell' for command environment: Not usable outside of PowerShell
[0.610s] [34mcolcon.colcon_core.shell[0m [1;30mDEBUG[0m [32mSkip shell extension 'dsv' for command environment[0m
[0.733s] [34mcolcon.colcon_core.task.python.build[0m [1;30mINFO[0m Building Python package in '/home/kkkk/bxi_arm_v2/src/bxi_rl_controller_ros2_example/src/bxi_example_py_arm'
[0.734s] [34mcolcon.colcon_core.shell[0m [1;30mINFO[0m Skip shell extension 'powershell' for command environment: Not usable outside of PowerShell
[0.734s] [34mcolcon.colcon_core.shell[0m [1;30mDEBUG[0m [32mSkip shell extension 'dsv' for command environment[0m
[0.857s] [34mcolcon.colcon_core.task.python.build[0m [1;30mINFO[0m Building Python package in '/home/kkkk/bxi_arm_v2/src/bxi_rl_controller_ros2_example/src/bxi_example_py_armrc'
[0.857s] [34mcolcon.colcon_core.shell[0m [1;30mINFO[0m Skip shell extension 'powershell' for command environment: Not usable outside of PowerShell
[0.857s] [34mcolcon.colcon_core.shell[0m [1;30mDEBUG[0m [32mSkip shell extension 'dsv' for command environment[0m
[0.987s] [34mcolcon.colcon_core.task.python.build[0m [1;30mINFO[0m Building Python package in '/home/kkkk/bxi_arm_v2/src/bxi_rl_controller_ros2_example/src/bxi_example_py_elf3'
[0.987s] [34mcolcon.colcon_core.shell[0m [1;30mINFO[0m Skip shell extension 'powershell' for command environment: Not usable outside of PowerShell
[0.987s] [34mcolcon.colcon_core.shell[0m [1;30mDEBUG[0m [32mSkip shell extension 'dsv' for command environment[0m
[1.110s] [34mcolcon.colcon_core.task.python.build[0m [1;30mINFO[0m Building Python package in '/home/kkkk/bxi_arm_v2/src/bxi_rl_controller_ros2_example/src/bxi_example_py_foot'
[1.111s] [34mcolcon.colcon_core.shell[0m [1;30mINFO[0m Skip shell extension 'powershell' for command environment: Not usable outside of PowerShell
[1.111s] [34mcolcon.colcon_core.shell[0m [1;30mDEBUG[0m [32mSkip shell extension 'dsv' for command environment[0m
[1.233s] [34mcolcon.colcon_core.task.python.build[0m [1;30mINFO[0m Building Python package in '/home/kkkk/bxi_arm_v2/src/bxi_rl_controller_ros2_example/src/bxi_example_py_trunk'
[1.233s] [34mcolcon.colcon_core.shell[0m [1;30mINFO[0m Skip shell extension 'powershell' for command environment: Not usable outside of PowerShell
[1.233s] [34mcolcon.colcon_core.shell[0m [1;30mDEBUG[0m [32mSkip shell extension 'dsv' for command environment[0m
[1.355s] [34mcolcon.colcon_core.task.python.build[0m [1;30mINFO[0m Building Python package in '/home/kkkk/bxi_arm_v2/src/bxi_rl_controller_ros2_example/src/bxi_example_py_trunk_neck'
[1.355s] [34mcolcon.colcon_core.shell[0m [1;30mINFO[0m Skip shell extension 'powershell' for command environment: Not usable outside of PowerShell
[1.355s] [34mcolcon.colcon_core.shell[0m [1;30mDEBUG[0m [32mSkip shell extension 'dsv' for command environment[0m
[1.480s] [34mcolcon.colcon_core.task.python.build[0m [1;30mINFO[0m Building Python package in '/home/kkkk/bxi_arm_v2/src/elf3_arm_bringup'
[1.481s] [34mcolcon.colcon_core.shell[0m [1;30mINFO[0m Skip shell extension 'powershell' for command environment: Not usable outside of PowerShell
[1.481s] [34mcolcon.colcon_core.shell[0m [1;30mDEBUG[0m [32mSkip shell extension 'dsv' for command environment[0m
[1.601s] [34mcolcon.colcon_core.task.python.build[0m [1;30mINFO[0m Building Python package in '/home/kkkk/bxi_arm_v2/src/elf3_arm_ikpy_control_pico'
[1.602s] [34mcolcon.colcon_core.shell[0m [1;30mINFO[0m Skip shell extension 'powershell' for command environment: Not usable outside of PowerShell
[1.602s] [34mcolcon.colcon_core.shell[0m [1;30mDEBUG[0m [32mSkip shell extension 'dsv' for command environment[0m
[1.718s] [34mcolcon.colcon_core.task.python.build[0m [1;30mINFO[0m Building Python package in '/home/kkkk/bxi_arm_v2/src/fake_trigger'
[1.718s] [34mcolcon.colcon_core.shell[0m [1;30mINFO[0m Skip shell extension 'powershell' for command environment: Not usable outside of PowerShell
[1.718s] [34mcolcon.colcon_core.shell[0m [1;30mDEBUG[0m [32mSkip shell extension 'dsv' for command environment[0m
[1.728s] [34mcolcon.colcon_core.event_handler.log_command[0m [1;30mDEBUG[0m [32mInvoked command in '/home/kkkk/bxi_arm_v2/build/bxi_example_arm' returned '0': CMAKE_PREFIX_PATH=${CMAKE_PREFIX_PATH}:/home/kkkk/moveit2/install/moveit_configs_utils:/home/kkkk/moveit2/install/launch_param_builder:/opt/ros/humble CONDA_PROMPT_MODIFIER=(ikpy) /usr/bin/cmake /home/kkkk/bxi_arm_v2/src/bxi_rl_controller_ros2_example/src/bxi_example_arm -DCMAKE_BUILD_TYPE=Release -DCMAKE_EXPORT_COMPILE_COMMANDS=ON -DCMAKE_INSTALL_PREFIX=/home/kkkk/bxi_arm_v2/install/bxi_example_arm[0m
[1.729s] [34mcolcon.colcon_core.event_handler.log_command[0m [1;30mDEBUG[0m [32mInvoking command in '/home/kkkk/bxi_arm_v2/build/bxi_example_arm': CMAKE_PREFIX_PATH=${CMAKE_PREFIX_PATH}:/home/kkkk/moveit2/install/moveit_configs_utils:/home/kkkk/moveit2/install/launch_param_builder:/opt/ros/humble CONDA_PROMPT_MODIFIER=(ikpy) /usr/bin/cmake --build /home/kkkk/bxi_arm_v2/build/bxi_example_arm -- -j16 -l16[0m
[1.729s] [34mcolcon.colcon_core.event_handler.log_command[0m [1;30mDEBUG[0m [32mInvoked command in '/home/kkkk/bxi_arm_v2/build/bxi_example' returned '0': CMAKE_PREFIX_PATH=${CMAKE_PREFIX_PATH}:/home/kkkk/moveit2/install/moveit_configs_utils:/home/kkkk/moveit2/install/launch_param_builder:/opt/ros/humble CONDA_PROMPT_MODIFIER=(ikpy) /usr/bin/cmake /home/kkkk/bxi_arm_v2/src/bxi_rl_controller_ros2_example/src/bxi_example -DCMAKE_BUILD_TYPE=Release -DCMAKE_EXPORT_COMPILE_COMMANDS=ON -DCMAKE_INSTALL_PREFIX=/home/kkkk/bxi_arm_v2/install/bxi_example[0m
[1.730s] [34mcolcon.colcon_core.event_handler.log_command[0m [1;30mDEBUG[0m [32mInvoking command in '/home/kkkk/bxi_arm_v2/build/bxi_example': CMAKE_PREFIX_PATH=${CMAKE_PREFIX_PATH}:/home/kkkk/moveit2/install/moveit_configs_utils:/home/kkkk/moveit2/install/launch_param_builder:/opt/ros/humble CONDA_PROMPT_MODIFIER=(ikpy) /usr/bin/cmake --build /home/kkkk/bxi_arm_v2/build/bxi_example -- -j16 -l16[0m
[1.846s] [34mcolcon.colcon_core.task.python.build[0m [1;30mINFO[0m Building Python package in '/home/kkkk/bxi_arm_v2/src/hand_control'
[1.846s] [34mcolcon.colcon_core.shell[0m [1;30mINFO[0m Skip shell extension 'powershell' for command environment: Not usable outside of PowerShell
[1.846s] [34mcolcon.colcon_core.shell[0m [1;30mDEBUG[0m [32mSkip shell extension 'dsv' for command environment[0m
[1.903s] [34mcolcon.colcon_core.event_handler.log_command[0m [1;30mDEBUG[0m [32mInvoked command in '/home/kkkk/bxi_arm_v2/build/aero_hand_open_msgs' returned '0': CMAKE_PREFIX_PATH=${CMAKE_PREFIX_PATH}:/home/kkkk/moveit2/install/moveit_configs_utils:/home/kkkk/moveit2/install/launch_param_builder:/opt/ros/humble CONDA_PROMPT_MODIFIER=(ikpy) /usr/bin/cmake /home/kkkk/bxi_arm_v2/src/aero-hand-open/src/aero_hand_open_msgs -DCMAKE_BUILD_TYPE=Release -DCMAKE_EXPORT_COMPILE_COMMANDS=ON -DCMAKE_INSTALL_PREFIX=/home/kkkk/bxi_arm_v2/install/aero_hand_open_msgs[0m
[1.904s] [34mcolcon.colcon_core.event_handler.log_command[0m [1;30mDEBUG[0m [32mInvoking command in '/home/kkkk/bxi_arm_v2/build/aero_hand_open_msgs': CMAKE_PREFIX_PATH=${CMAKE_PREFIX_PATH}:/home/kkkk/moveit2/install/moveit_configs_utils:/home/kkkk/moveit2/install/launch_param_builder:/opt/ros/humble CONDA_PROMPT_MODIFIER=(ikpy) /usr/bin/cmake --build /home/kkkk/bxi_arm_v2/build/aero_hand_open_msgs -- -j16 -l16[0m
[2.512s] [34mcolcon.colcon_core.event_handler.log_command[0m [1;30mDEBUG[0m [32mInvoking command in '/home/kkkk/bxi_arm_v2/src/elf3_arm_bringup': CONDA_PROMPT_MODIFIER=(ikpy) PYTHONPATH=/home/kkkk/bxi_arm_v2/build/elf3_arm_bringup/prefix_override:/home/kkkk/miniconda3/envs/ikpy/lib/python3.10/site-packages/colcon_core/task/python/colcon_distutils_commands:/home/kkkk/bxi_arm_v2/install/elf3_arm_bringup/lib/python3.10/site-packages:${PYTHONPATH} /home/kkkk/miniconda3/envs/ikpy/bin/python3.10 -W ignore:setup.py install is deprecated -W ignore:easy_install command is deprecated setup.py egg_info --egg-base ../../build/elf3_arm_bringup build --build-base /home/kkkk/bxi_arm_v2/build/elf3_arm_bringup/build install --record /home/kkkk/bxi_arm_v2/build/elf3_arm_bringup/install.log --single-version-externally-managed install_data[0m
[2.553s] [34mcolcon.colcon_core.event_handler.log_command[0m [1;30mDEBUG[0m [32mInvoking command in '/home/kkkk/bxi_arm_v2/src/bxi_rl_controller_ros2_example/src/bxi_example_py_elf3': CONDA_PROMPT_MODIFIER=(ikpy) PYTHONPATH=/home/kkkk/bxi_arm_v2/build/bxi_example_py_elf3/prefix_override:/home/kkkk/miniconda3/envs/ikpy/lib/python3.10/site-packages/colcon_core/task/python/colcon_distutils_commands:/home/kkkk/bxi_arm_v2/install/bxi_example_py_elf3/lib/python3.10/site-packages:${PYTHONPATH} /home/kkkk/miniconda3/envs/ikpy/bin/python3.10 -W ignore:setup.py install is deprecated -W ignore:easy_install command is deprecated setup.py egg_info --egg-base ../../../../build/bxi_example_py_elf3 build --build-base /home/kkkk/bxi_arm_v2/build/bxi_example_py_elf3/build install --record /home/kkkk/bxi_arm_v2/build/bxi_example_py_elf3/install.log --single-version-externally-managed install_data[0m
[2.563s] [34mcolcon.colcon_core.event_handler.log_command[0m [1;30mDEBUG[0m [32mInvoking command in '/home/kkkk/bxi_arm_v2/src/hand_control': CONDA_PROMPT_MODIFIER=(ikpy) PYTHONPATH=/home/kkkk/bxi_arm_v2/build/hand_control/prefix_override:/home/kkkk/miniconda3/envs/ikpy/lib/python3.10/site-packages/colcon_core/task/python/colcon_distutils_commands:/home/kkkk/bxi_arm_v2/install/hand_control/lib/python3.10/site-packages:${PYTHONPATH} /home/kkkk/miniconda3/envs/ikpy/bin/python3.10 -W ignore:setup.py install is deprecated -W ignore:easy_install command is deprecated setup.py egg_info --egg-base ../../build/hand_control build --build-base /home/kkkk/bxi_arm_v2/build/hand_control/build install --record /home/kkkk/bxi_arm_v2/build/hand_control/install.log --single-version-externally-managed install_data[0m
[2.605s] [34mcolcon.colcon_core.event_handler.log_command[0m [1;30mDEBUG[0m [32mInvoking command in '/home/kkkk/bxi_arm_v2/src/bxi_rl_controller_ros2_example/src/bxi_example_py_ankle': CONDA_PROMPT_MODIFIER=(ikpy) PYTHONPATH=/home/kkkk/bxi_arm_v2/build/bxi_example_py_ankle/prefix_override:/home/kkkk/miniconda3/envs/ikpy/lib/python3.10/site-packages/colcon_core/task/python/colcon_distutils_commands:/home/kkkk/bxi_arm_v2/install/bxi_example_py_ankle/lib/python3.10/site-packages:${PYTHONPATH} /home/kkkk/miniconda3/envs/ikpy/bin/python3.10 -W ignore:setup.py install is deprecated -W ignore:easy_install command is deprecated setup.py egg_info --egg-base ../../../../build/bxi_example_py_ankle build --build-base /home/kkkk/bxi_arm_v2/build/bxi_example_py_ankle/build install --record /home/kkkk/bxi_arm_v2/build/bxi_example_py_ankle/install.log --single-version-externally-managed install_data[0m
[2.639s] [34mcolcon.colcon_core.event_handler.log_command[0m [1;30mDEBUG[0m [32mInvoking command in '/home/kkkk/bxi_arm_v2/src/bxi_rl_controller_ros2_example/src/bxi_example_py_trunk': CONDA_PROMPT_MODIFIER=(ikpy) PYTHONPATH=/home/kkkk/bxi_arm_v2/build/bxi_example_py_trunk/prefix_override:/home/kkkk/miniconda3/envs/ikpy/lib/python3.10/site-packages/colcon_core/task/python/colcon_distutils_commands:/home/kkkk/bxi_arm_v2/install/bxi_example_py_trunk/lib/python3.10/site-packages:${PYTHONPATH} /home/kkkk/miniconda3/envs/ikpy/bin/python3.10 -W ignore:setup.py install is deprecated -W ignore:easy_install command is deprecated setup.py egg_info --egg-base ../../../../build/bxi_example_py_trunk build --build-base /home/kkkk/bxi_arm_v2/build/bxi_example_py_trunk/build install --record /home/kkkk/bxi_arm_v2/build/bxi_example_py_trunk/install.log --single-version-externally-managed install_data[0m
[2.760s] [34mcolcon.colcon_core.event_handler.log_command[0m [1;30mDEBUG[0m [32mInvoking command in '/home/kkkk/bxi_arm_v2/src/bxi_rl_controller_ros2_example/src/bxi_example_py_arm': CONDA_PROMPT_MODIFIER=(ikpy) PYTHONPATH=/home/kkkk/bxi_arm_v2/build/bxi_example_py_arm/prefix_override:/home/kkkk/miniconda3/envs/ikpy/lib/python3.10/site-packages/colcon_core/task/python/colcon_distutils_commands:/home/kkkk/bxi_arm_v2/install/bxi_example_py_arm/lib/python3.10/site-packages:${PYTHONPATH} /home/kkkk/miniconda3/envs/ikpy/bin/python3.10 -W ignore:setup.py install is deprecated -W ignore:easy_install command is deprecated setup.py egg_info --egg-base ../../../../build/bxi_example_py_arm build --build-base /home/kkkk/bxi_arm_v2/build/bxi_example_py_arm/build install --record /home/kkkk/bxi_arm_v2/build/bxi_example_py_arm/install.log --single-version-externally-managed install_data[0m
[2.777s] [34mcolcon.colcon_core.event_handler.log_command[0m [1;30mDEBUG[0m [32mInvoking command in '/home/kkkk/bxi_arm_v2/src/bxi_rl_controller_ros2_example/src/bxi_example_py_foot': CONDA_PROMPT_MODIFIER=(ikpy) PYTHONPATH=/home/kkkk/bxi_arm_v2/build/bxi_example_py_foot/prefix_override:/home/kkkk/miniconda3/envs/ikpy/lib/python3.10/site-packages/colcon_core/task/python/colcon_distutils_commands:/home/kkkk/bxi_arm_v2/install/bxi_example_py_foot/lib/python3.10/site-packages:${PYTHONPATH} /home/kkkk/miniconda3/envs/ikpy/bin/python3.10 -W ignore:setup.py install is deprecated -W ignore:easy_install command is deprecated setup.py egg_info --egg-base ../../../../build/bxi_example_py_foot build --build-base /home/kkkk/bxi_arm_v2/build/bxi_example_py_foot/build install --record /home/kkkk/bxi_arm_v2/build/bxi_example_py_foot/install.log --single-version-externally-managed install_data[0m
[2.847s] [34mcolcon.colcon_core.event_handler.log_command[0m [1;30mDEBUG[0m [32mInvoking command in '/home/kkkk/bxi_arm_v2/src/fake_trigger': CONDA_PROMPT_MODIFIER=(ikpy) PYTHONPATH=/home/kkkk/bxi_arm_v2/build/fake_trigger/prefix_override:/home/kkkk/miniconda3/envs/ikpy/lib/python3.10/site-packages/colcon_core/task/python/colcon_distutils_commands:/home/kkkk/bxi_arm_v2/install/fake_trigger/lib/python3.10/site-packages:${PYTHONPATH} /home/kkkk/miniconda3/envs/ikpy/bin/python3.10 -W ignore:setup.py install is deprecated -W ignore:easy_install command is deprecated setup.py egg_info --egg-base ../../build/fake_trigger build --build-base /home/kkkk/bxi_arm_v2/build/fake_trigger/build install --record /home/kkkk/bxi_arm_v2/build/fake_trigger/install.log --single-version-externally-managed install_data[0m
[2.860s] [34mcolcon.colcon_core.event_handler.log_command[0m [1;30mDEBUG[0m [32mInvoking command in '/home/kkkk/bxi_arm_v2/src/elf3_arm_ikpy_control_pico': CONDA_PROMPT_MODIFIER=(ikpy) PYTHONPATH=/home/kkkk/bxi_arm_v2/build/elf3_arm_ikpy_control_pico/prefix_override:/home/kkkk/miniconda3/envs/ikpy/lib/python3.10/site-packages/colcon_core/task/python/colcon_distutils_commands:/home/kkkk/bxi_arm_v2/install/elf3_arm_ikpy_control_pico/lib/python3.10/site-packages:${PYTHONPATH} /home/kkkk/miniconda3/envs/ikpy/bin/python3.10 -W ignore:setup.py install is deprecated -W ignore:easy_install command is deprecated setup.py egg_info --egg-base ../../build/elf3_arm_ikpy_control_pico build --build-base /home/kkkk/bxi_arm_v2/build/elf3_arm_ikpy_control_pico/build install --record /home/kkkk/bxi_arm_v2/build/elf3_arm_ikpy_control_pico/install.log --single-version-externally-managed install_data[0m
[2.870s] [34mcolcon.colcon_core.event_handler.log_command[0m [1;30mDEBUG[0m [32mInvoking command in '/home/kkkk/bxi_arm_v2/src/bxi_rl_controller_ros2_example/src/bxi_example_py_trunk_neck': CONDA_PROMPT_MODIFIER=(ikpy) PYTHONPATH=/home/kkkk/bxi_arm_v2/build/bxi_example_py_trunk_neck/prefix_override:/home/kkkk/miniconda3/envs/ikpy/lib/python3.10/site-packages/colcon_core/task/python/colcon_distutils_commands:/home/kkkk/bxi_arm_v2/install/bxi_example_py_trunk_neck/lib/python3.10/site-packages:${PYTHONPATH} /home/kkkk/miniconda3/envs/ikpy/bin/python3.10 -W ignore:setup.py install is deprecated -W ignore:easy_install command is deprecated setup.py egg_info --egg-base ../../../../build/bxi_example_py_trunk_neck build --build-base /home/kkkk/bxi_arm_v2/build/bxi_example_py_trunk_neck/build install --record /home/kkkk/bxi_arm_v2/build/bxi_example_py_trunk_neck/install.log --single-version-externally-managed install_data[0m
[2.885s] [34mcolcon.colcon_core.event_handler.log_command[0m [1;30mDEBUG[0m [32mInvoking command in '/home/kkkk/bxi_arm_v2/src/aero-hand-open/src/aero_hand_open_description': CONDA_PROMPT_MODIFIER=(ikpy) PYTHONPATH=/home/kkkk/bxi_arm_v2/build/aero_hand_open_description/prefix_override:/home/kkkk/miniconda3/envs/ikpy/lib/python3.10/site-packages/colcon_core/task/python/colcon_distutils_commands:/home/kkkk/bxi_arm_v2/install/aero_hand_open_description/lib/python3.10/site-packages:${PYTHONPATH} /home/kkkk/miniconda3/envs/ikpy/bin/python3.10 -W ignore:setup.py install is deprecated -W ignore:easy_install command is deprecated setup.py egg_info --egg-base ../../../../build/aero_hand_open_description build --build-base /home/kkkk/bxi_arm_v2/build/aero_hand_open_description/build install --record /home/kkkk/bxi_arm_v2/build/aero_hand_open_description/install.log --single-version-externally-managed install_data[0m
[2.922s] [34mcolcon.colcon_core.event_handler.log_command[0m [1;30mDEBUG[0m [32mInvoking command in '/home/kkkk/bxi_arm_v2/src/bxi_rl_controller_ros2_example/src/bxi_example_py_armrc': CONDA_PROMPT_MODIFIER=(ikpy) PYTHONPATH=/home/kkkk/bxi_arm_v2/build/bxi_example_py_armrc/prefix_override:/home/kkkk/miniconda3/envs/ikpy/lib/python3.10/site-packages/colcon_core/task/python/colcon_distutils_commands:/home/kkkk/bxi_arm_v2/install/bxi_example_py_armrc/lib/python3.10/site-packages:${PYTHONPATH} /home/kkkk/miniconda3/envs/ikpy/bin/python3.10 -W ignore:setup.py install is deprecated -W ignore:easy_install command is deprecated setup.py egg_info --egg-base ../../../../build/bxi_example_py_armrc build --build-base /home/kkkk/bxi_arm_v2/build/bxi_example_py_armrc/build install --record /home/kkkk/bxi_arm_v2/build/bxi_example_py_armrc/install.log --single-version-externally-managed install_data[0m
[2.967s] [34mcolcon.colcon_core.event_handler.log_command[0m [1;30mDEBUG[0m [32mInvoking command in '/home/kkkk/bxi_arm_v2/src/bxi_rl_controller_ros2_example/src/bxi_example_py': CONDA_PROMPT_MODIFIER=(ikpy) PYTHONPATH=/home/kkkk/bxi_arm_v2/build/bxi_example_py/prefix_override:/home/kkkk/miniconda3/envs/ikpy/lib/python3.10/site-packages/colcon_core/task/python/colcon_distutils_commands:/home/kkkk/bxi_arm_v2/install/bxi_example_py/lib/python3.10/site-packages:${PYTHONPATH} /home/kkkk/miniconda3/envs/ikpy/bin/python3.10 -W ignore:setup.py install is deprecated -W ignore:easy_install command is deprecated setup.py egg_info --egg-base ../../../../build/bxi_example_py build --build-base /home/kkkk/bxi_arm_v2/build/bxi_example_py/build install --record /home/kkkk/bxi_arm_v2/build/bxi_example_py/install.log --single-version-externally-managed install_data[0m
[3.319s] [34mcolcon.colcon_core.event_handler.log_command[0m [1;30mDEBUG[0m [32mInvoked command in '/home/kkkk/bxi_arm_v2/src/elf3_arm_bringup' returned '0': CONDA_PROMPT_MODIFIER=(ikpy) PYTHONPATH=/home/kkkk/bxi_arm_v2/build/elf3_arm_bringup/prefix_override:/home/kkkk/miniconda3/envs/ikpy/lib/python3.10/site-packages/colcon_core/task/python/colcon_distutils_commands:/home/kkkk/bxi_arm_v2/install/elf3_arm_bringup/lib/python3.10/site-packages:${PYTHONPATH} /home/kkkk/miniconda3/envs/ikpy/bin/python3.10 -W ignore:setup.py install is deprecated -W ignore:easy_install command is deprecated setup.py egg_info --egg-base ../../build/elf3_arm_bringup build --build-base /home/kkkk/bxi_arm_v2/build/elf3_arm_bringup/build install --record /home/kkkk/bxi_arm_v2/build/elf3_arm_bringup/install.log --single-version-externally-managed install_data[0m
[3.324s] [34mcolcon.colcon_core.environment[0m [1;30mLevel 1[0m checking '/home/kkkk/bxi_arm_v2/install/elf3_arm_bringup' for CMake module files
[3.325s] [34mcolcon.colcon_core.environment[0m [1;30mLevel 1[0m checking '/home/kkkk/bxi_arm_v2/install/elf3_arm_bringup' for CMake config files
[3.326s] [34mcolcon.colcon_core.environment[0m [1;30mLevel 1[0m checking '/home/kkkk/bxi_arm_v2/install/elf3_arm_bringup/lib'
[3.329s] [34mcolcon.colcon_core.environment[0m [1;30mLevel 1[0m checking '/home/kkkk/bxi_arm_v2/install/elf3_arm_bringup/bin'
[3.330s] [34mcolcon.colcon_core.environment[0m [1;30mLevel 1[0m checking '/home/kkkk/bxi_arm_v2/install/elf3_arm_bringup/lib/pkgconfig/elf3_arm_bringup.pc'
[3.330s] [34mcolcon.colcon_core.environment[0m [1;30mLevel 1[0m checking '/home/kkkk/bxi_arm_v2/install/elf3_arm_bringup/lib/python3.10/site-packages'
[3.333s] [34mcolcon.colcon_core.shell[0m [1;30mLevel 1[0m create_environment_hook('elf3_arm_bringup', 'pythonpath')
[3.333s] [34mcolcon.colcon_core.shell[0m [1;30mINFO[0m Creating environment hook '/home/kkkk/bxi_arm_v2/install/elf3_arm_bringup/share/elf3_arm_bringup/hook/pythonpath.ps1'
[3.334s] [34mcolcon.colcon_core.shell[0m [1;30mINFO[0m Creating environment descriptor '/home/kkkk/bxi_arm_v2/install/elf3_arm_bringup/share/elf3_arm_bringup/hook/pythonpath.dsv'
[3.334s] [34mcolcon.colcon_core.shell[0m [1;30mINFO[0m Creating environment hook '/home/kkkk/bxi_arm_v2/install/elf3_arm_bringup/share/elf3_arm_bringup/hook/pythonpath.sh'
[3.335s] [34mcolcon.colcon_core.environment[0m [1;30mLevel 1[0m checking '/home/kkkk/bxi_arm_v2/install/elf3_arm_bringup/bin'
[3.335s] [34mcolcon.colcon_core.environment[0m [1;30mLevel 1[0m create_environment_scripts_only(elf3_arm_bringup)
[3.335s] [34mcolcon.colcon_core.shell[0m [1;30mINFO[0m Creating package script '/home/kkkk/bxi_arm_v2/install/elf3_arm_bringup/share/elf3_arm_bringup/package.ps1'
[3.340s] [34mcolcon.colcon_core.shell[0m [1;30mINFO[0m Creating package descriptor '/home/kkkk/bxi_arm_v2/install/elf3_arm_bringup/share/elf3_arm_bringup/package.dsv'
[3.341s] [34mcolcon.colcon_core.shell[0m [1;30mINFO[0m Creating package script '/home/kkkk/bxi_arm_v2/install/elf3_arm_bringup/share/elf3_arm_bringup/package.sh'
[3.342s] [34mcolcon.colcon_core.shell[0m [1;30mINFO[0m Creating package script '/home/kkkk/bxi_arm_v2/install/elf3_arm_bringup/share/elf3_arm_bringup/package.bash'
[3.342s] [34mcolcon.colcon_core.shell[0m [1;30mINFO[0m Creating package script '/home/kkkk/bxi_arm_v2/install/elf3_arm_bringup/share/elf3_arm_bringup/package.zsh'
[3.343s] [34mcolcon.colcon_core.environment[0m [1;30mLevel 1[0m create_file_with_runtime_dependencies(/home/kkkk/bxi_arm_v2/install/elf3_arm_bringup/share/colcon-core/packages/elf3_arm_bringup)
[3.351s] [34mcolcon.colcon_ros.task.ament_cmake.build[0m [1;30mINFO[0m Building ROS package in '/home/kkkk/bxi_arm_v2/src/pico_bxi_server' with build type 'ament_cmake'
[3.351s] [34mcolcon.colcon_cmake.task.cmake.build[0m [1;30mINFO[0m Building CMake package in '/home/kkkk/bxi_arm_v2/src/pico_bxi_server'
[3.352s] [34mcolcon.colcon_core.shell[0m [1;30mINFO[0m Skip shell extension 'powershell' for command environment: Not usable outside of PowerShell
[3.352s] [34mcolcon.colcon_core.shell[0m [1;30mDEBUG[0m [32mSkip shell extension 'dsv' for command environment[0m
[3.375s] [34mcolcon.colcon_core.environment[0m [1;30mLevel 1[0m checking '/home/kkkk/bxi_arm_v2/install/hand_control' for CMake module files
[3.376s] [34mcolcon.colcon_core.environment[0m [1;30mLevel 1[0m checking '/home/kkkk/bxi_arm_v2/install/hand_control' for CMake config files
[3.376s] [34mcolcon.colcon_core.environment[0m [1;30mLevel 1[0m checking '/home/kkkk/bxi_arm_v2/install/hand_control/lib'
[3.376s] [34mcolcon.colcon_core.environment[0m [1;30mLevel 1[0m checking '/home/kkkk/bxi_arm_v2/install/hand_control/bin'
[3.376s] [34mcolcon.colcon_core.environment[0m [1;30mLevel 1[0m checking '/home/kkkk/bxi_arm_v2/install/hand_control/lib/pkgconfig/hand_control.pc'
[3.377s] [34mcolcon.colcon_core.environment[0m [1;30mLevel 1[0m checking '/home/kkkk/bxi_arm_v2/install/hand_control/lib/python3.10/site-packages'
[3.377s] [34mcolcon.colcon_core.shell[0m [1;30mLevel 1[0m create_environment_hook('hand_control', 'pythonpath')
[3.377s] [34mcolcon.colcon_core.shell[0m [1;30mINFO[0m Creating environment hook '/home/kkkk/bxi_arm_v2/install/hand_control/share/hand_control/hook/pythonpath.ps1'
[3.378s] [34mcolcon.colcon_core.event_handler.log_command[0m [1;30mDEBUG[0m [32mInvoked command in '/home/kkkk/bxi_arm_v2/src/hand_control' returned '0': CONDA_PROMPT_MODIFIER=(ikpy) PYTHONPATH=/home/kkkk/bxi_arm_v2/build/hand_control/prefix_override:/home/kkkk/miniconda3/envs/ikpy/lib/python3.10/site-packages/colcon_core/task/python/colcon_distutils_commands:/home/kkkk/bxi_arm_v2/install/hand_control/lib/python3.10/site-packages:${PYTHONPATH} /home/kkkk/miniconda3/envs/ikpy/bin/python3.10 -W ignore:setup.py install is deprecated -W ignore:easy_install command is deprecated setup.py egg_info --egg-base ../../build/hand_control build --build-base /home/kkkk/bxi_arm_v2/build/hand_control/build install --record /home/kkkk/bxi_arm_v2/build/hand_control/install.log --single-version-externally-managed install_data[0m
[3.382s] [34mcolcon.colcon_core.shell[0m [1;30mINFO[0m Creating environment descriptor '/home/kkkk/bxi_arm_v2/install/hand_control/share/hand_control/hook/pythonpath.dsv'
[3.383s] [34mcolcon.colcon_core.shell[0m [1;30mINFO[0m Creating environment hook '/home/kkkk/bxi_arm_v2/install/hand_control/share/hand_control/hook/pythonpath.sh'
[3.383s] [34mcolcon.colcon_core.environment[0m [1;30mLevel 1[0m checking '/home/kkkk/bxi_arm_v2/install/hand_control/bin'
[3.384s] [34mcolcon.colcon_core.environment[0m [1;30mLevel 1[0m create_environment_scripts_only(hand_control)
[3.384s] [34mcolcon.colcon_core.shell[0m [1;30mINFO[0m Creating package script '/home/kkkk/bxi_arm_v2/install/hand_control/share/hand_control/package.ps1'
[3.389s] [34mcolcon.colcon_core.shell[0m [1;30mINFO[0m Creating package descriptor '/home/kkkk/bxi_arm_v2/install/hand_control/share/hand_control/package.dsv'
[3.389s] [34mcolcon.colcon_core.shell[0m [1;30mINFO[0m Creating package script '/home/kkkk/bxi_arm_v2/install/hand_control/share/hand_control/package.sh'
[3.390s] [34mcolcon.colcon_core.shell[0m [1;30mINFO[0m Creating package script '/home/kkkk/bxi_arm_v2/install/hand_control/share/hand_control/package.bash'
[3.390s] [34mcolcon.colcon_core.shell[0m [1;30mINFO[0m Creating package script '/home/kkkk/bxi_arm_v2/install/hand_control/share/hand_control/package.zsh'
[3.390s] [34mcolcon.colcon_core.environment[0m [1;30mLevel 1[0m create_file_with_runtime_dependencies(/home/kkkk/bxi_arm_v2/install/hand_control/share/colcon-core/packages/hand_control)
[3.391s] [34mcolcon.colcon_ros.task.ament_cmake.build[0m [1;30mINFO[0m Building ROS package in '/home/kkkk/bxi_arm_v2/src/bxi_rl_controller_ros2_example/src/remote_controller' with build type 'ament_cmake'
[3.391s] [34mcolcon.colcon_cmake.task.cmake.build[0m [1;30mINFO[0m Building CMake package in '/home/kkkk/bxi_arm_v2/src/bxi_rl_controller_ros2_example/src/remote_controller'
[3.391s] [34mcolcon.colcon_core.shell[0m [1;30mINFO[0m Skip shell extension 'powershell' for command environment: Not usable outside of PowerShell
[3.392s] [34mcolcon.colcon_core.shell[0m [1;30mDEBUG[0m [32mSkip shell extension 'dsv' for command environment[0m
[3.429s] [34mcolcon.colcon_core.environment[0m [1;30mLevel 1[0m checking '/home/kkkk/bxi_arm_v2/install/bxi_example_py_trunk' for CMake module files
[3.432s] [34mcolcon.colcon_core.event_handler.log_command[0m [1;30mDEBUG[0m [32mInvoking command in '/home/kkkk/bxi_arm_v2/build/pico_bxi_server': CMAKE_PREFIX_PATH=${CMAKE_PREFIX_PATH}:/home/kkkk/moveit2/install/moveit_configs_utils:/home/kkkk/moveit2/install/launch_param_builder:/opt/ros/humble CONDA_PROMPT_MODIFIER=(ikpy) /usr/bin/cmake /home/kkkk/bxi_arm_v2/src/pico_bxi_server -DCMAKE_BUILD_TYPE=Release -DCMAKE_EXPORT_COMPILE_COMMANDS=ON -DCMAKE_INSTALL_PREFIX=/home/kkkk/bxi_arm_v2/install/pico_bxi_server[0m
[3.433s] [34mcolcon.colcon_core.event_handler.log_command[0m [1;30mDEBUG[0m [32mInvoking command in '/home/kkkk/bxi_arm_v2/build/remote_controller': CMAKE_PREFIX_PATH=${CMAKE_PREFIX_PATH}:/home/kkkk/moveit2/install/moveit_configs_utils:/home/kkkk/moveit2/install/launch_param_builder:/opt/ros/humble CONDA_PROMPT_MODIFIER=(ikpy) /usr/bin/cmake /home/kkkk/bxi_arm_v2/src/bxi_rl_controller_ros2_example/src/remote_controller -DCMAKE_BUILD_TYPE=Release -DCMAKE_EXPORT_COMPILE_COMMANDS=ON -DCMAKE_INSTALL_PREFIX=/home/kkkk/bxi_arm_v2/install/remote_controller[0m
[3.434s] [34mcolcon.colcon_core.event_handler.log_command[0m [1;30mDEBUG[0m [32mInvoked command in '/home/kkkk/bxi_arm_v2/src/bxi_rl_controller_ros2_example/src/bxi_example_py_trunk' returned '0': CONDA_PROMPT_MODIFIER=(ikpy) PYTHONPATH=/home/kkkk/bxi_arm_v2/build/bxi_example_py_trunk/prefix_override:/home/kkkk/miniconda3/envs/ikpy/lib/python3.10/site-packages/colcon_core/task/python/colcon_distutils_commands:/home/kkkk/bxi_arm_v2/install/bxi_example_py_trunk/lib/python3.10/site-packages:${PYTHONPATH} /home/kkkk/miniconda3/envs/ikpy/bin/python3.10 -W ignore:setup.py install is deprecated -W ignore:easy_install command is deprecated setup.py egg_info --egg-base ../../../../build/bxi_example_py_trunk build --build-base /home/kkkk/bxi_arm_v2/build/bxi_example_py_trunk/build install --record /home/kkkk/bxi_arm_v2/build/bxi_example_py_trunk/install.log --single-version-externally-managed install_data[0m
[3.434s] [34mcolcon.colcon_core.environment[0m [1;30mLevel 1[0m checking '/home/kkkk/bxi_arm_v2/install/bxi_example_py_trunk' for CMake config files
[3.435s] [34mcolcon.colcon_core.environment[0m [1;30mLevel 1[0m checking '/home/kkkk/bxi_arm_v2/install/bxi_example_py_trunk/lib'
[3.435s] [34mcolcon.colcon_core.environment[0m [1;30mLevel 1[0m checking '/home/kkkk/bxi_arm_v2/install/bxi_example_py_trunk/bin'
[3.435s] [34mcolcon.colcon_core.environment[0m [1;30mLevel 1[0m checking '/home/kkkk/bxi_arm_v2/install/bxi_example_py_trunk/lib/pkgconfig/bxi_example_py_trunk.pc'
[3.435s] [34mcolcon.colcon_core.environment[0m [1;30mLevel 1[0m checking '/home/kkkk/bxi_arm_v2/install/bxi_example_py_trunk/lib/python3.10/site-packages'
[3.435s] [34mcolcon.colcon_core.shell[0m [1;30mLevel 1[0m create_environment_hook('bxi_example_py_trunk', 'pythonpath')
[3.436s] [34mcolcon.colcon_core.shell[0m [1;30mINFO[0m Creating environment hook '/home/kkkk/bxi_arm_v2/install/bxi_example_py_trunk/share/bxi_example_py_trunk/hook/pythonpath.ps1'
[3.436s] [34mcolcon.colcon_core.shell[0m [1;30mINFO[0m Creating environment descriptor '/home/kkkk/bxi_arm_v2/install/bxi_example_py_trunk/share/bxi_example_py_trunk/hook/pythonpath.dsv'
[3.436s] [34mcolcon.colcon_core.shell[0m [1;30mINFO[0m Creating environment hook '/home/kkkk/bxi_arm_v2/install/bxi_example_py_trunk/share/bxi_example_py_trunk/hook/pythonpath.sh'
[3.437s] [34mcolcon.colcon_core.environment[0m [1;30mLevel 1[0m checking '/home/kkkk/bxi_arm_v2/install/bxi_example_py_trunk/bin'
[3.438s] [34mcolcon.colcon_core.environment[0m [1;30mLevel 1[0m create_environment_scripts_only(bxi_example_py_trunk)
[3.440s] [34mcolcon.colcon_core.shell[0m [1;30mINFO[0m Creating package script '/home/kkkk/bxi_arm_v2/install/bxi_example_py_trunk/share/bxi_example_py_trunk/package.ps1'
[3.445s] [34mcolcon.colcon_core.shell[0m [1;30mINFO[0m Creating package descriptor '/home/kkkk/bxi_arm_v2/install/bxi_example_py_trunk/share/bxi_example_py_trunk/package.dsv'
[3.446s] [34mcolcon.colcon_core.shell[0m [1;30mINFO[0m Creating package script '/home/kkkk/bxi_arm_v2/install/bxi_example_py_trunk/share/bxi_example_py_trunk/package.sh'
[3.447s] [34mcolcon.colcon_core.shell[0m [1;30mINFO[0m Creating package script '/home/kkkk/bxi_arm_v2/install/bxi_example_py_trunk/share/bxi_example_py_trunk/package.bash'
[3.447s] [34mcolcon.colcon_core.shell[0m [1;30mINFO[0m Creating package script '/home/kkkk/bxi_arm_v2/install/bxi_example_py_trunk/share/bxi_example_py_trunk/package.zsh'
[3.448s] [34mcolcon.colcon_core.environment[0m [1;30mLevel 1[0m create_file_with_runtime_dependencies(/home/kkkk/bxi_arm_v2/install/bxi_example_py_trunk/share/colcon-core/packages/bxi_example_py_trunk)
[3.561s] [34mcolcon.colcon_core.environment[0m [1;30mLevel 1[0m checking '/home/kkkk/bxi_arm_v2/install/bxi_example_py_foot' for CMake module files
[3.562s] [34mcolcon.colcon_core.environment[0m [1;30mLevel 1[0m checking '/home/kkkk/bxi_arm_v2/install/bxi_example_py_foot' for CMake config files
[3.563s] [34mcolcon.colcon_core.environment[0m [1;30mLevel 1[0m checking '/home/kkkk/bxi_arm_v2/install/bxi_example_py_foot/lib'
[3.563s] [34mcolcon.colcon_core.environment[0m [1;30mLevel 1[0m checking '/home/kkkk/bxi_arm_v2/install/bxi_example_py_foot/bin'
[3.563s] [34mcolcon.colcon_core.environment[0m [1;30mLevel 1[0m checking '/home/kkkk/bxi_arm_v2/install/bxi_example_py_foot/lib/pkgconfig/bxi_example_py_foot.pc'
[3.563s] [34mcolcon.colcon_core.environment[0m [1;30mLevel 1[0m checking '/home/kkkk/bxi_arm_v2/install/bxi_example_py_foot/lib/python3.10/site-packages'
[3.563s] [34mcolcon.colcon_core.shell[0m [1;30mLevel 1[0m create_environment_hook('bxi_example_py_foot', 'pythonpath')
[3.564s] [34mcolcon.colcon_core.shell[0m [1;30mINFO[0m Creating environment hook '/home/kkkk/bxi_arm_v2/install/bxi_example_py_foot/share/bxi_example_py_foot/hook/pythonpath.ps1'
[3.568s] [34mcolcon.colcon_core.shell[0m [1;30mINFO[0m Creating environment descriptor '/home/kkkk/bxi_arm_v2/install/bxi_example_py_foot/share/bxi_example_py_foot/hook/pythonpath.dsv'
[3.569s] [34mcolcon.colcon_core.event_handler.log_command[0m [1;30mDEBUG[0m [32mInvoked command in '/home/kkkk/bxi_arm_v2/src/bxi_rl_controller_ros2_example/src/bxi_example_py_foot' returned '0': CONDA_PROMPT_MODIFIER=(ikpy) PYTHONPATH=/home/kkkk/bxi_arm_v2/build/bxi_example_py_foot/prefix_override:/home/kkkk/miniconda3/envs/ikpy/lib/python3.10/site-packages/colcon_core/task/python/colcon_distutils_commands:/home/kkkk/bxi_arm_v2/install/bxi_example_py_foot/lib/python3.10/site-packages:${PYTHONPATH} /home/kkkk/miniconda3/envs/ikpy/bin/python3.10 -W ignore:setup.py install is deprecated -W ignore:easy_install command is deprecated setup.py egg_info --egg-base ../../../../build/bxi_example_py_foot build --build-base /home/kkkk/bxi_arm_v2/build/bxi_example_py_foot/build install --record /home/kkkk/bxi_arm_v2/build/bxi_example_py_foot/install.log --single-version-externally-managed install_data[0m
[3.569s] [34mcolcon.colcon_core.shell[0m [1;30mINFO[0m Creating environment hook '/home/kkkk/bxi_arm_v2/install/bxi_example_py_foot/share/bxi_example_py_foot/hook/pythonpath.sh'
[3.570s] [34mcolcon.colcon_core.environment[0m [1;30mLevel 1[0m checking '/home/kkkk/bxi_arm_v2/install/bxi_example_py_foot/bin'
[3.570s] [34mcolcon.colcon_core.environment[0m [1;30mLevel 1[0m create_environment_scripts_only(bxi_example_py_foot)
[3.571s] [34mcolcon.colcon_core.shell[0m [1;30mINFO[0m Creating package script '/home/kkkk/bxi_arm_v2/install/bxi_example_py_foot/share/bxi_example_py_foot/package.ps1'
[3.572s] [34mcolcon.colcon_core.shell[0m [1;30mINFO[0m Creating package descriptor '/home/kkkk/bxi_arm_v2/install/bxi_example_py_foot/share/bxi_example_py_foot/package.dsv'
[3.572s] [34mcolcon.colcon_core.shell[0m [1;30mINFO[0m Creating package script '/home/kkkk/bxi_arm_v2/install/bxi_example_py_foot/share/bxi_example_py_foot/package.sh'
[3.573s] [34mcolcon.colcon_core.shell[0m [1;30mINFO[0m Creating package script '/home/kkkk/bxi_arm_v2/install/bxi_example_py_foot/share/bxi_example_py_foot/package.bash'
[3.573s] [34mcolcon.colcon_core.shell[0m [1;30mINFO[0m Creating package script '/home/kkkk/bxi_arm_v2/install/bxi_example_py_foot/share/bxi_example_py_foot/package.zsh'
[3.573s] [34mcolcon.colcon_core.environment[0m [1;30mLevel 1[0m create_file_with_runtime_dependencies(/home/kkkk/bxi_arm_v2/install/bxi_example_py_foot/share/colcon-core/packages/bxi_example_py_foot)
[3.580s] [34mcolcon.colcon_core.environment[0m [1;30mLevel 1[0m checking '/home/kkkk/bxi_arm_v2/install/bxi_example_py_arm' for CMake module files
[3.580s] [34mcolcon.colcon_core.environment[0m [1;30mLevel 1[0m checking '/home/kkkk/bxi_arm_v2/install/bxi_example_py_arm' for CMake config files
[3.581s] [34mcolcon.colcon_core.environment[0m [1;30mLevel 1[0m checking '/home/kkkk/bxi_arm_v2/install/bxi_example_py_arm/lib'
[3.581s] [34mcolcon.colcon_core.environment[0m [1;30mLevel 1[0m checking '/home/kkkk/bxi_arm_v2/install/bxi_example_py_arm/bin'
[3.581s] [34mcolcon.colcon_core.environment[0m [1;30mLevel 1[0m checking '/home/kkkk/bxi_arm_v2/install/bxi_example_py_arm/lib/pkgconfig/bxi_example_py_arm.pc'
[3.581s] [34mcolcon.colcon_core.environment[0m [1;30mLevel 1[0m checking '/home/kkkk/bxi_arm_v2/install/bxi_example_py_arm/lib/python3.10/site-packages'
[3.581s] [34mcolcon.colcon_core.shell[0m [1;30mLevel 1[0m create_environment_hook('bxi_example_py_arm', 'pythonpath')
[3.581s] [34mcolcon.colcon_core.shell[0m [1;30mINFO[0m Creating environment hook '/home/kkkk/bxi_arm_v2/install/bxi_example_py_arm/share/bxi_example_py_arm/hook/pythonpath.ps1'
[3.582s] [34mcolcon.colcon_core.shell[0m [1;30mINFO[0m Creating environment descriptor '/home/kkkk/bxi_arm_v2/install/bxi_example_py_arm/share/bxi_example_py_arm/hook/pythonpath.dsv'
[3.583s] [34mcolcon.colcon_core.event_handler.log_command[0m [1;30mDEBUG[0m [32mInvoked command in '/home/kkkk/bxi_arm_v2/src/bxi_rl_controller_ros2_example/src/bxi_example_py_arm' returned '0': CONDA_PROMPT_MODIFIER=(ikpy) PYTHONPATH=/home/kkkk/bxi_arm_v2/build/bxi_example_py_arm/prefix_override:/home/kkkk/miniconda3/envs/ikpy/lib/python3.10/site-packages/colcon_core/task/python/colcon_distutils_commands:/home/kkkk/bxi_arm_v2/install/bxi_example_py_arm/lib/python3.10/site-packages:${PYTHONPATH} /home/kkkk/miniconda3/envs/ikpy/bin/python3.10 -W ignore:setup.py install is deprecated -W ignore:easy_install command is deprecated setup.py egg_info --egg-base ../../../../build/bxi_example_py_arm build --build-base /home/kkkk/bxi_arm_v2/build/bxi_example_py_arm/build install --record /home/kkkk/bxi_arm_v2/build/bxi_example_py_arm/install.log --single-version-externally-managed install_data[0m
[3.585s] [34mcolcon.colcon_core.shell[0m [1;30mINFO[0m Creating environment hook '/home/kkkk/bxi_arm_v2/install/bxi_example_py_arm/share/bxi_example_py_arm/hook/pythonpath.sh'
[3.586s] [34mcolcon.colcon_core.environment[0m [1;30mLevel 1[0m checking '/home/kkkk/bxi_arm_v2/install/bxi_example_py_arm/bin'
[3.586s] [34mcolcon.colcon_core.environment[0m [1;30mLevel 1[0m create_environment_scripts_only(bxi_example_py_arm)
[3.586s] [34mcolcon.colcon_core.shell[0m [1;30mINFO[0m Creating package script '/home/kkkk/bxi_arm_v2/install/bxi_example_py_arm/share/bxi_example_py_arm/package.ps1'
[3.591s] [34mcolcon.colcon_core.shell[0m [1;30mINFO[0m Creating package descriptor '/home/kkkk/bxi_arm_v2/install/bxi_example_py_arm/share/bxi_example_py_arm/package.dsv'
[3.592s] [34mcolcon.colcon_core.shell[0m [1;30mINFO[0m Creating package script '/home/kkkk/bxi_arm_v2/install/bxi_example_py_arm/share/bxi_example_py_arm/package.sh'
[3.592s] [34mcolcon.colcon_core.shell[0m [1;30mINFO[0m Creating package script '/home/kkkk/bxi_arm_v2/install/bxi_example_py_arm/share/bxi_example_py_arm/package.bash'
[3.593s] [34mcolcon.colcon_core.shell[0m [1;30mINFO[0m Creating package script '/home/kkkk/bxi_arm_v2/install/bxi_example_py_arm/share/bxi_example_py_arm/package.zsh'
[3.593s] [34mcolcon.colcon_core.environment[0m [1;30mLevel 1[0m create_file_with_runtime_dependencies(/home/kkkk/bxi_arm_v2/install/bxi_example_py_arm/share/colcon-core/packages/bxi_example_py_arm)
[3.785s] [34mcolcon.colcon_core.environment[0m [1;30mLevel 1[0m checking '/home/kkkk/bxi_arm_v2/install/bxi_example_py_ankle' for CMake module files
[3.786s] [34mcolcon.colcon_core.event_handler.log_command[0m [1;30mDEBUG[0m [32mInvoked command in '/home/kkkk/bxi_arm_v2/src/bxi_rl_controller_ros2_example/src/bxi_example_py_ankle' returned '0': CONDA_PROMPT_MODIFIER=(ikpy) PYTHONPATH=/home/kkkk/bxi_arm_v2/build/bxi_example_py_ankle/prefix_override:/home/kkkk/miniconda3/envs/ikpy/lib/python3.10/site-packages/colcon_core/task/python/colcon_distutils_commands:/home/kkkk/bxi_arm_v2/install/bxi_example_py_ankle/lib/python3.10/site-packages:${PYTHONPATH} /home/kkkk/miniconda3/envs/ikpy/bin/python3.10 -W ignore:setup.py install is deprecated -W ignore:easy_install command is deprecated setup.py egg_info --egg-base ../../../../build/bxi_example_py_ankle build --build-base /home/kkkk/bxi_arm_v2/build/bxi_example_py_ankle/build install --record /home/kkkk/bxi_arm_v2/build/bxi_example_py_ankle/install.log --single-version-externally-managed install_data[0m
[3.787s] [34mcolcon.colcon_core.environment[0m [1;30mLevel 1[0m checking '/home/kkkk/bxi_arm_v2/install/bxi_example_py_ankle' for CMake config files
[3.788s] [34mcolcon.colcon_core.environment[0m [1;30mLevel 1[0m checking '/home/kkkk/bxi_arm_v2/install/bxi_example_py_ankle/lib'
[3.788s] [34mcolcon.colcon_core.environment[0m [1;30mLevel 1[0m checking '/home/kkkk/bxi_arm_v2/install/bxi_example_py_ankle/bin'
[3.788s] [34mcolcon.colcon_core.environment[0m [1;30mLevel 1[0m checking '/home/kkkk/bxi_arm_v2/install/bxi_example_py_ankle/lib/pkgconfig/bxi_example_py_ankle.pc'
[3.788s] [34mcolcon.colcon_core.environment[0m [1;30mLevel 1[0m checking '/home/kkkk/bxi_arm_v2/install/bxi_example_py_ankle/lib/python3.10/site-packages'
[3.788s] [34mcolcon.colcon_core.shell[0m [1;30mLevel 1[0m create_environment_hook('bxi_example_py_ankle', 'pythonpath')
[3.789s] [34mcolcon.colcon_core.shell[0m [1;30mINFO[0m Creating environment hook '/home/kkkk/bxi_arm_v2/install/bxi_example_py_ankle/share/bxi_example_py_ankle/hook/pythonpath.ps1'
[3.791s] [34mcolcon.colcon_core.shell[0m [1;30mINFO[0m Creating environment descriptor '/home/kkkk/bxi_arm_v2/install/bxi_example_py_ankle/share/bxi_example_py_ankle/hook/pythonpath.dsv'
[3.792s] [34mcolcon.colcon_core.shell[0m [1;30mINFO[0m Creating environment hook '/home/kkkk/bxi_arm_v2/install/bxi_example_py_ankle/share/bxi_example_py_ankle/hook/pythonpath.sh'
[3.793s] [34mcolcon.colcon_core.environment[0m [1;30mLevel 1[0m checking '/home/kkkk/bxi_arm_v2/install/bxi_example_py_ankle/bin'
[3.793s] [34mcolcon.colcon_core.environment[0m [1;30mLevel 1[0m create_environment_scripts_only(bxi_example_py_ankle)
[3.794s] [34mcolcon.colcon_core.shell[0m [1;30mINFO[0m Creating package script '/home/kkkk/bxi_arm_v2/install/bxi_example_py_ankle/share/bxi_example_py_ankle/package.ps1'
[3.798s] [34mcolcon.colcon_core.shell[0m [1;30mINFO[0m Creating package descriptor '/home/kkkk/bxi_arm_v2/install/bxi_example_py_ankle/share/bxi_example_py_ankle/package.dsv'
[3.800s] [34mcolcon.colcon_core.shell[0m [1;30mINFO[0m Creating package script '/home/kkkk/bxi_arm_v2/install/bxi_example_py_ankle/share/bxi_example_py_ankle/package.sh'
[3.801s] [34mcolcon.colcon_core.shell[0m [1;30mINFO[0m Creating package script '/home/kkkk/bxi_arm_v2/install/bxi_example_py_ankle/share/bxi_example_py_ankle/package.bash'
[3.801s] [34mcolcon.colcon_core.shell[0m [1;30mINFO[0m Creating package script '/home/kkkk/bxi_arm_v2/install/bxi_example_py_ankle/share/bxi_example_py_ankle/package.zsh'
[3.801s] [34mcolcon.colcon_core.environment[0m [1;30mLevel 1[0m create_file_with_runtime_dependencies(/home/kkkk/bxi_arm_v2/install/bxi_example_py_ankle/share/colcon-core/packages/bxi_example_py_ankle)
[3.841s] [34mcolcon.colcon_core.environment[0m [1;30mLevel 1[0m checking '/home/kkkk/bxi_arm_v2/install/bxi_example_py_elf3' for CMake module files
[3.841s] [34mcolcon.colcon_core.environment[0m [1;30mLevel 1[0m checking '/home/kkkk/bxi_arm_v2/install/bxi_example_py_elf3' for CMake config files
[3.842s] [34mcolcon.colcon_core.environment[0m [1;30mLevel 1[0m checking '/home/kkkk/bxi_arm_v2/install/bxi_example_py_elf3/lib'
[3.842s] [34mcolcon.colcon_core.environment[0m [1;30mLevel 1[0m checking '/home/kkkk/bxi_arm_v2/install/bxi_example_py_elf3/bin'
[3.842s] [34mcolcon.colcon_core.environment[0m [1;30mLevel 1[0m checking '/home/kkkk/bxi_arm_v2/install/bxi_example_py_elf3/lib/pkgconfig/bxi_example_py_elf3.pc'
[3.843s] [34mcolcon.colcon_core.environment[0m [1;30mLevel 1[0m checking '/home/kkkk/bxi_arm_v2/install/bxi_example_py_elf3/lib/python3.10/site-packages'
[3.843s] [34mcolcon.colcon_core.shell[0m [1;30mLevel 1[0m create_environment_hook('bxi_example_py_elf3', 'pythonpath')
[3.846s] [34mcolcon.colcon_core.shell[0m [1;30mINFO[0m Creating environment hook '/home/kkkk/bxi_arm_v2/install/bxi_example_py_elf3/share/bxi_example_py_elf3/hook/pythonpath.ps1'
[3.848s] [34mcolcon.colcon_core.event_handler.log_command[0m [1;30mDEBUG[0m [32mInvoked command in '/home/kkkk/bxi_arm_v2/src/bxi_rl_controller_ros2_example/src/bxi_example_py_elf3' returned '0': CONDA_PROMPT_MODIFIER=(ikpy) PYTHONPATH=/home/kkkk/bxi_arm_v2/build/bxi_example_py_elf3/prefix_override:/home/kkkk/miniconda3/envs/ikpy/lib/python3.10/site-packages/colcon_core/task/python/colcon_distutils_commands:/home/kkkk/bxi_arm_v2/install/bxi_example_py_elf3/lib/python3.10/site-packages:${PYTHONPATH} /home/kkkk/miniconda3/envs/ikpy/bin/python3.10 -W ignore:setup.py install is deprecated -W ignore:easy_install command is deprecated setup.py egg_info --egg-base ../../../../build/bxi_example_py_elf3 build --build-base /home/kkkk/bxi_arm_v2/build/bxi_example_py_elf3/build install --record /home/kkkk/bxi_arm_v2/build/bxi_example_py_elf3/install.log --single-version-externally-managed install_data[0m
[3.849s] [34mcolcon.colcon_core.shell[0m [1;30mINFO[0m Creating environment descriptor '/home/kkkk/bxi_arm_v2/install/bxi_example_py_elf3/share/bxi_example_py_elf3/hook/pythonpath.dsv'
[3.849s] [34mcolcon.colcon_core.shell[0m [1;30mINFO[0m Creating environment hook '/home/kkkk/bxi_arm_v2/install/bxi_example_py_elf3/share/bxi_example_py_elf3/hook/pythonpath.sh'
[3.850s] [34mcolcon.colcon_core.environment[0m [1;30mLevel 1[0m checking '/home/kkkk/bxi_arm_v2/install/bxi_example_py_elf3/bin'
[3.854s] [34mcolcon.colcon_core.environment[0m [1;30mLevel 1[0m create_environment_scripts_only(bxi_example_py_elf3)
[3.855s] [34mcolcon.colcon_core.shell[0m [1;30mINFO[0m Creating package script '/home/kkkk/bxi_arm_v2/install/bxi_example_py_elf3/share/bxi_example_py_elf3/package.ps1'
[3.856s] [34mcolcon.colcon_core.shell[0m [1;30mINFO[0m Creating package descriptor '/home/kkkk/bxi_arm_v2/install/bxi_example_py_elf3/share/bxi_example_py_elf3/package.dsv'
[3.856s] [34mcolcon.colcon_core.shell[0m [1;30mINFO[0m Creating package script '/home/kkkk/bxi_arm_v2/install/bxi_example_py_elf3/share/bxi_example_py_elf3/package.sh'
[3.857s] [34mcolcon.colcon_core.shell[0m [1;30mINFO[0m Creating package script '/home/kkkk/bxi_arm_v2/install/bxi_example_py_elf3/share/bxi_example_py_elf3/package.bash'
[3.858s] [34mcolcon.colcon_core.shell[0m [1;30mINFO[0m Creating package script '/home/kkkk/bxi_arm_v2/install/bxi_example_py_elf3/share/bxi_example_py_elf3/package.zsh'
[3.859s] [34mcolcon.colcon_core.environment[0m [1;30mLevel 1[0m create_file_with_runtime_dependencies(/home/kkkk/bxi_arm_v2/install/bxi_example_py_elf3/share/colcon-core/packages/bxi_example_py_elf3)
[3.866s] [34mcolcon.colcon_core.environment[0m [1;30mLevel 1[0m checking '/home/kkkk/bxi_arm_v2/install/elf3_arm_ikpy_control_pico' for CMake module files
[3.867s] [34mcolcon.colcon_core.environment[0m [1;30mLevel 1[0m checking '/home/kkkk/bxi_arm_v2/install/elf3_arm_ikpy_control_pico' for CMake config files
[3.868s] [34mcolcon.colcon_core.environment[0m [1;30mLevel 1[0m checking '/home/kkkk/bxi_arm_v2/install/elf3_arm_ikpy_control_pico/lib'
[3.871s] [34mcolcon.colcon_core.environment[0m [1;30mLevel 1[0m checking '/home/kkkk/bxi_arm_v2/install/elf3_arm_ikpy_control_pico/bin'
[3.872s] [34mcolcon.colcon_core.environment[0m [1;30mLevel 1[0m checking '/home/kkkk/bxi_arm_v2/install/elf3_arm_ikpy_control_pico/lib/pkgconfig/elf3_arm_ikpy_control_pico.pc'
[3.872s] [34mcolcon.colcon_core.environment[0m [1;30mLevel 1[0m checking '/home/kkkk/bxi_arm_v2/install/elf3_arm_ikpy_control_pico/lib/python3.10/site-packages'
[3.873s] [34mcolcon.colcon_core.shell[0m [1;30mLevel 1[0m create_environment_hook('elf3_arm_ikpy_control_pico', 'pythonpath')
[3.873s] [34mcolcon.colcon_core.shell[0m [1;30mINFO[0m Creating environment hook '/home/kkkk/bxi_arm_v2/install/elf3_arm_ikpy_control_pico/share/elf3_arm_ikpy_control_pico/hook/pythonpath.ps1'
[3.874s] [34mcolcon.colcon_core.shell[0m [1;30mINFO[0m Creating environment descriptor '/home/kkkk/bxi_arm_v2/install/elf3_arm_ikpy_control_pico/share/elf3_arm_ikpy_control_pico/hook/pythonpath.dsv'
[3.872s] [34mcolcon.colcon_core.event_handler.log_command[0m [1;30mDEBUG[0m [32mInvoked command in '/home/kkkk/bxi_arm_v2/src/elf3_arm_ikpy_control_pico' returned '0': CONDA_PROMPT_MODIFIER=(ikpy) PYTHONPATH=/home/kkkk/bxi_arm_v2/build/elf3_arm_ikpy_control_pico/prefix_override:/home/kkkk/miniconda3/envs/ikpy/lib/python3.10/site-packages/colcon_core/task/python/colcon_distutils_commands:/home/kkkk/bxi_arm_v2/install/elf3_arm_ikpy_control_pico/lib/python3.10/site-packages:${PYTHONPATH} /home/kkkk/miniconda3/envs/ikpy/bin/python3.10 -W ignore:setup.py install is deprecated -W ignore:easy_install command is deprecated setup.py egg_info --egg-base ../../build/elf3_arm_ikpy_control_pico build --build-base /home/kkkk/bxi_arm_v2/build/elf3_arm_ikpy_control_pico/build install --record /home/kkkk/bxi_arm_v2/build/elf3_arm_ikpy_control_pico/install.log --single-version-externally-managed install_data[0m
[3.874s] [34mcolcon.colcon_core.shell[0m [1;30mINFO[0m Creating environment hook '/home/kkkk/bxi_arm_v2/install/elf3_arm_ikpy_control_pico/share/elf3_arm_ikpy_control_pico/hook/pythonpath.sh'
[3.875s] [34mcolcon.colcon_core.environment[0m [1;30mLevel 1[0m checking '/home/kkkk/bxi_arm_v2/install/elf3_arm_ikpy_control_pico/bin'
[3.875s] [34mcolcon.colcon_core.environment[0m [1;30mLevel 1[0m create_environment_scripts_only(elf3_arm_ikpy_control_pico)
[3.876s] [34mcolcon.colcon_core.shell[0m [1;30mINFO[0m Creating package script '/home/kkkk/bxi_arm_v2/install/elf3_arm_ikpy_control_pico/share/elf3_arm_ikpy_control_pico/package.ps1'
[3.877s] [34mcolcon.colcon_core.shell[0m [1;30mINFO[0m Creating package descriptor '/home/kkkk/bxi_arm_v2/install/elf3_arm_ikpy_control_pico/share/elf3_arm_ikpy_control_pico/package.dsv'
[3.878s] [34mcolcon.colcon_core.shell[0m [1;30mINFO[0m Creating package script '/home/kkkk/bxi_arm_v2/install/elf3_arm_ikpy_control_pico/share/elf3_arm_ikpy_control_pico/package.sh'
[3.878s] [34mcolcon.colcon_core.shell[0m [1;30mINFO[0m Creating package script '/home/kkkk/bxi_arm_v2/install/elf3_arm_ikpy_control_pico/share/elf3_arm_ikpy_control_pico/package.bash'
[3.878s] [34mcolcon.colcon_core.shell[0m [1;30mINFO[0m Creating package script '/home/kkkk/bxi_arm_v2/install/elf3_arm_ikpy_control_pico/share/elf3_arm_ikpy_control_pico/package.zsh'
[3.879s] [34mcolcon.colcon_core.environment[0m [1;30mLevel 1[0m create_file_with_runtime_dependencies(/home/kkkk/bxi_arm_v2/install/elf3_arm_ikpy_control_pico/share/colcon-core/packages/elf3_arm_ikpy_control_pico)
[3.882s] [34mcolcon.colcon_core.environment[0m [1;30mLevel 1[0m checking '/home/kkkk/bxi_arm_v2/install/bxi_example_py_trunk_neck' for CMake module files
[3.883s] [34mcolcon.colcon_core.environment[0m [1;30mLevel 1[0m checking '/home/kkkk/bxi_arm_v2/install/bxi_example_py_trunk_neck' for CMake config files
[3.883s] [34mcolcon.colcon_core.environment[0m [1;30mLevel 1[0m checking '/home/kkkk/bxi_arm_v2/install/bxi_example_py_trunk_neck/lib'
[3.884s] [34mcolcon.colcon_core.environment[0m [1;30mLevel 1[0m checking '/home/kkkk/bxi_arm_v2/install/bxi_example_py_trunk_neck/bin'
[3.884s] [34mcolcon.colcon_core.environment[0m [1;30mLevel 1[0m checking '/home/kkkk/bxi_arm_v2/install/bxi_example_py_trunk_neck/lib/pkgconfig/bxi_example_py_trunk_neck.pc'
[3.884s] [34mcolcon.colcon_core.environment[0m [1;30mLevel 1[0m checking '/home/kkkk/bxi_arm_v2/install/bxi_example_py_trunk_neck/lib/python3.10/site-packages'
[3.884s] [34mcolcon.colcon_core.shell[0m [1;30mLevel 1[0m create_environment_hook('bxi_example_py_trunk_neck', 'pythonpath')
[3.884s] [34mcolcon.colcon_core.shell[0m [1;30mINFO[0m Creating environment hook '/home/kkkk/bxi_arm_v2/install/bxi_example_py_trunk_neck/share/bxi_example_py_trunk_neck/hook/pythonpath.ps1'
[3.882s] [34mcolcon.colcon_core.event_handler.log_command[0m [1;30mDEBUG[0m [32mInvoked command in '/home/kkkk/bxi_arm_v2/src/bxi_rl_controller_ros2_example/src/bxi_example_py_trunk_neck' returned '0': CONDA_PROMPT_MODIFIER=(ikpy) PYTHONPATH=/home/kkkk/bxi_arm_v2/build/bxi_example_py_trunk_neck/prefix_override:/home/kkkk/miniconda3/envs/ikpy/lib/python3.10/site-packages/colcon_core/task/python/colcon_distutils_commands:/home/kkkk/bxi_arm_v2/install/bxi_example_py_trunk_neck/lib/python3.10/site-packages:${PYTHONPATH} /home/kkkk/miniconda3/envs/ikpy/bin/python3.10 -W ignore:setup.py install is deprecated -W ignore:easy_install command is deprecated setup.py egg_info --egg-base ../../../../build/bxi_example_py_trunk_neck build --build-base /home/kkkk/bxi_arm_v2/build/bxi_example_py_trunk_neck/build install --record /home/kkkk/bxi_arm_v2/build/bxi_example_py_trunk_neck/install.log --single-version-externally-managed install_data[0m
[3.885s] [34mcolcon.colcon_core.shell[0m [1;30mINFO[0m Creating environment descriptor '/home/kkkk/bxi_arm_v2/install/bxi_example_py_trunk_neck/share/bxi_example_py_trunk_neck/hook/pythonpath.dsv'
[3.890s] [34mcolcon.colcon_core.shell[0m [1;30mINFO[0m Creating environment hook '/home/kkkk/bxi_arm_v2/install/bxi_example_py_trunk_neck/share/bxi_example_py_trunk_neck/hook/pythonpath.sh'
[3.891s] [34mcolcon.colcon_core.environment[0m [1;30mLevel 1[0m checking '/home/kkkk/bxi_arm_v2/install/bxi_example_py_trunk_neck/bin'
[3.891s] [34mcolcon.colcon_core.environment[0m [1;30mLevel 1[0m create_environment_scripts_only(bxi_example_py_trunk_neck)
[3.891s] [34mcolcon.colcon_core.shell[0m [1;30mINFO[0m Creating package script '/home/kkkk/bxi_arm_v2/install/bxi_example_py_trunk_neck/share/bxi_example_py_trunk_neck/package.ps1'
[3.892s] [34mcolcon.colcon_core.shell[0m [1;30mINFO[0m Creating package descriptor '/home/kkkk/bxi_arm_v2/install/bxi_example_py_trunk_neck/share/bxi_example_py_trunk_neck/package.dsv'
[3.893s] [34mcolcon.colcon_core.shell[0m [1;30mINFO[0m Creating package script '/home/kkkk/bxi_arm_v2/install/bxi_example_py_trunk_neck/share/bxi_example_py_trunk_neck/package.sh'
[3.893s] [34mcolcon.colcon_core.shell[0m [1;30mINFO[0m Creating package script '/home/kkkk/bxi_arm_v2/install/bxi_example_py_trunk_neck/share/bxi_example_py_trunk_neck/package.bash'
[3.893s] [34mcolcon.colcon_core.shell[0m [1;30mINFO[0m Creating package script '/home/kkkk/bxi_arm_v2/install/bxi_example_py_trunk_neck/share/bxi_example_py_trunk_neck/package.zsh'
[3.894s] [34mcolcon.colcon_core.environment[0m [1;30mLevel 1[0m create_file_with_runtime_dependencies(/home/kkkk/bxi_arm_v2/install/bxi_example_py_trunk_neck/share/colcon-core/packages/bxi_example_py_trunk_neck)
[3.918s] [34mcolcon.colcon_core.environment[0m [1;30mLevel 1[0m checking '/home/kkkk/bxi_arm_v2/install/aero_hand_open_description' for CMake module files
[3.918s] [34mcolcon.colcon_core.environment[0m [1;30mLevel 1[0m checking '/home/kkkk/bxi_arm_v2/install/aero_hand_open_description' for CMake config files
[3.919s] [34mcolcon.colcon_core.environment[0m [1;30mLevel 1[0m checking '/home/kkkk/bxi_arm_v2/install/aero_hand_open_description/lib'
[3.919s] [34mcolcon.colcon_core.environment[0m [1;30mLevel 1[0m checking '/home/kkkk/bxi_arm_v2/install/aero_hand_open_description/bin'
[3.919s] [34mcolcon.colcon_core.environment[0m [1;30mLevel 1[0m checking '/home/kkkk/bxi_arm_v2/install/aero_hand_open_description/lib/pkgconfig/aero_hand_open_description.pc'
[3.920s] [34mcolcon.colcon_core.environment[0m [1;30mLevel 1[0m checking '/home/kkkk/bxi_arm_v2/install/aero_hand_open_description/lib/python3.10/site-packages'
[3.920s] [34mcolcon.colcon_core.shell[0m [1;30mLevel 1[0m create_environment_hook('aero_hand_open_description', 'pythonpath')
[3.923s] [34mcolcon.colcon_core.shell[0m [1;30mINFO[0m Creating environment hook '/home/kkkk/bxi_arm_v2/install/aero_hand_open_description/share/aero_hand_open_description/hook/pythonpath.ps1'
[3.925s] [34mcolcon.colcon_core.shell[0m [1;30mINFO[0m Creating environment descriptor '/home/kkkk/bxi_arm_v2/install/aero_hand_open_description/share/aero_hand_open_description/hook/pythonpath.dsv'
[3.926s] [34mcolcon.colcon_core.shell[0m [1;30mINFO[0m Creating environment hook '/home/kkkk/bxi_arm_v2/install/aero_hand_open_description/share/aero_hand_open_description/hook/pythonpath.sh'
[3.926s] [34mcolcon.colcon_core.environment[0m [1;30mLevel 1[0m checking '/home/kkkk/bxi_arm_v2/install/aero_hand_open_description/bin'
[3.926s] [34mcolcon.colcon_core.environment[0m [1;30mLevel 1[0m create_environment_scripts_only(aero_hand_open_description)
[3.927s] [34mcolcon.colcon_core.shell[0m [1;30mINFO[0m Creating package script '/home/kkkk/bxi_arm_v2/install/aero_hand_open_description/share/aero_hand_open_description/package.ps1'
[3.927s] [34mcolcon.colcon_core.shell[0m [1;30mINFO[0m Creating package descriptor '/home/kkkk/bxi_arm_v2/install/aero_hand_open_description/share/aero_hand_open_description/package.dsv'
[3.928s] [34mcolcon.colcon_core.shell[0m [1;30mINFO[0m Creating package script '/home/kkkk/bxi_arm_v2/install/aero_hand_open_description/share/aero_hand_open_description/package.sh'
[3.928s] [34mcolcon.colcon_core.shell[0m [1;30mINFO[0m Creating package script '/home/kkkk/bxi_arm_v2/install/aero_hand_open_description/share/aero_hand_open_description/package.bash'
[3.924s] [34mcolcon.colcon_core.event_handler.log_command[0m [1;30mDEBUG[0m [32mInvoked command in '/home/kkkk/bxi_arm_v2/src/aero-hand-open/src/aero_hand_open_description' returned '0': CONDA_PROMPT_MODIFIER=(ikpy) PYTHONPATH=/home/kkkk/bxi_arm_v2/build/aero_hand_open_description/prefix_override:/home/kkkk/miniconda3/envs/ikpy/lib/python3.10/site-packages/colcon_core/task/python/colcon_distutils_commands:/home/kkkk/bxi_arm_v2/install/aero_hand_open_description/lib/python3.10/site-packages:${PYTHONPATH} /home/kkkk/miniconda3/envs/ikpy/bin/python3.10 -W ignore:setup.py install is deprecated -W ignore:easy_install command is deprecated setup.py egg_info --egg-base ../../../../build/aero_hand_open_description build --build-base /home/kkkk/bxi_arm_v2/build/aero_hand_open_description/build install --record /home/kkkk/bxi_arm_v2/build/aero_hand_open_description/install.log --single-version-externally-managed install_data[0m
[3.933s] [34mcolcon.colcon_core.shell[0m [1;30mINFO[0m Creating package script '/home/kkkk/bxi_arm_v2/install/aero_hand_open_description/share/aero_hand_open_description/package.zsh'
[3.933s] [34mcolcon.colcon_core.environment[0m [1;30mLevel 1[0m create_file_with_runtime_dependencies(/home/kkkk/bxi_arm_v2/install/aero_hand_open_description/share/colcon-core/packages/aero_hand_open_description)
[3.935s] [34mcolcon.colcon_core.environment[0m [1;30mLevel 1[0m checking '/home/kkkk/bxi_arm_v2/install/bxi_example_py_armrc' for CMake module files
[3.939s] [34mcolcon.colcon_core.environment[0m [1;30mLevel 1[0m checking '/home/kkkk/bxi_arm_v2/install/bxi_example_py_armrc' for CMake config files
[3.939s] [34mcolcon.colcon_core.environment[0m [1;30mLevel 1[0m checking '/home/kkkk/bxi_arm_v2/install/bxi_example_py_armrc/lib'
[3.939s] [34mcolcon.colcon_core.environment[0m [1;30mLevel 1[0m checking '/home/kkkk/bxi_arm_v2/install/bxi_example_py_armrc/bin'
[3.939s] [34mcolcon.colcon_core.environment[0m [1;30mLevel 1[0m checking '/home/kkkk/bxi_arm_v2/install/bxi_example_py_armrc/lib/pkgconfig/bxi_example_py_armrc.pc'
[3.940s] [34mcolcon.colcon_core.environment[0m [1;30mLevel 1[0m checking '/home/kkkk/bxi_arm_v2/install/bxi_example_py_armrc/lib/python3.10/site-packages'
[3.940s] [34mcolcon.colcon_core.shell[0m [1;30mLevel 1[0m create_environment_hook('bxi_example_py_armrc', 'pythonpath')
[3.940s] [34mcolcon.colcon_core.shell[0m [1;30mINFO[0m Creating environment hook '/home/kkkk/bxi_arm_v2/install/bxi_example_py_armrc/share/bxi_example_py_armrc/hook/pythonpath.ps1'
[3.941s] [34mcolcon.colcon_core.shell[0m [1;30mINFO[0m Creating environment descriptor '/home/kkkk/bxi_arm_v2/install/bxi_example_py_armrc/share/bxi_example_py_armrc/hook/pythonpath.dsv'
[3.942s] [34mcolcon.colcon_core.event_handler.log_command[0m [1;30mDEBUG[0m [32mInvoked command in '/home/kkkk/bxi_arm_v2/src/bxi_rl_controller_ros2_example/src/bxi_example_py_armrc' returned '0': CONDA_PROMPT_MODIFIER=(ikpy) PYTHONPATH=/home/kkkk/bxi_arm_v2/build/bxi_example_py_armrc/prefix_override:/home/kkkk/miniconda3/envs/ikpy/lib/python3.10/site-packages/colcon_core/task/python/colcon_distutils_commands:/home/kkkk/bxi_arm_v2/install/bxi_example_py_armrc/lib/python3.10/site-packages:${PYTHONPATH} /home/kkkk/miniconda3/envs/ikpy/bin/python3.10 -W ignore:setup.py install is deprecated -W ignore:easy_install command is deprecated setup.py egg_info --egg-base ../../../../build/bxi_example_py_armrc build --build-base /home/kkkk/bxi_arm_v2/build/bxi_example_py_armrc/build install --record /home/kkkk/bxi_arm_v2/build/bxi_example_py_armrc/install.log --single-version-externally-managed install_data[0m
[3.942s] [34mcolcon.colcon_core.shell[0m [1;30mINFO[0m Creating environment hook '/home/kkkk/bxi_arm_v2/install/bxi_example_py_armrc/share/bxi_example_py_armrc/hook/pythonpath.sh'
[3.943s] [34mcolcon.colcon_core.environment[0m [1;30mLevel 1[0m checking '/home/kkkk/bxi_arm_v2/install/bxi_example_py_armrc/bin'
[3.943s] [34mcolcon.colcon_core.environment[0m [1;30mLevel 1[0m create_environment_scripts_only(bxi_example_py_armrc)
[3.943s] [34mcolcon.colcon_core.shell[0m [1;30mINFO[0m Creating package script '/home/kkkk/bxi_arm_v2/install/bxi_example_py_armrc/share/bxi_example_py_armrc/package.ps1'
[3.944s] [34mcolcon.colcon_core.shell[0m [1;30mINFO[0m Creating package descriptor '/home/kkkk/bxi_arm_v2/install/bxi_example_py_armrc/share/bxi_example_py_armrc/package.dsv'
[3.944s] [34mcolcon.colcon_core.shell[0m [1;30mINFO[0m Creating package script '/home/kkkk/bxi_arm_v2/install/bxi_example_py_armrc/share/bxi_example_py_armrc/package.sh'
[3.944s] [34mcolcon.colcon_core.shell[0m [1;30mINFO[0m Creating package script '/home/kkkk/bxi_arm_v2/install/bxi_example_py_armrc/share/bxi_example_py_armrc/package.bash'
[3.945s] [34mcolcon.colcon_core.shell[0m [1;30mINFO[0m Creating package script '/home/kkkk/bxi_arm_v2/install/bxi_example_py_armrc/share/bxi_example_py_armrc/package.zsh'
[3.945s] [34mcolcon.colcon_core.environment[0m [1;30mLevel 1[0m create_file_with_runtime_dependencies(/home/kkkk/bxi_arm_v2/install/bxi_example_py_armrc/share/colcon-core/packages/bxi_example_py_armrc)
[3.947s] [34mcolcon.colcon_core.environment[0m [1;30mLevel 1[0m checking '/home/kkkk/bxi_arm_v2/install/fake_trigger' for CMake module files
[3.948s] [34mcolcon.colcon_core.event_handler.log_command[0m [1;30mDEBUG[0m [32mInvoked command in '/home/kkkk/bxi_arm_v2/src/fake_trigger' returned '0': CONDA_PROMPT_MODIFIER=(ikpy) PYTHONPATH=/home/kkkk/bxi_arm_v2/build/fake_trigger/prefix_override:/home/kkkk/miniconda3/envs/ikpy/lib/python3.10/site-packages/colcon_core/task/python/colcon_distutils_commands:/home/kkkk/bxi_arm_v2/install/fake_trigger/lib/python3.10/site-packages:${PYTHONPATH} /home/kkkk/miniconda3/envs/ikpy/bin/python3.10 -W ignore:setup.py install is deprecated -W ignore:easy_install command is deprecated setup.py egg_info --egg-base ../../build/fake_trigger build --build-base /home/kkkk/bxi_arm_v2/build/fake_trigger/build install --record /home/kkkk/bxi_arm_v2/build/fake_trigger/install.log --single-version-externally-managed install_data[0m
[3.948s] [34mcolcon.colcon_core.environment[0m [1;30mLevel 1[0m checking '/home/kkkk/bxi_arm_v2/install/fake_trigger' for CMake config files
[3.949s] [34mcolcon.colcon_core.environment[0m [1;30mLevel 1[0m checking '/home/kkkk/bxi_arm_v2/install/fake_trigger/lib'
[3.949s] [34mcolcon.colcon_core.environment[0m [1;30mLevel 1[0m checking '/home/kkkk/bxi_arm_v2/install/fake_trigger/bin'
[3.949s] [34mcolcon.colcon_core.environment[0m [1;30mLevel 1[0m checking '/home/kkkk/bxi_arm_v2/install/fake_trigger/lib/pkgconfig/fake_trigger.pc'
[3.949s] [34mcolcon.colcon_core.environment[0m [1;30mLevel 1[0m checking '/home/kkkk/bxi_arm_v2/install/fake_trigger/lib/python3.10/site-packages'
[3.949s] [34mcolcon.colcon_core.shell[0m [1;30mLevel 1[0m create_environment_hook('fake_trigger', 'pythonpath')
[3.950s] [34mcolcon.colcon_core.shell[0m [1;30mINFO[0m Creating environment hook '/home/kkkk/bxi_arm_v2/install/fake_trigger/share/fake_trigger/hook/pythonpath.ps1'
[3.950s] [34mcolcon.colcon_core.shell[0m [1;30mINFO[0m Creating environment descriptor '/home/kkkk/bxi_arm_v2/install/fake_trigger/share/fake_trigger/hook/pythonpath.dsv'
[3.952s] [34mcolcon.colcon_core.shell[0m [1;30mINFO[0m Creating environment hook '/home/kkkk/bxi_arm_v2/install/fake_trigger/share/fake_trigger/hook/pythonpath.sh'
[3.954s] [34mcolcon.colcon_core.environment[0m [1;30mLevel 1[0m checking '/home/kkkk/bxi_arm_v2/install/fake_trigger/bin'
[3.954s] [34mcolcon.colcon_core.environment[0m [1;30mLevel 1[0m create_environment_scripts_only(fake_trigger)
[3.955s] [34mcolcon.colcon_core.shell[0m [1;30mINFO[0m Creating package script '/home/kkkk/bxi_arm_v2/install/fake_trigger/share/fake_trigger/package.ps1'
[3.955s] [34mcolcon.colcon_core.shell[0m [1;30mINFO[0m Creating package descriptor '/home/kkkk/bxi_arm_v2/install/fake_trigger/share/fake_trigger/package.dsv'
[3.956s] [34mcolcon.colcon_core.shell[0m [1;30mINFO[0m Creating package script '/home/kkkk/bxi_arm_v2/install/fake_trigger/share/fake_trigger/package.sh'
[3.957s] [34mcolcon.colcon_core.shell[0m [1;30mINFO[0m Creating package script '/home/kkkk/bxi_arm_v2/install/fake_trigger/share/fake_trigger/package.bash'
[3.957s] [34mcolcon.colcon_core.shell[0m [1;30mINFO[0m Creating package script '/home/kkkk/bxi_arm_v2/install/fake_trigger/share/fake_trigger/package.zsh'
[3.957s] [34mcolcon.colcon_core.environment[0m [1;30mLevel 1[0m create_file_with_runtime_dependencies(/home/kkkk/bxi_arm_v2/install/fake_trigger/share/colcon-core/packages/fake_trigger)
[3.987s] [34mcolcon.colcon_core.environment[0m [1;30mLevel 1[0m checking '/home/kkkk/bxi_arm_v2/install/bxi_example_py' for CMake module files
[3.988s] [34mcolcon.colcon_core.environment[0m [1;30mLevel 1[0m checking '/home/kkkk/bxi_arm_v2/install/bxi_example_py' for CMake config files
[3.988s] [34mcolcon.colcon_core.environment[0m [1;30mLevel 1[0m checking '/home/kkkk/bxi_arm_v2/install/bxi_example_py/lib'
[3.992s] [34mcolcon.colcon_core.environment[0m [1;30mLevel 1[0m checking '/home/kkkk/bxi_arm_v2/install/bxi_example_py/bin'
[3.993s] [34mcolcon.colcon_core.environment[0m [1;30mLevel 1[0m checking '/home/kkkk/bxi_arm_v2/install/bxi_example_py/lib/pkgconfig/bxi_example_py.pc'
[3.993s] [34mcolcon.colcon_core.environment[0m [1;30mLevel 1[0m checking '/home/kkkk/bxi_arm_v2/install/bxi_example_py/lib/python3.10/site-packages'
[3.993s] [34mcolcon.colcon_core.shell[0m [1;30mLevel 1[0m create_environment_hook('bxi_example_py', 'pythonpath')
[3.993s] [34mcolcon.colcon_core.shell[0m [1;30mINFO[0m Creating environment hook '/home/kkkk/bxi_arm_v2/install/bxi_example_py/share/bxi_example_py/hook/pythonpath.ps1'
[3.994s] [34mcolcon.colcon_core.shell[0m [1;30mINFO[0m Creating environment descriptor '/home/kkkk/bxi_arm_v2/install/bxi_example_py/share/bxi_example_py/hook/pythonpath.dsv'
[3.994s] [34mcolcon.colcon_core.shell[0m [1;30mINFO[0m Creating environment hook '/home/kkkk/bxi_arm_v2/install/bxi_example_py/share/bxi_example_py/hook/pythonpath.sh'
[3.995s] [34mcolcon.colcon_core.environment[0m [1;30mLevel 1[0m checking '/home/kkkk/bxi_arm_v2/install/bxi_example_py/bin'
[3.995s] [34mcolcon.colcon_core.environment[0m [1;30mLevel 1[0m create_environment_scripts_only(bxi_example_py)
[3.995s] [34mcolcon.colcon_core.shell[0m [1;30mINFO[0m Creating package script '/home/kkkk/bxi_arm_v2/install/bxi_example_py/share/bxi_example_py/package.ps1'
[3.989s] [34mcolcon.colcon_core.event_handler.log_command[0m [1;30mDEBUG[0m [32mInvoked command in '/home/kkkk/bxi_arm_v2/src/bxi_rl_controller_ros2_example/src/bxi_example_py' returned '0': CONDA_PROMPT_MODIFIER=(ikpy) PYTHONPATH=/home/kkkk/bxi_arm_v2/build/bxi_example_py/prefix_override:/home/kkkk/miniconda3/envs/ikpy/lib/python3.10/site-packages/colcon_core/task/python/colcon_distutils_commands:/home/kkkk/bxi_arm_v2/install/bxi_example_py/lib/python3.10/site-packages:${PYTHONPATH} /home/kkkk/miniconda3/envs/ikpy/bin/python3.10 -W ignore:setup.py install is deprecated -W ignore:easy_install command is deprecated setup.py egg_info --egg-base ../../../../build/bxi_example_py build --build-base /home/kkkk/bxi_arm_v2/build/bxi_example_py/build install --record /home/kkkk/bxi_arm_v2/build/bxi_example_py/install.log --single-version-externally-managed install_data[0m
[3.999s] [34mcolcon.colcon_core.shell[0m [1;30mINFO[0m Creating package descriptor '/home/kkkk/bxi_arm_v2/install/bxi_example_py/share/bxi_example_py/package.dsv'
[4.000s] [34mcolcon.colcon_core.shell[0m [1;30mINFO[0m Creating package script '/home/kkkk/bxi_arm_v2/install/bxi_example_py/share/bxi_example_py/package.sh'
[4.000s] [34mcolcon.colcon_core.shell[0m [1;30mINFO[0m Creating package script '/home/kkkk/bxi_arm_v2/install/bxi_example_py/share/bxi_example_py/package.bash'
[4.001s] [34mcolcon.colcon_core.shell[0m [1;30mINFO[0m Creating package script '/home/kkkk/bxi_arm_v2/install/bxi_example_py/share/bxi_example_py/package.zsh'
[4.001s] [34mcolcon.colcon_core.environment[0m [1;30mLevel 1[0m create_file_with_runtime_dependencies(/home/kkkk/bxi_arm_v2/install/bxi_example_py/share/colcon-core/packages/bxi_example_py)
[5.903s] [34mcolcon.colcon_core.event_handler.log_command[0m [1;30mDEBUG[0m [32mInvoked command in '/home/kkkk/bxi_arm_v2/build/pico_bxi_server' returned '0': CMAKE_PREFIX_PATH=${CMAKE_PREFIX_PATH}:/home/kkkk/moveit2/install/moveit_configs_utils:/home/kkkk/moveit2/install/launch_param_builder:/opt/ros/humble CONDA_PROMPT_MODIFIER=(ikpy) /usr/bin/cmake /home/kkkk/bxi_arm_v2/src/pico_bxi_server -DCMAKE_BUILD_TYPE=Release -DCMAKE_EXPORT_COMPILE_COMMANDS=ON -DCMAKE_INSTALL_PREFIX=/home/kkkk/bxi_arm_v2/install/pico_bxi_server[0m
[5.904s] [34mcolcon.colcon_core.event_handler.log_command[0m [1;30mDEBUG[0m [32mInvoking command in '/home/kkkk/bxi_arm_v2/build/pico_bxi_server': CMAKE_PREFIX_PATH=${CMAKE_PREFIX_PATH}:/home/kkkk/moveit2/install/moveit_configs_utils:/home/kkkk/moveit2/install/launch_param_builder:/opt/ros/humble CONDA_PROMPT_MODIFIER=(ikpy) /usr/bin/cmake --build /home/kkkk/bxi_arm_v2/build/pico_bxi_server -- -j16 -l16[0m
[5.979s] [34mcolcon.colcon_core.event_handler.log_command[0m [1;30mDEBUG[0m [32mInvoked command in '/home/kkkk/bxi_arm_v2/build/remote_controller' returned '0': CMAKE_PREFIX_PATH=${CMAKE_PREFIX_PATH}:/home/kkkk/moveit2/install/moveit_configs_utils:/home/kkkk/moveit2/install/launch_param_builder:/opt/ros/humble CONDA_PROMPT_MODIFIER=(ikpy) /usr/bin/cmake /home/kkkk/bxi_arm_v2/src/bxi_rl_controller_ros2_example/src/remote_controller -DCMAKE_BUILD_TYPE=Release -DCMAKE_EXPORT_COMPILE_COMMANDS=ON -DCMAKE_INSTALL_PREFIX=/home/kkkk/bxi_arm_v2/install/remote_controller[0m
[5.981s] [34mcolcon.colcon_core.event_handler.log_command[0m [1;30mDEBUG[0m [32mInvoking command in '/home/kkkk/bxi_arm_v2/build/remote_controller': CMAKE_PREFIX_PATH=${CMAKE_PREFIX_PATH}:/home/kkkk/moveit2/install/moveit_configs_utils:/home/kkkk/moveit2/install/launch_param_builder:/opt/ros/humble CONDA_PROMPT_MODIFIER=(ikpy) /usr/bin/cmake --build /home/kkkk/bxi_arm_v2/build/remote_controller -- -j16 -l16[0m
[6.217s] [34mcolcon.colcon_core.event_handler.log_command[0m [1;30mDEBUG[0m [32mInvoked command in '/home/kkkk/bxi_arm_v2/build/aero_hand_open_msgs' returned '0': CMAKE_PREFIX_PATH=${CMAKE_PREFIX_PATH}:/home/kkkk/moveit2/install/moveit_configs_utils:/home/kkkk/moveit2/install/launch_param_builder:/opt/ros/humble CONDA_PROMPT_MODIFIER=(ikpy) /usr/bin/cmake --build /home/kkkk/bxi_arm_v2/build/aero_hand_open_msgs -- -j16 -l16[0m
[6.230s] [34mcolcon.colcon_core.event_handler.log_command[0m [1;30mDEBUG[0m [32mInvoking command in '/home/kkkk/bxi_arm_v2/build/aero_hand_open_msgs': CMAKE_PREFIX_PATH=${CMAKE_PREFIX_PATH}:/home/kkkk/moveit2/install/moveit_configs_utils:/home/kkkk/moveit2/install/launch_param_builder:/opt/ros/humble CONDA_PROMPT_MODIFIER=(ikpy) /usr/bin/cmake --install /home/kkkk/bxi_arm_v2/build/aero_hand_open_msgs[0m
[6.299s] [34mcolcon.colcon_core.environment[0m [1;30mLevel 1[0m create_environment_scripts_only(aero_hand_open_msgs)
[6.300s] [34mcolcon.colcon_core.environment[0m [1;30mLevel 1[0m checking '/home/kkkk/bxi_arm_v2/install/aero_hand_open_msgs' for CMake module files
[6.300s] [34mcolcon.colcon_core.event_handler.log_command[0m [1;30mDEBUG[0m [32mInvoked command in '/home/kkkk/bxi_arm_v2/build/aero_hand_open_msgs' returned '0': CMAKE_PREFIX_PATH=${CMAKE_PREFIX_PATH}:/home/kkkk/moveit2/install/moveit_configs_utils:/home/kkkk/moveit2/install/launch_param_builder:/opt/ros/humble CONDA_PROMPT_MODIFIER=(ikpy) /usr/bin/cmake --install /home/kkkk/bxi_arm_v2/build/aero_hand_open_msgs[0m
[6.301s] [34mcolcon.colcon_core.environment[0m [1;30mLevel 1[0m checking '/home/kkkk/bxi_arm_v2/install/aero_hand_open_msgs' for CMake config files
[6.301s] [34mcolcon.colcon_core.shell[0m [1;30mLevel 1[0m create_environment_hook('aero_hand_open_msgs', 'cmake_prefix_path')
[6.302s] [34mcolcon.colcon_core.shell[0m [1;30mINFO[0m Creating environment hook '/home/kkkk/bxi_arm_v2/install/aero_hand_open_msgs/share/aero_hand_open_msgs/hook/cmake_prefix_path.ps1'
[6.302s] [34mcolcon.colcon_core.shell[0m [1;30mINFO[0m Creating environment descriptor '/home/kkkk/bxi_arm_v2/install/aero_hand_open_msgs/share/aero_hand_open_msgs/hook/cmake_prefix_path.dsv'
[6.303s] [34mcolcon.colcon_core.shell[0m [1;30mINFO[0m Creating environment hook '/home/kkkk/bxi_arm_v2/install/aero_hand_open_msgs/share/aero_hand_open_msgs/hook/cmake_prefix_path.sh'
[6.303s] [34mcolcon.colcon_core.environment[0m [1;30mLevel 1[0m checking '/home/kkkk/bxi_arm_v2/install/aero_hand_open_msgs/lib'
[6.303s] [34mcolcon.colcon_core.shell[0m [1;30mLevel 1[0m create_environment_hook('aero_hand_open_msgs', 'ld_library_path_lib')
[6.304s] [34mcolcon.colcon_core.shell[0m [1;30mINFO[0m Creating environment hook '/home/kkkk/bxi_arm_v2/install/aero_hand_open_msgs/share/aero_hand_open_msgs/hook/ld_library_path_lib.ps1'
[6.304s] [34mcolcon.colcon_core.shell[0m [1;30mINFO[0m Creating environment descriptor '/home/kkkk/bxi_arm_v2/install/aero_hand_open_msgs/share/aero_hand_open_msgs/hook/ld_library_path_lib.dsv'
[6.304s] [34mcolcon.colcon_core.shell[0m [1;30mINFO[0m Creating environment hook '/home/kkkk/bxi_arm_v2/install/aero_hand_open_msgs/share/aero_hand_open_msgs/hook/ld_library_path_lib.sh'
[6.305s] [34mcolcon.colcon_core.environment[0m [1;30mLevel 1[0m checking '/home/kkkk/bxi_arm_v2/install/aero_hand_open_msgs/bin'
[6.305s] [34mcolcon.colcon_core.environment[0m [1;30mLevel 1[0m checking '/home/kkkk/bxi_arm_v2/install/aero_hand_open_msgs/lib/pkgconfig/aero_hand_open_msgs.pc'
[6.305s] [34mcolcon.colcon_core.environment[0m [1;30mLevel 1[0m checking '/home/kkkk/bxi_arm_v2/install/aero_hand_open_msgs/lib/python3.10/site-packages'
[6.305s] [34mcolcon.colcon_core.shell[0m [1;30mLevel 1[0m create_environment_hook('aero_hand_open_msgs', 'pythonpath')
[6.305s] [34mcolcon.colcon_core.shell[0m [1;30mINFO[0m Creating environment hook '/home/kkkk/bxi_arm_v2/install/aero_hand_open_msgs/share/aero_hand_open_msgs/hook/pythonpath.ps1'
[6.306s] [34mcolcon.colcon_core.shell[0m [1;30mINFO[0m Creating environment descriptor '/home/kkkk/bxi_arm_v2/install/aero_hand_open_msgs/share/aero_hand_open_msgs/hook/pythonpath.dsv'
[6.306s] [34mcolcon.colcon_core.shell[0m [1;30mINFO[0m Creating environment hook '/home/kkkk/bxi_arm_v2/install/aero_hand_open_msgs/share/aero_hand_open_msgs/hook/pythonpath.sh'
[6.306s] [34mcolcon.colcon_core.environment[0m [1;30mLevel 1[0m checking '/home/kkkk/bxi_arm_v2/install/aero_hand_open_msgs/bin'
[6.307s] [34mcolcon.colcon_core.shell[0m [1;30mINFO[0m Creating package script '/home/kkkk/bxi_arm_v2/install/aero_hand_open_msgs/share/aero_hand_open_msgs/package.ps1'
[6.307s] [34mcolcon.colcon_core.shell[0m [1;30mINFO[0m Creating package descriptor '/home/kkkk/bxi_arm_v2/install/aero_hand_open_msgs/share/aero_hand_open_msgs/package.dsv'
[6.308s] [34mcolcon.colcon_core.shell[0m [1;30mINFO[0m Creating package script '/home/kkkk/bxi_arm_v2/install/aero_hand_open_msgs/share/aero_hand_open_msgs/package.sh'
[6.308s] [34mcolcon.colcon_core.shell[0m [1;30mINFO[0m Creating package script '/home/kkkk/bxi_arm_v2/install/aero_hand_open_msgs/share/aero_hand_open_msgs/package.bash'
[6.309s] [34mcolcon.colcon_core.shell[0m [1;30mINFO[0m Creating package script '/home/kkkk/bxi_arm_v2/install/aero_hand_open_msgs/share/aero_hand_open_msgs/package.zsh'
[6.309s] [34mcolcon.colcon_core.environment[0m [1;30mLevel 1[0m create_file_with_runtime_dependencies(/home/kkkk/bxi_arm_v2/install/aero_hand_open_msgs/share/colcon-core/packages/aero_hand_open_msgs)
[6.310s] [34mcolcon.colcon_core.environment[0m [1;30mLevel 1[0m create_environment_scripts_only(aero_hand_open_msgs)
[6.310s] [34mcolcon.colcon_core.environment[0m [1;30mLevel 1[0m checking '/home/kkkk/bxi_arm_v2/install/aero_hand_open_msgs' for CMake module files
[6.310s] [34mcolcon.colcon_core.environment[0m [1;30mLevel 1[0m checking '/home/kkkk/bxi_arm_v2/install/aero_hand_open_msgs' for CMake config files
[6.311s] [34mcolcon.colcon_core.shell[0m [1;30mLevel 1[0m create_environment_hook('aero_hand_open_msgs', 'cmake_prefix_path')
[6.311s] [34mcolcon.colcon_core.shell[0m [1;30mINFO[0m Creating environment hook '/home/kkkk/bxi_arm_v2/install/aero_hand_open_msgs/share/aero_hand_open_msgs/hook/cmake_prefix_path.ps1'
[6.312s] [34mcolcon.colcon_core.shell[0m [1;30mINFO[0m Creating environment descriptor '/home/kkkk/bxi_arm_v2/install/aero_hand_open_msgs/share/aero_hand_open_msgs/hook/cmake_prefix_path.dsv'
[6.312s] [34mcolcon.colcon_core.shell[0m [1;30mINFO[0m Creating environment hook '/home/kkkk/bxi_arm_v2/install/aero_hand_open_msgs/share/aero_hand_open_msgs/hook/cmake_prefix_path.sh'
[6.313s] [34mcolcon.colcon_core.environment[0m [1;30mLevel 1[0m checking '/home/kkkk/bxi_arm_v2/install/aero_hand_open_msgs/lib'
[6.313s] [34mcolcon.colcon_core.shell[0m [1;30mLevel 1[0m create_environment_hook('aero_hand_open_msgs', 'ld_library_path_lib')
[6.313s] [34mcolcon.colcon_core.shell[0m [1;30mINFO[0m Creating environment hook '/home/kkkk/bxi_arm_v2/install/aero_hand_open_msgs/share/aero_hand_open_msgs/hook/ld_library_path_lib.ps1'
[6.313s] [34mcolcon.colcon_core.shell[0m [1;30mINFO[0m Creating environment descriptor '/home/kkkk/bxi_arm_v2/install/aero_hand_open_msgs/share/aero_hand_open_msgs/hook/ld_library_path_lib.dsv'
[6.314s] [34mcolcon.colcon_core.shell[0m [1;30mINFO[0m Creating environment hook '/home/kkkk/bxi_arm_v2/install/aero_hand_open_msgs/share/aero_hand_open_msgs/hook/ld_library_path_lib.sh'
[6.314s] [34mcolcon.colcon_core.environment[0m [1;30mLevel 1[0m checking '/home/kkkk/bxi_arm_v2/install/aero_hand_open_msgs/bin'
[6.314s] [34mcolcon.colcon_core.environment[0m [1;30mLevel 1[0m checking '/home/kkkk/bxi_arm_v2/install/aero_hand_open_msgs/lib/pkgconfig/aero_hand_open_msgs.pc'
[6.314s] [34mcolcon.colcon_core.environment[0m [1;30mLevel 1[0m checking '/home/kkkk/bxi_arm_v2/install/aero_hand_open_msgs/lib/python3.10/site-packages'
[6.314s] [34mcolcon.colcon_core.shell[0m [1;30mLevel 1[0m create_environment_hook('aero_hand_open_msgs', 'pythonpath')
[6.314s] [34mcolcon.colcon_core.shell[0m [1;30mINFO[0m Creating environment hook '/home/kkkk/bxi_arm_v2/install/aero_hand_open_msgs/share/aero_hand_open_msgs/hook/pythonpath.ps1'
[6.315s] [34mcolcon.colcon_core.shell[0m [1;30mINFO[0m Creating environment descriptor '/home/kkkk/bxi_arm_v2/install/aero_hand_open_msgs/share/aero_hand_open_msgs/hook/pythonpath.dsv'
[6.315s] [34mcolcon.colcon_core.shell[0m [1;30mINFO[0m Creating environment hook '/home/kkkk/bxi_arm_v2/install/aero_hand_open_msgs/share/aero_hand_open_msgs/hook/pythonpath.sh'
[6.316s] [34mcolcon.colcon_core.environment[0m [1;30mLevel 1[0m checking '/home/kkkk/bxi_arm_v2/install/aero_hand_open_msgs/bin'
[6.316s] [34mcolcon.colcon_core.shell[0m [1;30mINFO[0m Creating package script '/home/kkkk/bxi_arm_v2/install/aero_hand_open_msgs/share/aero_hand_open_msgs/package.ps1'
[6.317s] [34mcolcon.colcon_core.shell[0m [1;30mINFO[0m Creating package descriptor '/home/kkkk/bxi_arm_v2/install/aero_hand_open_msgs/share/aero_hand_open_msgs/package.dsv'
[6.317s] [34mcolcon.colcon_core.shell[0m [1;30mINFO[0m Creating package script '/home/kkkk/bxi_arm_v2/install/aero_hand_open_msgs/share/aero_hand_open_msgs/package.sh'
[6.318s] [34mcolcon.colcon_core.shell[0m [1;30mINFO[0m Creating package script '/home/kkkk/bxi_arm_v2/install/aero_hand_open_msgs/share/aero_hand_open_msgs/package.bash'
[6.318s] [34mcolcon.colcon_core.shell[0m [1;30mINFO[0m Creating package script '/home/kkkk/bxi_arm_v2/install/aero_hand_open_msgs/share/aero_hand_open_msgs/package.zsh'
[6.319s] [34mcolcon.colcon_core.environment[0m [1;30mLevel 1[0m create_file_with_runtime_dependencies(/home/kkkk/bxi_arm_v2/install/aero_hand_open_msgs/share/colcon-core/packages/aero_hand_open_msgs)
[6.319s] [34mcolcon.colcon_ros.task.ament_python.build[0m [1;30mINFO[0m Building ROS package in '/home/kkkk/bxi_arm_v2/src/aero-hand-open/src/aero_hand_open' with build type 'ament_python'
[6.319s] [34mcolcon.colcon_core.shell[0m [1;30mLevel 1[0m create_environment_hook('aero_hand_open', 'ament_prefix_path')
[6.319s] [34mcolcon.colcon_core.shell[0m [1;30mINFO[0m Creating environment hook '/home/kkkk/bxi_arm_v2/install/aero_hand_open/share/aero_hand_open/hook/ament_prefix_path.ps1'
[6.320s] [34mcolcon.colcon_core.shell[0m [1;30mINFO[0m Creating environment descriptor '/home/kkkk/bxi_arm_v2/install/aero_hand_open/share/aero_hand_open/hook/ament_prefix_path.dsv'
[6.321s] [34mcolcon.colcon_core.shell[0m [1;30mINFO[0m Creating environment hook '/home/kkkk/bxi_arm_v2/install/aero_hand_open/share/aero_hand_open/hook/ament_prefix_path.sh'
[6.321s] [34mcolcon.colcon_core.shell[0m [1;30mINFO[0m Skip shell extension 'powershell' for command environment: Not usable outside of PowerShell
[6.321s] [34mcolcon.colcon_core.shell[0m [1;30mDEBUG[0m [32mSkip shell extension 'dsv' for command environment[0m
[6.330s] [34mcolcon.colcon_ros.task.ament_python.build[0m [1;30mINFO[0m Building ROS package in '/home/kkkk/bxi_arm_v2/src/aero-hand-open/src/aero_hand_open_rl' with build type 'ament_python'
[6.330s] [34mcolcon.colcon_core.shell[0m [1;30mLevel 1[0m create_environment_hook('aero_hand_open_rl', 'ament_prefix_path')
[6.331s] [34mcolcon.colcon_core.shell[0m [1;30mINFO[0m Creating environment hook '/home/kkkk/bxi_arm_v2/install/aero_hand_open_rl/share/aero_hand_open_rl/hook/ament_prefix_path.ps1'
[6.331s] [34mcolcon.colcon_core.shell[0m [1;30mINFO[0m Creating environment descriptor '/home/kkkk/bxi_arm_v2/install/aero_hand_open_rl/share/aero_hand_open_rl/hook/ament_prefix_path.dsv'
[6.332s] [34mcolcon.colcon_core.shell[0m [1;30mINFO[0m Creating environment hook '/home/kkkk/bxi_arm_v2/install/aero_hand_open_rl/share/aero_hand_open_rl/hook/ament_prefix_path.sh'
[6.333s] [34mcolcon.colcon_core.shell[0m [1;30mINFO[0m Skip shell extension 'powershell' for command environment: Not usable outside of PowerShell
[6.333s] [34mcolcon.colcon_core.shell[0m [1;30mDEBUG[0m [32mSkip shell extension 'dsv' for command environment[0m
[6.482s] [34mcolcon.colcon_core.task.python.build[0m [1;30mINFO[0m Building Python package in '/home/kkkk/bxi_arm_v2/src/aero-hand-open/src/aero_hand_open'
[6.483s] [34mcolcon.colcon_core.shell[0m [1;30mINFO[0m Skip shell extension 'powershell' for command environment: Not usable outside of PowerShell
[6.483s] [34mcolcon.colcon_core.shell[0m [1;30mDEBUG[0m [32mSkip shell extension 'dsv' for command environment[0m
[6.633s] [34mcolcon.colcon_core.task.python.build[0m [1;30mINFO[0m Building Python package in '/home/kkkk/bxi_arm_v2/src/aero-hand-open/src/aero_hand_open_rl'
[6.633s] [34mcolcon.colcon_core.shell[0m [1;30mINFO[0m Skip shell extension 'powershell' for command environment: Not usable outside of PowerShell
[6.633s] [34mcolcon.colcon_core.shell[0m [1;30mDEBUG[0m [32mSkip shell extension 'dsv' for command environment[0m
[6.979s] [34mcolcon.colcon_core.event_handler.log_command[0m [1;30mDEBUG[0m [32mInvoking command in '/home/kkkk/bxi_arm_v2/src/aero-hand-open/src/aero_hand_open_rl': AMENT_PREFIX_PATH=/home/kkkk/bxi_arm_v2/install/aero_hand_open_msgs:${AMENT_PREFIX_PATH} CMAKE_PREFIX_PATH=/home/kkkk/bxi_arm_v2/install/aero_hand_open_msgs:${CMAKE_PREFIX_PATH} CONDA_PROMPT_MODIFIER=(ikpy) LD_LIBRARY_PATH=/home/kkkk/bxi_arm_v2/install/aero_hand_open_msgs/lib:${LD_LIBRARY_PATH} PYTHONPATH=/home/kkkk/bxi_arm_v2/build/aero_hand_open_rl/prefix_override:/home/kkkk/miniconda3/envs/ikpy/lib/python3.10/site-packages/colcon_core/task/python/colcon_distutils_commands:/home/kkkk/bxi_arm_v2/install/aero_hand_open_rl/lib/python3.10/site-packages:/home/kkkk/bxi_arm_v2/install/aero_hand_open_msgs/lib/python3.10/site-packages:${PYTHONPATH} /home/kkkk/miniconda3/envs/ikpy/bin/python3.10 -W ignore:setup.py install is deprecated -W ignore:easy_install command is deprecated setup.py egg_info --egg-base ../../../../build/aero_hand_open_rl build --build-base /home/kkkk/bxi_arm_v2/build/aero_hand_open_rl/build install --record /home/kkkk/bxi_arm_v2/build/aero_hand_open_rl/install.log --single-version-externally-managed install_data[0m
[7.079s] [34mcolcon.colcon_core.event_handler.log_command[0m [1;30mDEBUG[0m [32mInvoking command in '/home/kkkk/bxi_arm_v2/src/aero-hand-open/src/aero_hand_open': AMENT_PREFIX_PATH=/home/kkkk/bxi_arm_v2/install/aero_hand_open_msgs:${AMENT_PREFIX_PATH} CMAKE_PREFIX_PATH=/home/kkkk/bxi_arm_v2/install/aero_hand_open_msgs:${CMAKE_PREFIX_PATH} CONDA_PROMPT_MODIFIER=(ikpy) LD_LIBRARY_PATH=/home/kkkk/bxi_arm_v2/install/aero_hand_open_msgs/lib:${LD_LIBRARY_PATH} PYTHONPATH=/home/kkkk/bxi_arm_v2/build/aero_hand_open/prefix_override:/home/kkkk/miniconda3/envs/ikpy/lib/python3.10/site-packages/colcon_core/task/python/colcon_distutils_commands:/home/kkkk/bxi_arm_v2/install/aero_hand_open/lib/python3.10/site-packages:/home/kkkk/bxi_arm_v2/install/aero_hand_open_msgs/lib/python3.10/site-packages:${PYTHONPATH} /home/kkkk/miniconda3/envs/ikpy/bin/python3.10 -W ignore:setup.py install is deprecated -W ignore:easy_install command is deprecated setup.py egg_info --egg-base ../../../../build/aero_hand_open build --build-base /home/kkkk/bxi_arm_v2/build/aero_hand_open/build install --record /home/kkkk/bxi_arm_v2/build/aero_hand_open/install.log --single-version-externally-managed install_data[0m
[7.332s] [34mcolcon.colcon_core.environment[0m [1;30mLevel 1[0m checking '/home/kkkk/bxi_arm_v2/install/aero_hand_open_rl' for CMake module files
[7.332s] [34mcolcon.colcon_core.event_handler.log_command[0m [1;30mDEBUG[0m [32mInvoked command in '/home/kkkk/bxi_arm_v2/src/aero-hand-open/src/aero_hand_open_rl' returned '0': AMENT_PREFIX_PATH=/home/kkkk/bxi_arm_v2/install/aero_hand_open_msgs:${AMENT_PREFIX_PATH} CMAKE_PREFIX_PATH=/home/kkkk/bxi_arm_v2/install/aero_hand_open_msgs:${CMAKE_PREFIX_PATH} CONDA_PROMPT_MODIFIER=(ikpy) LD_LIBRARY_PATH=/home/kkkk/bxi_arm_v2/install/aero_hand_open_msgs/lib:${LD_LIBRARY_PATH} PYTHONPATH=/home/kkkk/bxi_arm_v2/build/aero_hand_open_rl/prefix_override:/home/kkkk/miniconda3/envs/ikpy/lib/python3.10/site-packages/colcon_core/task/python/colcon_distutils_commands:/home/kkkk/bxi_arm_v2/install/aero_hand_open_rl/lib/python3.10/site-packages:/home/kkkk/bxi_arm_v2/install/aero_hand_open_msgs/lib/python3.10/site-packages:${PYTHONPATH} /home/kkkk/miniconda3/envs/ikpy/bin/python3.10 -W ignore:setup.py install is deprecated -W ignore:easy_install command is deprecated setup.py egg_info --egg-base ../../../../build/aero_hand_open_rl build --build-base /home/kkkk/bxi_arm_v2/build/aero_hand_open_rl/build install --record /home/kkkk/bxi_arm_v2/build/aero_hand_open_rl/install.log --single-version-externally-managed install_data[0m
[7.333s] [34mcolcon.colcon_core.environment[0m [1;30mLevel 1[0m checking '/home/kkkk/bxi_arm_v2/install/aero_hand_open_rl' for CMake config files
[7.333s] [34mcolcon.colcon_core.environment[0m [1;30mLevel 1[0m checking '/home/kkkk/bxi_arm_v2/install/aero_hand_open_rl/lib'
[7.333s] [34mcolcon.colcon_core.environment[0m [1;30mLevel 1[0m checking '/home/kkkk/bxi_arm_v2/install/aero_hand_open_rl/bin'
[7.333s] [34mcolcon.colcon_core.environment[0m [1;30mLevel 1[0m checking '/home/kkkk/bxi_arm_v2/install/aero_hand_open_rl/lib/pkgconfig/aero_hand_open_rl.pc'
[7.334s] [34mcolcon.colcon_core.environment[0m [1;30mLevel 1[0m checking '/home/kkkk/bxi_arm_v2/install/aero_hand_open_rl/lib/python3.10/site-packages'
[7.334s] [34mcolcon.colcon_core.shell[0m [1;30mLevel 1[0m create_environment_hook('aero_hand_open_rl', 'pythonpath')
[7.334s] [34mcolcon.colcon_core.shell[0m [1;30mINFO[0m Creating environment hook '/home/kkkk/bxi_arm_v2/install/aero_hand_open_rl/share/aero_hand_open_rl/hook/pythonpath.ps1'
[7.335s] [34mcolcon.colcon_core.shell[0m [1;30mINFO[0m Creating environment descriptor '/home/kkkk/bxi_arm_v2/install/aero_hand_open_rl/share/aero_hand_open_rl/hook/pythonpath.dsv'
[7.335s] [34mcolcon.colcon_core.shell[0m [1;30mINFO[0m Creating environment hook '/home/kkkk/bxi_arm_v2/install/aero_hand_open_rl/share/aero_hand_open_rl/hook/pythonpath.sh'
[7.336s] [34mcolcon.colcon_core.environment[0m [1;30mLevel 1[0m checking '/home/kkkk/bxi_arm_v2/install/aero_hand_open_rl/bin'
[7.336s] [34mcolcon.colcon_core.environment[0m [1;30mLevel 1[0m create_environment_scripts_only(aero_hand_open_rl)
[7.336s] [34mcolcon.colcon_core.shell[0m [1;30mINFO[0m Creating package script '/home/kkkk/bxi_arm_v2/install/aero_hand_open_rl/share/aero_hand_open_rl/package.ps1'
[7.337s] [34mcolcon.colcon_core.shell[0m [1;30mINFO[0m Creating package descriptor '/home/kkkk/bxi_arm_v2/install/aero_hand_open_rl/share/aero_hand_open_rl/package.dsv'
[7.337s] [34mcolcon.colcon_core.shell[0m [1;30mINFO[0m Creating package script '/home/kkkk/bxi_arm_v2/install/aero_hand_open_rl/share/aero_hand_open_rl/package.sh'
[7.338s] [34mcolcon.colcon_core.shell[0m [1;30mINFO[0m Creating package script '/home/kkkk/bxi_arm_v2/install/aero_hand_open_rl/share/aero_hand_open_rl/package.bash'
[7.338s] [34mcolcon.colcon_core.shell[0m [1;30mINFO[0m Creating package script '/home/kkkk/bxi_arm_v2/install/aero_hand_open_rl/share/aero_hand_open_rl/package.zsh'
[7.338s] [34mcolcon.colcon_core.environment[0m [1;30mLevel 1[0m create_file_with_runtime_dependencies(/home/kkkk/bxi_arm_v2/install/aero_hand_open_rl/share/colcon-core/packages/aero_hand_open_rl)
[7.398s] [34mcolcon.colcon_core.environment[0m [1;30mLevel 1[0m checking '/home/kkkk/bxi_arm_v2/install/aero_hand_open' for CMake module files
[7.398s] [34mcolcon.colcon_core.event_handler.log_command[0m [1;30mDEBUG[0m [32mInvoked command in '/home/kkkk/bxi_arm_v2/src/aero-hand-open/src/aero_hand_open' returned '0': AMENT_PREFIX_PATH=/home/kkkk/bxi_arm_v2/install/aero_hand_open_msgs:${AMENT_PREFIX_PATH} CMAKE_PREFIX_PATH=/home/kkkk/bxi_arm_v2/install/aero_hand_open_msgs:${CMAKE_PREFIX_PATH} CONDA_PROMPT_MODIFIER=(ikpy) LD_LIBRARY_PATH=/home/kkkk/bxi_arm_v2/install/aero_hand_open_msgs/lib:${LD_LIBRARY_PATH} PYTHONPATH=/home/kkkk/bxi_arm_v2/build/aero_hand_open/prefix_override:/home/kkkk/miniconda3/envs/ikpy/lib/python3.10/site-packages/colcon_core/task/python/colcon_distutils_commands:/home/kkkk/bxi_arm_v2/install/aero_hand_open/lib/python3.10/site-packages:/home/kkkk/bxi_arm_v2/install/aero_hand_open_msgs/lib/python3.10/site-packages:${PYTHONPATH} /home/kkkk/miniconda3/envs/ikpy/bin/python3.10 -W ignore:setup.py install is deprecated -W ignore:easy_install command is deprecated setup.py egg_info --egg-base ../../../../build/aero_hand_open build --build-base /home/kkkk/bxi_arm_v2/build/aero_hand_open/build install --record /home/kkkk/bxi_arm_v2/build/aero_hand_open/install.log --single-version-externally-managed install_data[0m
[7.399s] [34mcolcon.colcon_core.environment[0m [1;30mLevel 1[0m checking '/home/kkkk/bxi_arm_v2/install/aero_hand_open' for CMake config files
[7.399s] [34mcolcon.colcon_core.environment[0m [1;30mLevel 1[0m checking '/home/kkkk/bxi_arm_v2/install/aero_hand_open/lib'
[7.399s] [34mcolcon.colcon_core.environment[0m [1;30mLevel 1[0m checking '/home/kkkk/bxi_arm_v2/install/aero_hand_open/bin'
[7.399s] [34mcolcon.colcon_core.environment[0m [1;30mLevel 1[0m checking '/home/kkkk/bxi_arm_v2/install/aero_hand_open/lib/pkgconfig/aero_hand_open.pc'
[7.400s] [34mcolcon.colcon_core.environment[0m [1;30mLevel 1[0m checking '/home/kkkk/bxi_arm_v2/install/aero_hand_open/lib/python3.10/site-packages'
[7.400s] [34mcolcon.colcon_core.shell[0m [1;30mLevel 1[0m create_environment_hook('aero_hand_open', 'pythonpath')
[7.400s] [34mcolcon.colcon_core.shell[0m [1;30mINFO[0m Creating environment hook '/home/kkkk/bxi_arm_v2/install/aero_hand_open/share/aero_hand_open/hook/pythonpath.ps1'
[7.401s] [34mcolcon.colcon_core.shell[0m [1;30mINFO[0m Creating environment descriptor '/home/kkkk/bxi_arm_v2/install/aero_hand_open/share/aero_hand_open/hook/pythonpath.dsv'
[7.401s] [34mcolcon.colcon_core.shell[0m [1;30mINFO[0m Creating environment hook '/home/kkkk/bxi_arm_v2/install/aero_hand_open/share/aero_hand_open/hook/pythonpath.sh'
[7.402s] [34mcolcon.colcon_core.environment[0m [1;30mLevel 1[0m checking '/home/kkkk/bxi_arm_v2/install/aero_hand_open/bin'
[7.402s] [34mcolcon.colcon_core.environment[0m [1;30mLevel 1[0m create_environment_scripts_only(aero_hand_open)
[7.402s] [34mcolcon.colcon_core.shell[0m [1;30mINFO[0m Creating package script '/home/kkkk/bxi_arm_v2/install/aero_hand_open/share/aero_hand_open/package.ps1'
[7.403s] [34mcolcon.colcon_core.shell[0m [1;30mINFO[0m Creating package descriptor '/home/kkkk/bxi_arm_v2/install/aero_hand_open/share/aero_hand_open/package.dsv'
[7.403s] [34mcolcon.colcon_core.shell[0m [1;30mINFO[0m Creating package script '/home/kkkk/bxi_arm_v2/install/aero_hand_open/share/aero_hand_open/package.sh'
[7.404s] [34mcolcon.colcon_core.shell[0m [1;30mINFO[0m Creating package script '/home/kkkk/bxi_arm_v2/install/aero_hand_open/share/aero_hand_open/package.bash'
[7.404s] [34mcolcon.colcon_core.shell[0m [1;30mINFO[0m Creating package script '/home/kkkk/bxi_arm_v2/install/aero_hand_open/share/aero_hand_open/package.zsh'
[7.405s] [34mcolcon.colcon_core.environment[0m [1;30mLevel 1[0m create_file_with_runtime_dependencies(/home/kkkk/bxi_arm_v2/install/aero_hand_open/share/colcon-core/packages/aero_hand_open)
[7.405s] [34mcolcon.colcon_ros.task.ament_python.build[0m [1;30mINFO[0m Building ROS package in '/home/kkkk/bxi_arm_v2/src/aero-hand-open/src/aero_hand_open_teleop' with build type 'ament_python'
[7.405s] [34mcolcon.colcon_core.shell[0m [1;30mLevel 1[0m create_environment_hook('aero_hand_open_teleop', 'ament_prefix_path')
[7.406s] [34mcolcon.colcon_core.shell[0m [1;30mINFO[0m Creating environment hook '/home/kkkk/bxi_arm_v2/install/aero_hand_open_teleop/share/aero_hand_open_teleop/hook/ament_prefix_path.ps1'
[7.406s] [34mcolcon.colcon_core.shell[0m [1;30mINFO[0m Creating environment descriptor '/home/kkkk/bxi_arm_v2/install/aero_hand_open_teleop/share/aero_hand_open_teleop/hook/ament_prefix_path.dsv'
[7.407s] [34mcolcon.colcon_core.shell[0m [1;30mINFO[0m Creating environment hook '/home/kkkk/bxi_arm_v2/install/aero_hand_open_teleop/share/aero_hand_open_teleop/hook/ament_prefix_path.sh'
[7.407s] [34mcolcon.colcon_core.shell[0m [1;30mINFO[0m Skip shell extension 'powershell' for command environment: Not usable outside of PowerShell
[7.407s] [34mcolcon.colcon_core.shell[0m [1;30mDEBUG[0m [32mSkip shell extension 'dsv' for command environment[0m
[7.563s] [34mcolcon.colcon_core.task.python.build[0m [1;30mINFO[0m Building Python package in '/home/kkkk/bxi_arm_v2/src/aero-hand-open/src/aero_hand_open_teleop'
[7.564s] [34mcolcon.colcon_core.shell[0m [1;30mINFO[0m Skip shell extension 'powershell' for command environment: Not usable outside of PowerShell
[7.564s] [34mcolcon.colcon_core.shell[0m [1;30mDEBUG[0m [32mSkip shell extension 'dsv' for command environment[0m
[7.916s] [34mcolcon.colcon_core.event_handler.log_command[0m [1;30mDEBUG[0m [32mInvoking command in '/home/kkkk/bxi_arm_v2/src/aero-hand-open/src/aero_hand_open_teleop': AMENT_PREFIX_PATH=/home/kkkk/bxi_arm_v2/install/aero_hand_open:/home/kkkk/bxi_arm_v2/install/aero_hand_open_msgs:${AMENT_PREFIX_PATH} CMAKE_PREFIX_PATH=/home/kkkk/bxi_arm_v2/install/aero_hand_open_msgs:${CMAKE_PREFIX_PATH} CONDA_PROMPT_MODIFIER=(ikpy) LD_LIBRARY_PATH=/home/kkkk/bxi_arm_v2/install/aero_hand_open_msgs/lib:${LD_LIBRARY_PATH} PYTHONPATH=/home/kkkk/bxi_arm_v2/build/aero_hand_open_teleop/prefix_override:/home/kkkk/miniconda3/envs/ikpy/lib/python3.10/site-packages/colcon_core/task/python/colcon_distutils_commands:/home/kkkk/bxi_arm_v2/install/aero_hand_open_teleop/lib/python3.10/site-packages:/home/kkkk/bxi_arm_v2/install/aero_hand_open/lib/python3.10/site-packages:/home/kkkk/bxi_arm_v2/install/aero_hand_open_msgs/lib/python3.10/site-packages:${PYTHONPATH} /home/kkkk/miniconda3/envs/ikpy/bin/python3.10 -W ignore:setup.py install is deprecated -W ignore:easy_install command is deprecated setup.py egg_info --egg-base ../../../../build/aero_hand_open_teleop build --build-base /home/kkkk/bxi_arm_v2/build/aero_hand_open_teleop/build install --record /home/kkkk/bxi_arm_v2/build/aero_hand_open_teleop/install.log --single-version-externally-managed install_data[0m
[8.219s] [34mcolcon.colcon_core.environment[0m [1;30mLevel 1[0m checking '/home/kkkk/bxi_arm_v2/install/aero_hand_open_teleop' for CMake module files
[8.220s] [34mcolcon.colcon_core.event_handler.log_command[0m [1;30mDEBUG[0m [32mInvoked command in '/home/kkkk/bxi_arm_v2/src/aero-hand-open/src/aero_hand_open_teleop' returned '0': AMENT_PREFIX_PATH=/home/kkkk/bxi_arm_v2/install/aero_hand_open:/home/kkkk/bxi_arm_v2/install/aero_hand_open_msgs:${AMENT_PREFIX_PATH} CMAKE_PREFIX_PATH=/home/kkkk/bxi_arm_v2/install/aero_hand_open_msgs:${CMAKE_PREFIX_PATH} CONDA_PROMPT_MODIFIER=(ikpy) LD_LIBRARY_PATH=/home/kkkk/bxi_arm_v2/install/aero_hand_open_msgs/lib:${LD_LIBRARY_PATH} PYTHONPATH=/home/kkkk/bxi_arm_v2/build/aero_hand_open_teleop/prefix_override:/home/kkkk/miniconda3/envs/ikpy/lib/python3.10/site-packages/colcon_core/task/python/colcon_distutils_commands:/home/kkkk/bxi_arm_v2/install/aero_hand_open_teleop/lib/python3.10/site-packages:/home/kkkk/bxi_arm_v2/install/aero_hand_open/lib/python3.10/site-packages:/home/kkkk/bxi_arm_v2/install/aero_hand_open_msgs/lib/python3.10/site-packages:${PYTHONPATH} /home/kkkk/miniconda3/envs/ikpy/bin/python3.10 -W ignore:setup.py install is deprecated -W ignore:easy_install command is deprecated setup.py egg_info --egg-base ../../../../build/aero_hand_open_teleop build --build-base /home/kkkk/bxi_arm_v2/build/aero_hand_open_teleop/build install --record /home/kkkk/bxi_arm_v2/build/aero_hand_open_teleop/install.log --single-version-externally-managed install_data[0m
[8.220s] [34mcolcon.colcon_core.environment[0m [1;30mLevel 1[0m checking '/home/kkkk/bxi_arm_v2/install/aero_hand_open_teleop' for CMake config files
[8.220s] [34mcolcon.colcon_core.environment[0m [1;30mLevel 1[0m checking '/home/kkkk/bxi_arm_v2/install/aero_hand_open_teleop/lib'
[8.221s] [34mcolcon.colcon_core.environment[0m [1;30mLevel 1[0m checking '/home/kkkk/bxi_arm_v2/install/aero_hand_open_teleop/bin'
[8.221s] [34mcolcon.colcon_core.environment[0m [1;30mLevel 1[0m checking '/home/kkkk/bxi_arm_v2/install/aero_hand_open_teleop/lib/pkgconfig/aero_hand_open_teleop.pc'
[8.221s] [34mcolcon.colcon_core.environment[0m [1;30mLevel 1[0m checking '/home/kkkk/bxi_arm_v2/install/aero_hand_open_teleop/lib/python3.10/site-packages'
[8.221s] [34mcolcon.colcon_core.shell[0m [1;30mLevel 1[0m create_environment_hook('aero_hand_open_teleop', 'pythonpath')
[8.221s] [34mcolcon.colcon_core.shell[0m [1;30mINFO[0m Creating environment hook '/home/kkkk/bxi_arm_v2/install/aero_hand_open_teleop/share/aero_hand_open_teleop/hook/pythonpath.ps1'
[8.221s] [34mcolcon.colcon_core.shell[0m [1;30mINFO[0m Creating environment descriptor '/home/kkkk/bxi_arm_v2/install/aero_hand_open_teleop/share/aero_hand_open_teleop/hook/pythonpath.dsv'
[8.221s] [34mcolcon.colcon_core.shell[0m [1;30mINFO[0m Creating environment hook '/home/kkkk/bxi_arm_v2/install/aero_hand_open_teleop/share/aero_hand_open_teleop/hook/pythonpath.sh'
[8.222s] [34mcolcon.colcon_core.environment[0m [1;30mLevel 1[0m checking '/home/kkkk/bxi_arm_v2/install/aero_hand_open_teleop/bin'
[8.222s] [34mcolcon.colcon_core.environment[0m [1;30mLevel 1[0m create_environment_scripts_only(aero_hand_open_teleop)
[8.222s] [34mcolcon.colcon_core.shell[0m [1;30mINFO[0m Creating package script '/home/kkkk/bxi_arm_v2/install/aero_hand_open_teleop/share/aero_hand_open_teleop/package.ps1'
[8.222s] [34mcolcon.colcon_core.shell[0m [1;30mINFO[0m Creating package descriptor '/home/kkkk/bxi_arm_v2/install/aero_hand_open_teleop/share/aero_hand_open_teleop/package.dsv'
[8.222s] [34mcolcon.colcon_core.shell[0m [1;30mINFO[0m Creating package script '/home/kkkk/bxi_arm_v2/install/aero_hand_open_teleop/share/aero_hand_open_teleop/package.sh'
[8.223s] [34mcolcon.colcon_core.shell[0m [1;30mINFO[0m Creating package script '/home/kkkk/bxi_arm_v2/install/aero_hand_open_teleop/share/aero_hand_open_teleop/package.bash'
[8.223s] [34mcolcon.colcon_core.shell[0m [1;30mINFO[0m Creating package script '/home/kkkk/bxi_arm_v2/install/aero_hand_open_teleop/share/aero_hand_open_teleop/package.zsh'
[8.223s] [34mcolcon.colcon_core.environment[0m [1;30mLevel 1[0m create_file_with_runtime_dependencies(/home/kkkk/bxi_arm_v2/install/aero_hand_open_teleop/share/colcon-core/packages/aero_hand_open_teleop)
[9.558s] [34mcolcon.colcon_core.event_handler.log_command[0m [1;30mDEBUG[0m [32mInvoked command in '/home/kkkk/bxi_arm_v2/build/remote_controller' returned '0': CMAKE_PREFIX_PATH=${CMAKE_PREFIX_PATH}:/home/kkkk/moveit2/install/moveit_configs_utils:/home/kkkk/moveit2/install/launch_param_builder:/opt/ros/humble CONDA_PROMPT_MODIFIER=(ikpy) /usr/bin/cmake --build /home/kkkk/bxi_arm_v2/build/remote_controller -- -j16 -l16[0m
[9.560s] [34mcolcon.colcon_core.event_handler.log_command[0m [1;30mDEBUG[0m [32mInvoking command in '/home/kkkk/bxi_arm_v2/build/remote_controller': CMAKE_PREFIX_PATH=${CMAKE_PREFIX_PATH}:/home/kkkk/moveit2/install/moveit_configs_utils:/home/kkkk/moveit2/install/launch_param_builder:/opt/ros/humble CONDA_PROMPT_MODIFIER=(ikpy) /usr/bin/cmake --install /home/kkkk/bxi_arm_v2/build/remote_controller[0m
[9.571s] [34mcolcon.colcon_core.environment[0m [1;30mLevel 1[0m create_environment_scripts_only(remote_controller)
[9.572s] [34mcolcon.colcon_core.environment[0m [1;30mLevel 1[0m checking '/home/kkkk/bxi_arm_v2/install/remote_controller' for CMake module files
[9.572s] [34mcolcon.colcon_core.event_handler.log_command[0m [1;30mDEBUG[0m [32mInvoked command in '/home/kkkk/bxi_arm_v2/build/remote_controller' returned '0': CMAKE_PREFIX_PATH=${CMAKE_PREFIX_PATH}:/home/kkkk/moveit2/install/moveit_configs_utils:/home/kkkk/moveit2/install/launch_param_builder:/opt/ros/humble CONDA_PROMPT_MODIFIER=(ikpy) /usr/bin/cmake --install /home/kkkk/bxi_arm_v2/build/remote_controller[0m
[9.572s] [34mcolcon.colcon_core.environment[0m [1;30mLevel 1[0m checking '/home/kkkk/bxi_arm_v2/install/remote_controller' for CMake config files
[9.572s] [34mcolcon.colcon_core.shell[0m [1;30mLevel 1[0m create_environment_hook('remote_controller', 'cmake_prefix_path')
[9.572s] [34mcolcon.colcon_core.shell[0m [1;30mINFO[0m Creating environment hook '/home/kkkk/bxi_arm_v2/install/remote_controller/share/remote_controller/hook/cmake_prefix_path.ps1'
[9.573s] [34mcolcon.colcon_core.shell[0m [1;30mINFO[0m Creating environment descriptor '/home/kkkk/bxi_arm_v2/install/remote_controller/share/remote_controller/hook/cmake_prefix_path.dsv'
[9.573s] [34mcolcon.colcon_core.shell[0m [1;30mINFO[0m Creating environment hook '/home/kkkk/bxi_arm_v2/install/remote_controller/share/remote_controller/hook/cmake_prefix_path.sh'
[9.573s] [34mcolcon.colcon_core.environment[0m [1;30mLevel 1[0m checking '/home/kkkk/bxi_arm_v2/install/remote_controller/lib'
[9.573s] [34mcolcon.colcon_core.environment[0m [1;30mLevel 1[0m checking '/home/kkkk/bxi_arm_v2/install/remote_controller/bin'
[9.573s] [34mcolcon.colcon_core.environment[0m [1;30mLevel 1[0m checking '/home/kkkk/bxi_arm_v2/install/remote_controller/lib/pkgconfig/remote_controller.pc'
[9.573s] [34mcolcon.colcon_core.environment[0m [1;30mLevel 1[0m checking '/home/kkkk/bxi_arm_v2/install/remote_controller/lib/python3.10/site-packages'
[9.574s] [34mcolcon.colcon_core.environment[0m [1;30mLevel 1[0m checking '/home/kkkk/bxi_arm_v2/install/remote_controller/bin'
[9.574s] [34mcolcon.colcon_core.shell[0m [1;30mINFO[0m Creating package script '/home/kkkk/bxi_arm_v2/install/remote_controller/share/remote_controller/package.ps1'
[9.574s] [34mcolcon.colcon_core.shell[0m [1;30mINFO[0m Creating package descriptor '/home/kkkk/bxi_arm_v2/install/remote_controller/share/remote_controller/package.dsv'
[9.574s] [34mcolcon.colcon_core.shell[0m [1;30mINFO[0m Creating package script '/home/kkkk/bxi_arm_v2/install/remote_controller/share/remote_controller/package.sh'
[9.574s] [34mcolcon.colcon_core.shell[0m [1;30mINFO[0m Creating package script '/home/kkkk/bxi_arm_v2/install/remote_controller/share/remote_controller/package.bash'
[9.575s] [34mcolcon.colcon_core.shell[0m [1;30mINFO[0m Creating package script '/home/kkkk/bxi_arm_v2/install/remote_controller/share/remote_controller/package.zsh'
[9.575s] [34mcolcon.colcon_core.environment[0m [1;30mLevel 1[0m create_file_with_runtime_dependencies(/home/kkkk/bxi_arm_v2/install/remote_controller/share/colcon-core/packages/remote_controller)
[9.575s] [34mcolcon.colcon_core.environment[0m [1;30mLevel 1[0m create_environment_scripts_only(remote_controller)
[9.575s] [34mcolcon.colcon_core.environment[0m [1;30mLevel 1[0m checking '/home/kkkk/bxi_arm_v2/install/remote_controller' for CMake module files
[9.575s] [34mcolcon.colcon_core.environment[0m [1;30mLevel 1[0m checking '/home/kkkk/bxi_arm_v2/install/remote_controller' for CMake config files
[9.575s] [34mcolcon.colcon_core.shell[0m [1;30mLevel 1[0m create_environment_hook('remote_controller', 'cmake_prefix_path')
[9.576s] [34mcolcon.colcon_core.shell[0m [1;30mINFO[0m Creating environment hook '/home/kkkk/bxi_arm_v2/install/remote_controller/share/remote_controller/hook/cmake_prefix_path.ps1'
[9.576s] [34mcolcon.colcon_core.shell[0m [1;30mINFO[0m Creating environment descriptor '/home/kkkk/bxi_arm_v2/install/remote_controller/share/remote_controller/hook/cmake_prefix_path.dsv'
[9.576s] [34mcolcon.colcon_core.shell[0m [1;30mINFO[0m Creating environment hook '/home/kkkk/bxi_arm_v2/install/remote_controller/share/remote_controller/hook/cmake_prefix_path.sh'
[9.576s] [34mcolcon.colcon_core.environment[0m [1;30mLevel 1[0m checking '/home/kkkk/bxi_arm_v2/install/remote_controller/lib'
[9.576s] [34mcolcon.colcon_core.environment[0m [1;30mLevel 1[0m checking '/home/kkkk/bxi_arm_v2/install/remote_controller/bin'
[9.576s] [34mcolcon.colcon_core.environment[0m [1;30mLevel 1[0m checking '/home/kkkk/bxi_arm_v2/install/remote_controller/lib/pkgconfig/remote_controller.pc'
[9.576s] [34mcolcon.colcon_core.environment[0m [1;30mLevel 1[0m checking '/home/kkkk/bxi_arm_v2/install/remote_controller/lib/python3.10/site-packages'
[9.577s] [34mcolcon.colcon_core.environment[0m [1;30mLevel 1[0m checking '/home/kkkk/bxi_arm_v2/install/remote_controller/bin'
[9.577s] [34mcolcon.colcon_core.shell[0m [1;30mINFO[0m Creating package script '/home/kkkk/bxi_arm_v2/install/remote_controller/share/remote_controller/package.ps1'
[9.577s] [34mcolcon.colcon_core.shell[0m [1;30mINFO[0m Creating package descriptor '/home/kkkk/bxi_arm_v2/install/remote_controller/share/remote_controller/package.dsv'
[9.577s] [34mcolcon.colcon_core.shell[0m [1;30mINFO[0m Creating package script '/home/kkkk/bxi_arm_v2/install/remote_controller/share/remote_controller/package.sh'
[9.577s] [34mcolcon.colcon_core.shell[0m [1;30mINFO[0m Creating package script '/home/kkkk/bxi_arm_v2/install/remote_controller/share/remote_controller/package.bash'
[9.578s] [34mcolcon.colcon_core.shell[0m [1;30mINFO[0m Creating package script '/home/kkkk/bxi_arm_v2/install/remote_controller/share/remote_controller/package.zsh'
[9.578s] [34mcolcon.colcon_core.environment[0m [1;30mLevel 1[0m create_file_with_runtime_dependencies(/home/kkkk/bxi_arm_v2/install/remote_controller/share/colcon-core/packages/remote_controller)
[10.048s] [34mcolcon.colcon_core.event_handler.log_command[0m [1;30mDEBUG[0m [32mInvoked command in '/home/kkkk/bxi_arm_v2/build/pico_bxi_server' returned '0': CMAKE_PREFIX_PATH=${CMAKE_PREFIX_PATH}:/home/kkkk/moveit2/install/moveit_configs_utils:/home/kkkk/moveit2/install/launch_param_builder:/opt/ros/humble CONDA_PROMPT_MODIFIER=(ikpy) /usr/bin/cmake --build /home/kkkk/bxi_arm_v2/build/pico_bxi_server -- -j16 -l16[0m
[10.049s] [34mcolcon.colcon_core.event_handler.log_command[0m [1;30mDEBUG[0m [32mInvoking command in '/home/kkkk/bxi_arm_v2/build/pico_bxi_server': CMAKE_PREFIX_PATH=${CMAKE_PREFIX_PATH}:/home/kkkk/moveit2/install/moveit_configs_utils:/home/kkkk/moveit2/install/launch_param_builder:/opt/ros/humble CONDA_PROMPT_MODIFIER=(ikpy) /usr/bin/cmake --install /home/kkkk/bxi_arm_v2/build/pico_bxi_server[0m
[10.058s] [34mcolcon.colcon_core.environment[0m [1;30mLevel 1[0m create_environment_scripts_only(pico_bxi_server)
[10.058s] [34mcolcon.colcon_core.environment[0m [1;30mLevel 1[0m checking '/home/kkkk/bxi_arm_v2/install/pico_bxi_server' for CMake module files
[10.058s] [34mcolcon.colcon_core.event_handler.log_command[0m [1;30mDEBUG[0m [32mInvoked command in '/home/kkkk/bxi_arm_v2/build/pico_bxi_server' returned '0': CMAKE_PREFIX_PATH=${CMAKE_PREFIX_PATH}:/home/kkkk/moveit2/install/moveit_configs_utils:/home/kkkk/moveit2/install/launch_param_builder:/opt/ros/humble CONDA_PROMPT_MODIFIER=(ikpy) /usr/bin/cmake --install /home/kkkk/bxi_arm_v2/build/pico_bxi_server[0m
[10.058s] [34mcolcon.colcon_core.environment[0m [1;30mLevel 1[0m checking '/home/kkkk/bxi_arm_v2/install/pico_bxi_server' for CMake config files
[10.058s] [34mcolcon.colcon_core.shell[0m [1;30mLevel 1[0m create_environment_hook('pico_bxi_server', 'cmake_prefix_path')
[10.058s] [34mcolcon.colcon_core.shell[0m [1;30mINFO[0m Creating environment hook '/home/kkkk/bxi_arm_v2/install/pico_bxi_server/share/pico_bxi_server/hook/cmake_prefix_path.ps1'
[10.059s] [34mcolcon.colcon_core.shell[0m [1;30mINFO[0m Creating environment descriptor '/home/kkkk/bxi_arm_v2/install/pico_bxi_server/share/pico_bxi_server/hook/cmake_prefix_path.dsv'
[10.059s] [34mcolcon.colcon_core.shell[0m [1;30mINFO[0m Creating environment hook '/home/kkkk/bxi_arm_v2/install/pico_bxi_server/share/pico_bxi_server/hook/cmake_prefix_path.sh'
[10.059s] [34mcolcon.colcon_core.environment[0m [1;30mLevel 1[0m checking '/home/kkkk/bxi_arm_v2/install/pico_bxi_server/lib'
[10.059s] [34mcolcon.colcon_core.environment[0m [1;30mLevel 1[0m checking '/home/kkkk/bxi_arm_v2/install/pico_bxi_server/bin'
[10.059s] [34mcolcon.colcon_core.environment[0m [1;30mLevel 1[0m checking '/home/kkkk/bxi_arm_v2/install/pico_bxi_server/lib/pkgconfig/pico_bxi_server.pc'
[10.059s] [34mcolcon.colcon_core.environment[0m [1;30mLevel 1[0m checking '/home/kkkk/bxi_arm_v2/install/pico_bxi_server/lib/python3.10/site-packages'
[10.060s] [34mcolcon.colcon_core.environment[0m [1;30mLevel 1[0m checking '/home/kkkk/bxi_arm_v2/install/pico_bxi_server/bin'
[10.060s] [34mcolcon.colcon_core.shell[0m [1;30mINFO[0m Creating package script '/home/kkkk/bxi_arm_v2/install/pico_bxi_server/share/pico_bxi_server/package.ps1'
[10.060s] [34mcolcon.colcon_core.shell[0m [1;30mINFO[0m Creating package descriptor '/home/kkkk/bxi_arm_v2/install/pico_bxi_server/share/pico_bxi_server/package.dsv'
[10.060s] [34mcolcon.colcon_core.shell[0m [1;30mINFO[0m Creating package script '/home/kkkk/bxi_arm_v2/install/pico_bxi_server/share/pico_bxi_server/package.sh'
[10.060s] [34mcolcon.colcon_core.shell[0m [1;30mINFO[0m Creating package script '/home/kkkk/bxi_arm_v2/install/pico_bxi_server/share/pico_bxi_server/package.bash'
[10.060s] [34mcolcon.colcon_core.shell[0m [1;30mINFO[0m Creating package script '/home/kkkk/bxi_arm_v2/install/pico_bxi_server/share/pico_bxi_server/package.zsh'
[10.061s] [34mcolcon.colcon_core.environment[0m [1;30mLevel 1[0m create_file_with_runtime_dependencies(/home/kkkk/bxi_arm_v2/install/pico_bxi_server/share/colcon-core/packages/pico_bxi_server)
[10.061s] [34mcolcon.colcon_core.environment[0m [1;30mLevel 1[0m create_environment_scripts_only(pico_bxi_server)
[10.061s] [34mcolcon.colcon_core.environment[0m [1;30mLevel 1[0m checking '/home/kkkk/bxi_arm_v2/install/pico_bxi_server' for CMake module files
[10.061s] [34mcolcon.colcon_core.environment[0m [1;30mLevel 1[0m checking '/home/kkkk/bxi_arm_v2/install/pico_bxi_server' for CMake config files
[10.061s] [34mcolcon.colcon_core.shell[0m [1;30mLevel 1[0m create_environment_hook('pico_bxi_server', 'cmake_prefix_path')
[10.061s] [34mcolcon.colcon_core.shell[0m [1;30mINFO[0m Creating environment hook '/home/kkkk/bxi_arm_v2/install/pico_bxi_server/share/pico_bxi_server/hook/cmake_prefix_path.ps1'
[10.062s] [34mcolcon.colcon_core.shell[0m [1;30mINFO[0m Creating environment descriptor '/home/kkkk/bxi_arm_v2/install/pico_bxi_server/share/pico_bxi_server/hook/cmake_prefix_path.dsv'
[10.062s] [34mcolcon.colcon_core.shell[0m [1;30mINFO[0m Creating environment hook '/home/kkkk/bxi_arm_v2/install/pico_bxi_server/share/pico_bxi_server/hook/cmake_prefix_path.sh'
[10.062s] [34mcolcon.colcon_core.environment[0m [1;30mLevel 1[0m checking '/home/kkkk/bxi_arm_v2/install/pico_bxi_server/lib'
[10.062s] [34mcolcon.colcon_core.environment[0m [1;30mLevel 1[0m checking '/home/kkkk/bxi_arm_v2/install/pico_bxi_server/bin'
[10.062s] [34mcolcon.colcon_core.environment[0m [1;30mLevel 1[0m checking '/home/kkkk/bxi_arm_v2/install/pico_bxi_server/lib/pkgconfig/pico_bxi_server.pc'
[10.062s] [34mcolcon.colcon_core.environment[0m [1;30mLevel 1[0m checking '/home/kkkk/bxi_arm_v2/install/pico_bxi_server/lib/python3.10/site-packages'
[10.062s] [34mcolcon.colcon_core.environment[0m [1;30mLevel 1[0m checking '/home/kkkk/bxi_arm_v2/install/pico_bxi_server/bin'
[10.063s] [34mcolcon.colcon_core.shell[0m [1;30mINFO[0m Creating package script '/home/kkkk/bxi_arm_v2/install/pico_bxi_server/share/pico_bxi_server/package.ps1'
[10.063s] [34mcolcon.colcon_core.shell[0m [1;30mINFO[0m Creating package descriptor '/home/kkkk/bxi_arm_v2/install/pico_bxi_server/share/pico_bxi_server/package.dsv'
[10.063s] [34mcolcon.colcon_core.shell[0m [1;30mINFO[0m Creating package script '/home/kkkk/bxi_arm_v2/install/pico_bxi_server/share/pico_bxi_server/package.sh'
[10.063s] [34mcolcon.colcon_core.shell[0m [1;30mINFO[0m Creating package script '/home/kkkk/bxi_arm_v2/install/pico_bxi_server/share/pico_bxi_server/package.bash'
[10.064s] [34mcolcon.colcon_core.shell[0m [1;30mINFO[0m Creating package script '/home/kkkk/bxi_arm_v2/install/pico_bxi_server/share/pico_bxi_server/package.zsh'
[10.064s] [34mcolcon.colcon_core.environment[0m [1;30mLevel 1[0m create_file_with_runtime_dependencies(/home/kkkk/bxi_arm_v2/install/pico_bxi_server/share/colcon-core/packages/pico_bxi_server)
[17.084s] [34mcolcon.colcon_core.event_handler.log_command[0m [1;30mDEBUG[0m [32mInvoked command in '/home/kkkk/bxi_arm_v2/build/bxi_example' returned '0': CMAKE_PREFIX_PATH=${CMAKE_PREFIX_PATH}:/home/kkkk/moveit2/install/moveit_configs_utils:/home/kkkk/moveit2/install/launch_param_builder:/opt/ros/humble CONDA_PROMPT_MODIFIER=(ikpy) /usr/bin/cmake --build /home/kkkk/bxi_arm_v2/build/bxi_example -- -j16 -l16[0m
[17.085s] [34mcolcon.colcon_core.event_handler.log_command[0m [1;30mDEBUG[0m [32mInvoking command in '/home/kkkk/bxi_arm_v2/build/bxi_example': CMAKE_PREFIX_PATH=${CMAKE_PREFIX_PATH}:/home/kkkk/moveit2/install/moveit_configs_utils:/home/kkkk/moveit2/install/launch_param_builder:/opt/ros/humble CONDA_PROMPT_MODIFIER=(ikpy) /usr/bin/cmake --install /home/kkkk/bxi_arm_v2/build/bxi_example[0m
[17.087s] [34mcolcon.colcon_core.event_handler.log_command[0m [1;30mDEBUG[0m [32mInvoked command in '/home/kkkk/bxi_arm_v2/build/bxi_example_arm' returned '0': CMAKE_PREFIX_PATH=${CMAKE_PREFIX_PATH}:/home/kkkk/moveit2/install/moveit_configs_utils:/home/kkkk/moveit2/install/launch_param_builder:/opt/ros/humble CONDA_PROMPT_MODIFIER=(ikpy) /usr/bin/cmake --build /home/kkkk/bxi_arm_v2/build/bxi_example_arm -- -j16 -l16[0m
[17.088s] [34mcolcon.colcon_core.event_handler.log_command[0m [1;30mDEBUG[0m [32mInvoking command in '/home/kkkk/bxi_arm_v2/build/bxi_example_arm': CMAKE_PREFIX_PATH=${CMAKE_PREFIX_PATH}:/home/kkkk/moveit2/install/moveit_configs_utils:/home/kkkk/moveit2/install/launch_param_builder:/opt/ros/humble CONDA_PROMPT_MODIFIER=(ikpy) /usr/bin/cmake --install /home/kkkk/bxi_arm_v2/build/bxi_example_arm[0m
[17.093s] [34mcolcon.colcon_core.environment[0m [1;30mLevel 1[0m create_environment_scripts_only(bxi_example)
[17.093s] [34mcolcon.colcon_core.environment[0m [1;30mLevel 1[0m checking '/home/kkkk/bxi_arm_v2/install/bxi_example' for CMake module files
[17.093s] [34mcolcon.colcon_core.event_handler.log_command[0m [1;30mDEBUG[0m [32mInvoked command in '/home/kkkk/bxi_arm_v2/build/bxi_example' returned '0': CMAKE_PREFIX_PATH=${CMAKE_PREFIX_PATH}:/home/kkkk/moveit2/install/moveit_configs_utils:/home/kkkk/moveit2/install/launch_param_builder:/opt/ros/humble CONDA_PROMPT_MODIFIER=(ikpy) /usr/bin/cmake --install /home/kkkk/bxi_arm_v2/build/bxi_example[0m
[17.094s] [34mcolcon.colcon_core.environment[0m [1;30mLevel 1[0m checking '/home/kkkk/bxi_arm_v2/install/bxi_example' for CMake config files
[17.094s] [34mcolcon.colcon_core.shell[0m [1;30mLevel 1[0m create_environment_hook('bxi_example', 'cmake_prefix_path')
[17.094s] [34mcolcon.colcon_core.shell[0m [1;30mINFO[0m Creating environment hook '/home/kkkk/bxi_arm_v2/install/bxi_example/share/bxi_example/hook/cmake_prefix_path.ps1'
[17.094s] [34mcolcon.colcon_core.shell[0m [1;30mINFO[0m Creating environment descriptor '/home/kkkk/bxi_arm_v2/install/bxi_example/share/bxi_example/hook/cmake_prefix_path.dsv'
[17.094s] [34mcolcon.colcon_core.shell[0m [1;30mINFO[0m Creating environment hook '/home/kkkk/bxi_arm_v2/install/bxi_example/share/bxi_example/hook/cmake_prefix_path.sh'
[17.094s] [34mcolcon.colcon_core.environment[0m [1;30mLevel 1[0m checking '/home/kkkk/bxi_arm_v2/install/bxi_example/lib'
[17.095s] [34mcolcon.colcon_core.environment[0m [1;30mLevel 1[0m checking '/home/kkkk/bxi_arm_v2/install/bxi_example/bin'
[17.095s] [34mcolcon.colcon_core.environment[0m [1;30mLevel 1[0m checking '/home/kkkk/bxi_arm_v2/install/bxi_example/lib/pkgconfig/bxi_example.pc'
[17.095s] [34mcolcon.colcon_core.environment[0m [1;30mLevel 1[0m checking '/home/kkkk/bxi_arm_v2/install/bxi_example/lib/python3.10/site-packages'
[17.095s] [34mcolcon.colcon_core.environment[0m [1;30mLevel 1[0m checking '/home/kkkk/bxi_arm_v2/install/bxi_example/bin'
[17.095s] [34mcolcon.colcon_core.shell[0m [1;30mINFO[0m Creating package script '/home/kkkk/bxi_arm_v2/install/bxi_example/share/bxi_example/package.ps1'
[17.095s] [34mcolcon.colcon_core.shell[0m [1;30mINFO[0m Creating package descriptor '/home/kkkk/bxi_arm_v2/install/bxi_example/share/bxi_example/package.dsv'
[17.096s] [34mcolcon.colcon_core.shell[0m [1;30mINFO[0m Creating package script '/home/kkkk/bxi_arm_v2/install/bxi_example/share/bxi_example/package.sh'
[17.096s] [34mcolcon.colcon_core.shell[0m [1;30mINFO[0m Creating package script '/home/kkkk/bxi_arm_v2/install/bxi_example/share/bxi_example/package.bash'
[17.097s] [34mcolcon.colcon_core.shell[0m [1;30mINFO[0m Creating package script '/home/kkkk/bxi_arm_v2/install/bxi_example/share/bxi_example/package.zsh'
[17.097s] [34mcolcon.colcon_core.environment[0m [1;30mLevel 1[0m create_file_with_runtime_dependencies(/home/kkkk/bxi_arm_v2/install/bxi_example/share/colcon-core/packages/bxi_example)
[17.097s] [34mcolcon.colcon_core.environment[0m [1;30mLevel 1[0m create_environment_scripts_only(bxi_example)
[17.097s] [34mcolcon.colcon_core.environment[0m [1;30mLevel 1[0m checking '/home/kkkk/bxi_arm_v2/install/bxi_example' for CMake module files
[17.097s] [34mcolcon.colcon_core.environment[0m [1;30mLevel 1[0m checking '/home/kkkk/bxi_arm_v2/install/bxi_example' for CMake config files
[17.098s] [34mcolcon.colcon_core.shell[0m [1;30mLevel 1[0m create_environment_hook('bxi_example', 'cmake_prefix_path')
[17.098s] [34mcolcon.colcon_core.shell[0m [1;30mINFO[0m Creating environment hook '/home/kkkk/bxi_arm_v2/install/bxi_example/share/bxi_example/hook/cmake_prefix_path.ps1'
[17.098s] [34mcolcon.colcon_core.shell[0m [1;30mINFO[0m Creating environment descriptor '/home/kkkk/bxi_arm_v2/install/bxi_example/share/bxi_example/hook/cmake_prefix_path.dsv'
[17.098s] [34mcolcon.colcon_core.shell[0m [1;30mINFO[0m Creating environment hook '/home/kkkk/bxi_arm_v2/install/bxi_example/share/bxi_example/hook/cmake_prefix_path.sh'
[17.098s] [34mcolcon.colcon_core.environment[0m [1;30mLevel 1[0m checking '/home/kkkk/bxi_arm_v2/install/bxi_example/lib'
[17.098s] [34mcolcon.colcon_core.environment[0m [1;30mLevel 1[0m checking '/home/kkkk/bxi_arm_v2/install/bxi_example/bin'
[17.098s] [34mcolcon.colcon_core.environment[0m [1;30mLevel 1[0m checking '/home/kkkk/bxi_arm_v2/install/bxi_example/lib/pkgconfig/bxi_example.pc'
[17.098s] [34mcolcon.colcon_core.environment[0m [1;30mLevel 1[0m checking '/home/kkkk/bxi_arm_v2/install/bxi_example/lib/python3.10/site-packages'
[17.099s] [34mcolcon.colcon_core.environment[0m [1;30mLevel 1[0m checking '/home/kkkk/bxi_arm_v2/install/bxi_example/bin'
[17.099s] [34mcolcon.colcon_core.shell[0m [1;30mINFO[0m Creating package script '/home/kkkk/bxi_arm_v2/install/bxi_example/share/bxi_example/package.ps1'
[17.099s] [34mcolcon.colcon_core.shell[0m [1;30mINFO[0m Creating package descriptor '/home/kkkk/bxi_arm_v2/install/bxi_example/share/bxi_example/package.dsv'
[17.099s] [34mcolcon.colcon_core.shell[0m [1;30mINFO[0m Creating package script '/home/kkkk/bxi_arm_v2/install/bxi_example/share/bxi_example/package.sh'
[17.099s] [34mcolcon.colcon_core.shell[0m [1;30mINFO[0m Creating package script '/home/kkkk/bxi_arm_v2/install/bxi_example/share/bxi_example/package.bash'
[17.100s] [34mcolcon.colcon_core.shell[0m [1;30mINFO[0m Creating package script '/home/kkkk/bxi_arm_v2/install/bxi_example/share/bxi_example/package.zsh'
[17.100s] [34mcolcon.colcon_core.environment[0m [1;30mLevel 1[0m create_file_with_runtime_dependencies(/home/kkkk/bxi_arm_v2/install/bxi_example/share/colcon-core/packages/bxi_example)
[17.100s] [34mcolcon.colcon_core.environment[0m [1;30mLevel 1[0m create_environment_scripts_only(bxi_example_arm)
[17.100s] [34mcolcon.colcon_core.environment[0m [1;30mLevel 1[0m checking '/home/kkkk/bxi_arm_v2/install/bxi_example_arm' for CMake module files
[17.101s] [34mcolcon.colcon_core.event_handler.log_command[0m [1;30mDEBUG[0m [32mInvoked command in '/home/kkkk/bxi_arm_v2/build/bxi_example_arm' returned '0': CMAKE_PREFIX_PATH=${CMAKE_PREFIX_PATH}:/home/kkkk/moveit2/install/moveit_configs_utils:/home/kkkk/moveit2/install/launch_param_builder:/opt/ros/humble CONDA_PROMPT_MODIFIER=(ikpy) /usr/bin/cmake --install /home/kkkk/bxi_arm_v2/build/bxi_example_arm[0m
[17.101s] [34mcolcon.colcon_core.environment[0m [1;30mLevel 1[0m checking '/home/kkkk/bxi_arm_v2/install/bxi_example_arm' for CMake config files
[17.101s] [34mcolcon.colcon_core.shell[0m [1;30mLevel 1[0m create_environment_hook('bxi_example_arm', 'cmake_prefix_path')
[17.101s] [34mcolcon.colcon_core.shell[0m [1;30mINFO[0m Creating environment hook '/home/kkkk/bxi_arm_v2/install/bxi_example_arm/share/bxi_example_arm/hook/cmake_prefix_path.ps1'
[17.101s] [34mcolcon.colcon_core.shell[0m [1;30mINFO[0m Creating environment descriptor '/home/kkkk/bxi_arm_v2/install/bxi_example_arm/share/bxi_example_arm/hook/cmake_prefix_path.dsv'
[17.101s] [34mcolcon.colcon_core.shell[0m [1;30mINFO[0m Creating environment hook '/home/kkkk/bxi_arm_v2/install/bxi_example_arm/share/bxi_example_arm/hook/cmake_prefix_path.sh'
[17.101s] [34mcolcon.colcon_core.environment[0m [1;30mLevel 1[0m checking '/home/kkkk/bxi_arm_v2/install/bxi_example_arm/lib'
[17.101s] [34mcolcon.colcon_core.environment[0m [1;30mLevel 1[0m checking '/home/kkkk/bxi_arm_v2/install/bxi_example_arm/bin'
[17.102s] [34mcolcon.colcon_core.environment[0m [1;30mLevel 1[0m checking '/home/kkkk/bxi_arm_v2/install/bxi_example_arm/lib/pkgconfig/bxi_example_arm.pc'
[17.102s] [34mcolcon.colcon_core.environment[0m [1;30mLevel 1[0m checking '/home/kkkk/bxi_arm_v2/install/bxi_example_arm/lib/python3.10/site-packages'
[17.102s] [34mcolcon.colcon_core.environment[0m [1;30mLevel 1[0m checking '/home/kkkk/bxi_arm_v2/install/bxi_example_arm/bin'
[17.102s] [34mcolcon.colcon_core.shell[0m [1;30mINFO[0m Creating package script '/home/kkkk/bxi_arm_v2/install/bxi_example_arm/share/bxi_example_arm/package.ps1'
[17.102s] [34mcolcon.colcon_core.shell[0m [1;30mINFO[0m Creating package descriptor '/home/kkkk/bxi_arm_v2/install/bxi_example_arm/share/bxi_example_arm/package.dsv'
[17.102s] [34mcolcon.colcon_core.shell[0m [1;30mINFO[0m Creating package script '/home/kkkk/bxi_arm_v2/install/bxi_example_arm/share/bxi_example_arm/package.sh'
[17.103s] [34mcolcon.colcon_core.shell[0m [1;30mINFO[0m Creating package script '/home/kkkk/bxi_arm_v2/install/bxi_example_arm/share/bxi_example_arm/package.bash'
[17.103s] [34mcolcon.colcon_core.shell[0m [1;30mINFO[0m Creating package script '/home/kkkk/bxi_arm_v2/install/bxi_example_arm/share/bxi_example_arm/package.zsh'
[17.103s] [34mcolcon.colcon_core.environment[0m [1;30mLevel 1[0m create_file_with_runtime_dependencies(/home/kkkk/bxi_arm_v2/install/bxi_example_arm/share/colcon-core/packages/bxi_example_arm)
[17.103s] [34mcolcon.colcon_core.environment[0m [1;30mLevel 1[0m create_environment_scripts_only(bxi_example_arm)
[17.103s] [34mcolcon.colcon_core.environment[0m [1;30mLevel 1[0m checking '/home/kkkk/bxi_arm_v2/install/bxi_example_arm' for CMake module files
[17.103s] [34mcolcon.colcon_core.environment[0m [1;30mLevel 1[0m checking '/home/kkkk/bxi_arm_v2/install/bxi_example_arm' for CMake config files
[17.103s] [34mcolcon.colcon_core.shell[0m [1;30mLevel 1[0m create_environment_hook('bxi_example_arm', 'cmake_prefix_path')
[17.103s] [34mcolcon.colcon_core.shell[0m [1;30mINFO[0m Creating environment hook '/home/kkkk/bxi_arm_v2/install/bxi_example_arm/share/bxi_example_arm/hook/cmake_prefix_path.ps1'
[17.104s] [34mcolcon.colcon_core.shell[0m [1;30mINFO[0m Creating environment descriptor '/home/kkkk/bxi_arm_v2/install/bxi_example_arm/share/bxi_example_arm/hook/cmake_prefix_path.dsv'
[17.104s] [34mcolcon.colcon_core.shell[0m [1;30mINFO[0m Creating environment hook '/home/kkkk/bxi_arm_v2/install/bxi_example_arm/share/bxi_example_arm/hook/cmake_prefix_path.sh'
[17.104s] [34mcolcon.colcon_core.environment[0m [1;30mLevel 1[0m checking '/home/kkkk/bxi_arm_v2/install/bxi_example_arm/lib'
[17.104s] [34mcolcon.colcon_core.environment[0m [1;30mLevel 1[0m checking '/home/kkkk/bxi_arm_v2/install/bxi_example_arm/bin'
[17.104s] [34mcolcon.colcon_core.environment[0m [1;30mLevel 1[0m checking '/home/kkkk/bxi_arm_v2/install/bxi_example_arm/lib/pkgconfig/bxi_example_arm.pc'
[17.104s] [34mcolcon.colcon_core.environment[0m [1;30mLevel 1[0m checking '/home/kkkk/bxi_arm_v2/install/bxi_example_arm/lib/python3.10/site-packages'
[17.104s] [34mcolcon.colcon_core.environment[0m [1;30mLevel 1[0m checking '/home/kkkk/bxi_arm_v2/install/bxi_example_arm/bin'
[17.105s] [34mcolcon.colcon_core.shell[0m [1;30mINFO[0m Creating package script '/home/kkkk/bxi_arm_v2/install/bxi_example_arm/share/bxi_example_arm/package.ps1'
[17.105s] [34mcolcon.colcon_core.shell[0m [1;30mINFO[0m Creating package descriptor '/home/kkkk/bxi_arm_v2/install/bxi_example_arm/share/bxi_example_arm/package.dsv'
[17.105s] [34mcolcon.colcon_core.shell[0m [1;30mINFO[0m Creating package script '/home/kkkk/bxi_arm_v2/install/bxi_example_arm/share/bxi_example_arm/package.sh'
[17.105s] [34mcolcon.colcon_core.shell[0m [1;30mINFO[0m Creating package script '/home/kkkk/bxi_arm_v2/install/bxi_example_arm/share/bxi_example_arm/package.bash'
[17.105s] [34mcolcon.colcon_core.shell[0m [1;30mINFO[0m Creating package script '/home/kkkk/bxi_arm_v2/install/bxi_example_arm/share/bxi_example_arm/package.zsh'
[17.106s] [34mcolcon.colcon_core.environment[0m [1;30mLevel 1[0m create_file_with_runtime_dependencies(/home/kkkk/bxi_arm_v2/install/bxi_example_arm/share/colcon-core/packages/bxi_example_arm)
[17.106s] [34mcolcon.colcon_parallel_executor.executor.parallel[0m [1;30mDEBUG[0m [32mclosing loop[0m
[17.106s] [34mcolcon.colcon_parallel_executor.executor.parallel[0m [1;30mDEBUG[0m [32mloop closed[0m
[17.106s] [34mcolcon.colcon_parallel_executor.executor.parallel[0m [1;30mDEBUG[0m [32mrun_until_complete finished with '0'[0m
[17.106s] [34mcolcon.colcon_core.event_reactor[0m [1;30mDEBUG[0m [32mjoining thread[0m
[17.108s] [34mcolcon.colcon_core.plugin_system[0m [1;30mINFO[0m Skipping extension 'colcon_notification.desktop_notification.notify2': 'notify2' not found
[17.108s] [34mcolcon.colcon_core.plugin_system[0m [1;30mINFO[0m Skipping extension 'colcon_notification.desktop_notification.terminal_notifier': Not used on non-Darwin systems
[17.108s] [34mcolcon.colcon_core.plugin_system[0m [1;30mINFO[0m Skipping extension 'colcon_notification.desktop_notification.win32': Not used on non-Windows systems
[17.108s] [34mcolcon.colcon_notification.desktop_notification[0m [1;30mINFO[0m Sending desktop notification using 'notify_send'
[17.118s] [34mcolcon.colcon_core.event_reactor[0m [1;30mDEBUG[0m [32mjoined thread[0m
[17.118s] [34mcolcon.colcon_core.shell[0m [1;30mINFO[0m Creating prefix script '/home/kkkk/bxi_arm_v2/install/local_setup.ps1'
[17.119s] [34mcolcon.colcon_core.shell[0m [1;30mINFO[0m Creating prefix util module '/home/kkkk/bxi_arm_v2/install/_local_setup_util_ps1.py'
[17.120s] [34mcolcon.colcon_core.shell[0m [1;30mINFO[0m Creating prefix chain script '/home/kkkk/bxi_arm_v2/install/setup.ps1'
[17.121s] [34mcolcon.colcon_core.shell[0m [1;30mINFO[0m Creating prefix script '/home/kkkk/bxi_arm_v2/install/local_setup.sh'
[17.121s] [34mcolcon.colcon_core.shell[0m [1;30mINFO[0m Creating prefix util module '/home/kkkk/bxi_arm_v2/install/_local_setup_util_sh.py'
[17.121s] [34mcolcon.colcon_core.shell[0m [1;30mINFO[0m Creating prefix chain script '/home/kkkk/bxi_arm_v2/install/setup.sh'
[17.123s] [34mcolcon.colcon_core.shell[0m [1;30mINFO[0m Creating prefix script '/home/kkkk/bxi_arm_v2/install/local_setup.bash'
[17.123s] [34mcolcon.colcon_core.shell[0m [1;30mINFO[0m Creating prefix chain script '/home/kkkk/bxi_arm_v2/install/setup.bash'
[17.124s] [34mcolcon.colcon_core.shell[0m [1;30mINFO[0m Creating prefix script '/home/kkkk/bxi_arm_v2/install/local_setup.zsh'
[17.125s] [34mcolcon.colcon_core.shell[0m [1;30mINFO[0m Creating prefix chain script '/home/kkkk/bxi_arm_v2/install/setup.zsh'
